date,instrument_id,field,value
2024-01-02,EURUSD,px,1.104245214074457
2024-01-02,GOLD,px,1497.400748335375
2024-01-02,HYG,px,84.80332560360395
2024-01-02,LQD,px,120.32647124125997
2024-01-02,MKT_US,px,318.4196748357239
2024-01-02,OIL,px,60.67811871414649
2024-01-02,QQQ,px,219.52618100551095
2024-01-02,RATES_US10Y,yield,0.017804606202594546
2024-01-02,SPY,px,319.6221240586596
2024-01-02,TBILL3M_YIELD,yield,0.01206760362480831
2024-01-02,US10Y_YIELD,yield,0.019400664079392227
2024-01-02,US2Y_YIELD,yield,0.015705227772947566
2024-01-02,US30Y_YIELD,yield,0.02352761680050106
2024-01-02,USD,px,100.05763731522812
2024-01-02,USDJPY,px,110.22936531130966
2024-01-02,VIX,px,18.238651099318812
2024-01-02,VOL,px,18.29209403923291
2024-01-03,EURUSD,px,1.1105572080685129
2024-01-03,GOLD,px,1498.0494905177763
2024-01-03,HYG,px,85.1147056995902
2024-01-03,LQD,px,120.2769060452487
2024-01-03,MKT_US,px,316.8910420367685
2024-01-03,OIL,px,60.7879333130477
2024-01-03,QQQ,px,219.6707223243193
2024-01-03,RATES_US10Y,yield,0.018381614879278352
2024-01-03,SPY,px,319.4726966843433
2024-01-03,TBILL3M_YIELD,yield,0.013364605833685865
2024-01-03,US10Y_YIELD,yield,0.021319336381656423
2024-01-03,US2Y_YIELD,yield,0.017452644675806376
2024-01-03,US30Y_YIELD,yield,0.025589866023425566
2024-01-03,USD,px,99.66813123355311
2024-01-03,USDJPY,px,110.14552452357161
2024-01-03,VIX,px,18.543598597189163
2024-01-03,VOL,px,18.45360875057797
2024-01-04,EURUSD,px,1.1148838791953488
2024-01-04,GOLD,px,1479.5971717639047
2024-01-04,HYG,px,85.49540120515454
2024-01-04,LQD,px,120.55589590250905
2024-01-04,MKT_US,px,315.8933576914637
2024-01-04,OIL,px,60.97548538316132
2024-01-04,QQQ,px,219.4236424838686
2024-01-04,RATES_US10Y,yield,0.017857417845812837
2024-01-04,SPY,px,318.30812526926445
2024-01-04,TBILL3M_YIELD,yield,0.012870829802270426
2024-01-04,US10Y_YIELD,yield,0.020539775057320856
2024-01-04,US2Y_YIELD,yield,0.016602592858661266
2024-01-04,US30Y_YIELD,yield,0.02466041115285155
2024-01-04,USD,px,100.04599951848346
2024-01-04,USDJPY,px,110.11850134085529
2024-01-04,VIX,px,18.504238647882676
2024-01-04,VOL,px,18.317768640679123
2024-01-05,EURUSD,px,1.114585171916122
2024-01-05,GOLD,px,1506.4477764180403
2024-01-05,HYG,px,85.6373116898906
2024-01-05,LQD,px,120.37150838158492
2024-01-05,MKT_US,px,313.7863073898462
2024-01-05,OIL,px,60.68352488637478
2024-01-05,QQQ,px,216.66894291664073
2024-01-05,RATES_US10Y,yield,0.01722383805830919
2024-01-05,SPY,px,314.79622094056856
2024-01-05,TBILL3M_YIELD,yield,0.01316967029440244
2024-01-05,US10Y_YIELD,yield,0.022636719200509085
2024-01-05,US2Y_YIELD,yield,0.01835018431614069
2024-01-05,US30Y_YIELD,yield,0.027482194079965144
2024-01-05,USD,px,99.72261624915352
2024-01-05,USDJPY,px,110.29194369378808
2024-01-05,VIX,px,19.07260925420492
2024-01-05,VOL,px,18.918089476517974
2024-01-08,EURUSD,px,1.1133240616235167
2024-01-08,GOLD,px,1496.5821704360458
2024-01-08,HYG,px,85.8102829168288
2024-01-08,LQD,px,119.80724721357552
2024-01-08,MKT_US,px,312.45179722924047
2024-01-08,OIL,px,59.87878179211649
2024-01-08,QQQ,px,216.36704789215452
2024-01-08,RATES_US10Y,yield,0.01690835917377461
2024-01-08,SPY,px,314.19754554957007
2024-01-08,TBILL3M_YIELD,yield,0.012757084770597029
2024-01-08,US10Y_YIELD,yield,0.021760233893617573
2024-01-08,US2Y_YIELD,yield,0.017863110063769054
2024-01-08,US30Y_YIELD,yield,0.026853153179817596
2024-01-08,USD,px,99.785717868043
2024-01-08,USDJPY,px,110.4474145377578
2024-01-08,VIX,px,19.071419562879818
2024-01-08,VOL,px,18.784252785470464
2024-01-09,EURUSD,px,1.1146921459991501
2024-01-09,GOLD,px,1473.2922327091344
2024-01-09,HYG,px,86.46343525171905
2024-01-09,LQD,px,119.24929631801646
2024-01-09,MKT_US,px,314.13214588302066
2024-01-09,OIL,px,61.548201379263546
2024-01-09,QQQ,px,215.29419513898213
2024-01-09,RATES_US10Y,yield,0.01594905918508195
2024-01-09,SPY,px,313.54458682152574
2024-01-09,TBILL3M_YIELD,yield,0.010724766772995144
2024-01-09,US10Y_YIELD,yield,0.018393965459777537
2024-01-09,US2Y_YIELD,yield,0.015087819567436225
2024-01-09,US30Y_YIELD,yield,0.0231413209618489
2024-01-09,USD,px,99.45745629673614
2024-01-09,USDJPY,px,110.19126069745491
2024-01-09,VIX,px,18.687208391133968
2024-01-09,VOL,px,18.34948045125153
2024-01-10,EURUSD,px,1.1179626549118706
2024-01-10,GOLD,px,1482.8283632260022
2024-01-10,HYG,px,86.61761382519285
2024-01-10,LQD,px,119.1076364130179
2024-01-10,MKT_US,px,312.64314433823597
2024-01-10,OIL,px,61.69659957485952
2024-01-10,QQQ,px,214.39990836021545
2024-01-10,RATES_US10Y,yield,0.01625201994993311
2024-01-10,SPY,px,312.2609424706381
2024-01-10,TBILL3M_YIELD,yield,0.011345390343934763
2024-01-10,US10Y_YIELD,yield,0.02116853926671487
2024-01-10,US2Y_YIELD,yield,0.017357005894204934
2024-01-10,US30Y_YIELD,yield,0.02639344459312566
2024-01-10,USD,px,99.12048229004614
2024-01-10,USDJPY,px,109.84848270977363
2024-01-10,VIX,px,19.080566866639504
2024-01-10,VOL,px,18.781593079081716
2024-01-11,EURUSD,px,1.1223149684597153
2024-01-11,GOLD,px,1481.2594312393396
2024-01-11,HYG,px,86.87306475605364
2024-01-11,LQD,px,118.47634132654487
2024-01-11,MKT_US,px,315.3269460344375
2024-01-11,OIL,px,61.2299873110842
2024-01-11,QQQ,px,217.24239391534255
2024-01-11,RATES_US10Y,yield,0.018139811554062538
2024-01-11,SPY,px,316.6607082401507
2024-01-11,TBILL3M_YIELD,yield,0.014061335635355044
2024-01-11,US10Y_YIELD,yield,0.024422504508289842
2024-01-11,US2Y_YIELD,yield,0.020424971934726054
2024-01-11,US30Y_YIELD,yield,0.029192731919593207
2024-01-11,USD,px,98.93120679950307
2024-01-11,USDJPY,px,109.29401470467263
2024-01-11,VIX,px,19.243879376920244
2024-01-11,VOL,px,18.896977714394666
2024-01-12,EURUSD,px,1.1239441483815513
2024-01-12,GOLD,px,1505.880050564289
2024-01-12,HYG,px,85.82759387163708
2024-01-12,LQD,px,118.30901890291317
2024-01-12,MKT_US,px,312.25442994044806
2024-01-12,OIL,px,61.04320980031212
2024-01-12,QQQ,px,213.01875664346088
2024-01-12,RATES_US10Y,yield,0.019060392894359977
2024-01-12,SPY,px,312.0112214589242
2024-01-12,TBILL3M_YIELD,yield,0.01691512502124919
2024-01-12,US10Y_YIELD,yield,0.02977727085299115
2024-01-12,US2Y_YIELD,yield,0.025307736183073838
2024-01-12,US30Y_YIELD,yield,0.03557258961134191
2024-01-12,USD,px,99.73280300203477
2024-01-12,USDJPY,px,109.30656018209281
2024-01-12,VIX,px,20.339887636214378
2024-01-12,VOL,px,19.757221459156334
2024-01-15,EURUSD,px,1.1224806566616297
2024-01-15,GOLD,px,1498.9351183667432
2024-01-15,HYG,px,86.0921998012217
2024-01-15,LQD,px,119.12337244385317
2024-01-15,MKT_US,px,311.4090070476489
2024-01-15,OIL,px,61.790780907502345
2024-01-15,QQQ,px,212.39282463549125
2024-01-15,RATES_US10Y,yield,0.01829934273362872
2024-01-15,SPY,px,313.2120516748876
2024-01-15,TBILL3M_YIELD,yield,0.015127296292612447
2024-01-15,US10Y_YIELD,yield,0.02715693545609371
2024-01-15,US2Y_YIELD,yield,0.02330684515250543
2024-01-15,US30Y_YIELD,yield,0.0325621641815964
2024-01-15,USD,px,99.52474180269023
2024-01-15,USDJPY,px,108.6746663490743
2024-01-15,VIX,px,20.142047128311695
2024-01-15,VOL,px,19.4788807561663
2024-01-16,EURUSD,px,1.1179255814581501
2024-01-16,GOLD,px,1495.1243000889538
2024-01-16,HYG,px,86.58493643467608
2024-01-16,LQD,px,119.28630685892675
2024-01-16,MKT_US,px,313.16320943209416
2024-01-16,OIL,px,62.18252716719243
2024-01-16,QQQ,px,213.3265584673887
2024-01-16,RATES_US10Y,yield,0.017618180503834756
2024-01-16,SPY,px,315.8855968204222
2024-01-16,TBILL3M_YIELD,yield,0.014043466191305724
2024-01-16,US10Y_YIELD,yield,0.026264143899382107
2024-01-16,US2Y_YIELD,yield,0.022470041031798716
2024-01-16,US30Y_YIELD,yield,0.032060804447291064
2024-01-16,USD,px,99.83341629108894
2024-01-16,USDJPY,px,108.69144771555355
2024-01-16,VIX,px,20.098648520233972
2024-01-16,VOL,px,19.47045590849815
2024-01-17,EURUSD,px,1.117277775244786
2024-01-17,GOLD,px,1501.9008992824276
2024-01-17,HYG,px,86.66058560920531
2024-01-17,LQD,px,119.271271436441
2024-01-17,MKT_US,px,311.9467138828456
2024-01-17,OIL,px,62.24133596100332
2024-01-17,QQQ,px,212.6997024673339
2024-01-17,RATES_US10Y,yield,0.01739385717106845
2024-01-17,SPY,px,315.66907802832094
2024-01-17,TBILL3M_YIELD,yield,0.013956940155726932
2024-01-17,US10Y_YIELD,yield,0.02790174685794586
2024-01-17,US2Y_YIELD,yield,0.02369299922187742
2024-01-17,US30Y_YIELD,yield,0.03422896748515242
2024-01-17,USD,px,99.8658861762184
2024-01-17,USDJPY,px,108.23859225634222
2024-01-17,VIX,px,20.388261710478602
2024-01-17,VOL,px,19.860901662091198
2024-01-18,EURUSD,px,1.1172824604618574
2024-01-18,GOLD,px,1513.0381658999327
2024-01-18,HYG,px,86.57243042641596
2024-01-18,LQD,px,119.24786240711934
2024-01-18,MKT_US,px,311.3168638574341
2024-01-18,OIL,px,62.020402395376514
2024-01-18,QQQ,px,213.4154175694513
2024-01-18,RATES_US10Y,yield,0.017997355216591304
2024-01-18,SPY,px,317.05658149222137
2024-01-18,TBILL3M_YIELD,yield,0.0151331872690934
2024-01-18,US10Y_YIELD,yield,0.028176556693795658
2024-01-18,US2Y_YIELD,yield,0.024114797534776668
2024-01-18,US30Y_YIELD,yield,0.034186421442876626
2024-01-18,USD,px,99.66423155220097
2024-01-18,USDJPY,px,107.81977963858735
2024-01-18,VIX,px,20.342793433459466
2024-01-18,VOL,px,19.761929636393013
2024-01-19,EURUSD,px,1.1157771200810396
2024-01-19,GOLD,px,1500.4487019029837
2024-01-19,HYG,px,86.83215463684199
2024-01-19,LQD,px,119.94853982232593
2024-01-19,MKT_US,px,310.01870563445254
2024-01-19,OIL,px,62.09263457382981
2024-01-19,QQQ,px,213.63963693752592
2024-01-19,RATES_US10Y,yield,0.017349065800032128
2024-01-19,SPY,px,316.33845487749716
2024-01-19,TBILL3M_YIELD,yield,0.013349839340955846
2024-01-19,US10Y_YIELD,yield,0.024413515360287838
2024-01-19,US2Y_YIELD,yield,0.02106633829837723
2024-01-19,US30Y_YIELD,yield,0.029927529569956438
2024-01-19,USD,px,99.83046162797898
2024-01-19,USDJPY,px,107.75280727333295
2024-01-19,VIX,px,19.942650562058283
2024-01-19,VOL,px,19.28861751698899
2024-01-22,EURUSD,px,1.1146493401067026
2024-01-22,GOLD,px,1517.2071642676449
2024-01-22,HYG,px,87.16943380441734
2024-01-22,LQD,px,119.90583303205128
2024-01-22,MKT_US,px,311.33336717439056
2024-01-22,OIL,px,60.69833560884975
2024-01-22,QQQ,px,215.76793681476536
2024-01-22,RATES_US10Y,yield,0.016694965073878142
2024-01-22,SPY,px,316.4762627067682
2024-01-22,TBILL3M_YIELD,yield,0.011912257018478131
2024-01-22,US10Y_YIELD,yield,0.0217730640953194
2024-01-22,US2Y_YIELD,yield,0.019367130679807002
2024-01-22,US30Y_YIELD,yield,0.027185455358935837
2024-01-22,USD,px,99.60977595966965
2024-01-22,USDJPY,px,106.94764585620803
2024-01-22,VIX,px,19.619308501029785
2024-01-22,VOL,px,18.951347647003605
2024-01-23,EURUSD,px,1.1246522256860045
2024-01-23,GOLD,px,1522.7060547828592
2024-01-23,HYG,px,87.46597658472864
2024-01-23,LQD,px,120.12777810792879
2024-01-23,MKT_US,px,312.30006459145386
2024-01-23,OIL,px,59.936091824199465
2024-01-23,QQQ,px,217.81605098706638
2024-01-23,RATES_US10Y,yield,0.01729695019686401
2024-01-23,SPY,px,317.65787927467034
2024-01-23,TBILL3M_YIELD,yield,0.013027152218299436
2024-01-23,US10Y_YIELD,yield,0.022856452244801952
2024-01-23,US2Y_YIELD,yield,0.020147398312662455
2024-01-23,US30Y_YIELD,yield,0.028202615200035967
2024-01-23,USD,px,99.47144378738705
2024-01-23,USDJPY,px,107.00098399536981
2024-01-23,VIX,px,19.722346809789745
2024-01-23,VOL,px,19.04192595900372
2024-01-24,EURUSD,px,1.1306201606302333
2024-01-24,GOLD,px,1524.9944099427562
2024-01-24,HYG,px,87.14775304035167
2024-01-24,LQD,px,119.90451142964476
2024-01-24,MKT_US,px,306.6728073967017
2024-01-24,OIL,px,60.37028667251804
2024-01-24,QQQ,px,215.41163554184973
2024-01-24,RATES_US10Y,yield,0.017880316252025488
2024-01-24,SPY,px,313.1800024509978
2024-01-24,TBILL3M_YIELD,yield,0.014362750103757246
2024-01-24,US10Y_YIELD,yield,0.023521418723539488
2024-01-24,US2Y_YIELD,yield,0.021220471517587828
2024-01-24,US30Y_YIELD,yield,0.02906460268710144
2024-01-24,USD,px,100.07741756676023
2024-01-24,USDJPY,px,107.60090351792175
2024-01-24,VIX,px,19.879614700033017
2024-01-24,VOL,px,19.194956024403197
2024-01-25,EURUSD,px,1.1422051384804086
2024-01-25,GOLD,px,1528.3042951934738
2024-01-25,HYG,px,86.97917998793513
2024-01-25,LQD,px,119.86666116953717
2024-01-25,MKT_US,px,306.11186559116555
2024-01-25,OIL,px,59.75903984766345
2024-01-25,QQQ,px,215.44424439945973
2024-01-25,RATES_US10Y,yield,0.01797120242420976
2024-01-25,SPY,px,312.79672690093304
2024-01-25,TBILL3M_YIELD,yield,0.014014255726788546
2024-01-25,US10Y_YIELD,yield,0.023011297475179493
2024-01-25,US2Y_YIELD,yield,0.02057167760303539
2024-01-25,US30Y_YIELD,yield,0.028490045459419723
2024-01-25,USD,px,99.66414884150234
2024-01-25,USDJPY,px,107.40362547752372
2024-01-25,VIX,px,19.92691715983808
2024-01-25,VOL,px,19.16074524321545
2024-01-26,EURUSD,px,1.1403787188977137
2024-01-26,GOLD,px,1530.2450609127466
2024-01-26,HYG,px,86.49057669353856
2024-01-26,LQD,px,120.44563167254833
2024-01-26,MKT_US,px,300.1273297477059
2024-01-26,OIL,px,60.096951176751475
2024-01-26,QQQ,px,211.35453771828676
2024-01-26,RATES_US10Y,yield,0.017289774722804505
2024-01-26,SPY,px,306.91311037237205
2024-01-26,TBILL3M_YIELD,yield,0.013640817834541822
2024-01-26,US10Y_YIELD,yield,0.023420296365504096
2024-01-26,US2Y_YIELD,yield,0.021144067591255478
2024-01-26,US30Y_YIELD,yield,0.029150397216226438
2024-01-26,USD,px,99.18986634504449
2024-01-26,USDJPY,px,107.13016129442553
2024-01-26,VIX,px,20.48374036045709
2024-01-26,VOL,px,19.506990103437136
2024-01-29,EURUSD,px,1.1375754430971876
2024-01-29,GOLD,px,1524.3302702152012
2024-01-29,HYG,px,85.03476523959145
2024-01-29,LQD,px,120.1879174470515
2024-01-29,MKT_US,px,295.61165525157213
2024-01-29,OIL,px,61.25612219517708
2024-01-29,QQQ,px,207.5935867812843
2024-01-29,RATES_US10Y,yield,0.016124524248563355
2024-01-29,SPY,px,303.32359665037006
2024-01-29,TBILL3M_YIELD,yield,0.012653432778168756
2024-01-29,US10Y_YIELD,yield,0.024043290670300255
2024-01-29,US2Y_YIELD,yield,0.02161087403446789
2024-01-29,US30Y_YIELD,yield,0.029794790812592682
2024-01-29,USD,px,99.34011228255173
2024-01-29,USDJPY,px,107.69179741310575
2024-01-29,VIX,px,20.86996808252004
2024-01-29,VOL,px,19.749157191351273
2024-01-30,EURUSD,px,1.140938701686435
2024-01-30,GOLD,px,1540.8083463649048
2024-01-30,HYG,px,84.79632726560482
2024-01-30,LQD,px,119.95457340159895
2024-01-30,MKT_US,px,290.360314639966
2024-01-30,OIL,px,61.835376378320795
2024-01-30,QQQ,px,204.07799767207447
2024-01-30,RATES_US10Y,yield,0.015779439502459476
2024-01-30,SPY,px,299.33079862361757
2024-01-30,TBILL3M_YIELD,yield,0.012089383290906053
2024-01-30,US10Y_YIELD,yield,0.023510340965086838
2024-01-30,US2Y_YIELD,yield,0.021192827984544
2024-01-30,US30Y_YIELD,yield,0.02918493214484507
2024-01-30,USD,px,99.30128091514909
2024-01-30,USDJPY,px,107.80386372435959
2024-01-30,VIX,px,20.99978275309886
2024-01-30,VOL,px,19.913977598381493
2024-01-31,EURUSD,px,1.1429712285855487
2024-01-31,GOLD,px,1520.6646025710738
2024-01-31,HYG,px,84.67088563738423
2024-01-31,LQD,px,120.4988398068534
2024-01-31,MKT_US,px,287.778664288652
2024-01-31,OIL,px,61.6162868128484
2024-01-31,QQQ,px,203.86315841001908
2024-01-31,RATES_US10Y,yield,0.014119124061644582
2024-01-31,SPY,px,296.06431413410485
2024-01-31,TBILL3M_YIELD,yield,0.00967741355322204
2024-01-31,US10Y_YIELD,yield,0.021528840258125792
2024-01-31,US2Y_YIELD,yield,0.01876371857358925
2024-01-31,US30Y_YIELD,yield,0.02798390651924584
2024-01-31,USD,px,98.47567217007037
2024-01-31,USDJPY,px,107.66010166999662
2024-01-31,VIX,px,20.981247113378686
2024-01-31,VOL,px,19.918397776678038
2024-02-01,EURUSD,px,1.144825949258367
2024-02-01,GOLD,px,1538.2338438984261
2024-02-01,HYG,px,84.39299449839395
2024-02-01,LQD,px,120.38517175676736
2024-02-01,MKT_US,px,286.55871711857196
2024-02-01,OIL,px,63.34308497333667
2024-02-01,QQQ,px,201.730180156388
2024-02-01,RATES_US10Y,yield,0.014833981207509419
2024-02-01,SPY,px,294.0299015871889
2024-02-01,TBILL3M_YIELD,yield,0.010213363956723117
2024-02-01,US10Y_YIELD,yield,0.021005679754589168
2024-02-01,US2Y_YIELD,yield,0.01892485630234981
2024-02-01,US30Y_YIELD,yield,0.027258492021140293
2024-02-01,USD,px,98.074011948725
2024-02-01,USDJPY,px,107.38439609879168
2024-02-01,VIX,px,20.947220753420986
2024-02-01,VOL,px,19.93109633951932
2024-02-02,EURUSD,px,1.1471186855479338
2024-02-02,GOLD,px,1545.741851537493
2024-02-02,HYG,px,84.38333793757013
2024-02-02,LQD,px,120.32505994699078
2024-02-02,MKT_US,px,286.1225741180705
2024-02-02,OIL,px,64.05748617288235
2024-02-02,QQQ,px,201.5261919896954
2024-02-02,RATES_US10Y,yield,0.014537586149399255
2024-02-02,SPY,px,292.6306832279541
2024-02-02,TBILL3M_YIELD,yield,0.009765068554450113
2024-02-02,US10Y_YIELD,yield,0.021482873322198066
2024-02-02,US2Y_YIELD,yield,0.019459505990672983
2024-02-02,US30Y_YIELD,yield,0.028674288050264285
2024-02-02,USD,px,97.55664951093024
2024-02-02,USDJPY,px,107.10208848000843
2024-02-02,VIX,px,21.197260710120908
2024-02-02,VOL,px,20.038299128020135
2024-02-05,EURUSD,px,1.15294977779722
2024-02-05,GOLD,px,1546.9510183943244
2024-02-05,HYG,px,84.38192870558285
2024-02-05,LQD,px,120.2176987162266
2024-02-05,MKT_US,px,285.89016684206786
2024-02-05,OIL,px,63.76103709566473
2024-02-05,QQQ,px,200.59739842932248
2024-02-05,RATES_US10Y,yield,0.015431119654398176
2024-02-05,SPY,px,292.0394735617857
2024-02-05,TBILL3M_YIELD,yield,0.010897495583310874
2024-02-05,US10Y_YIELD,yield,0.023920037057742344
2024-02-05,US2Y_YIELD,yield,0.021023767592195007
2024-02-05,US30Y_YIELD,yield,0.03133301412026186
2024-02-05,USD,px,97.23637871987442
2024-02-05,USDJPY,px,107.50657020428876
2024-02-05,VIX,px,21.571461246227
2024-02-05,VOL,px,20.459703956428253
2024-02-06,EURUSD,px,1.152230497290328
2024-02-06,GOLD,px,1550.5735294093633
2024-02-06,HYG,px,83.89448963119116
2024-02-06,LQD,px,119.97234296028667
2024-02-06,MKT_US,px,286.6169163048065
2024-02-06,OIL,px,63.86809924036158
2024-02-06,QQQ,px,200.13608344014457
2024-02-06,RATES_US10Y,yield,0.016521202505567243
2024-02-06,SPY,px,290.992870529589
2024-02-06,TBILL3M_YIELD,yield,0.012874816823120286
2024-02-06,US10Y_YIELD,yield,0.025567873193292685
2024-02-06,US2Y_YIELD,yield,0.022621728965462655
2024-02-06,US30Y_YIELD,yield,0.0322022304445695
2024-02-06,USD,px,97.06035767930615
2024-02-06,USDJPY,px,107.51564178990132
2024-02-06,VIX,px,21.60644108654011
2024-02-06,VOL,px,20.42928704761053
2024-02-07,EURUSD,px,1.1502621254603067
2024-02-07,GOLD,px,1548.6042553314196
2024-02-07,HYG,px,83.37198517746248
2024-02-07,LQD,px,119.52430872527549
2024-02-07,MKT_US,px,281.3722670866424
2024-02-07,OIL,px,64.28226967639777
2024-02-07,QQQ,px,194.22714926746153
2024-02-07,RATES_US10Y,yield,0.017321102981589728
2024-02-07,SPY,px,284.83898134417404
2024-02-07,TBILL3M_YIELD,yield,0.014395631689852913
2024-02-07,US10Y_YIELD,yield,0.026276981463312483
2024-02-07,US2Y_YIELD,yield,0.02392195856212123
2024-02-07,US30Y_YIELD,yield,0.03293367682506468
2024-02-07,USD,px,96.57249484516686
2024-02-07,USDJPY,px,107.53710277983892
2024-02-07,VIX,px,21.929876342139554
2024-02-07,VOL,px,20.614046111347214
2024-02-08,EURUSD,px,1.1482742696138628
2024-02-08,GOLD,px,1561.882229625094
2024-02-08,HYG,px,82.9725727479822
2024-02-08,LQD,px,119.86558058110467
2024-02-08,MKT_US,px,280.6982745940901
2024-02-08,OIL,px,63.741850512159345
2024-02-08,QQQ,px,193.8611670015804
2024-02-08,RATES_US10Y,yield,0.016486079211273343
2024-02-08,SPY,px,285.11584889198036
2024-02-08,TBILL3M_YIELD,yield,0.013115025859696972
2024-02-08,US10Y_YIELD,yield,0.02469799107715947
2024-02-08,US2Y_YIELD,yield,0.021883218752464437
2024-02-08,US30Y_YIELD,yield,0.03144133226468821
2024-02-08,USD,px,96.32600272282438
2024-02-08,USDJPY,px,106.95300463800578
2024-02-08,VIX,px,21.8253375689197
2024-02-08,VOL,px,20.42927913598502
2024-02-09,EURUSD,px,1.1432380982168284
2024-02-09,GOLD,px,1565.4559066368777
2024-02-09,HYG,px,83.85395909965447
2024-02-09,LQD,px,120.07180838965944
2024-02-09,MKT_US,px,282.1837151722392
2024-02-09,OIL,px,63.7979254378056
2024-02-09,QQQ,px,195.09712164245565
2024-02-09,RATES_US10Y,yield,0.017145350485641652
2024-02-09,SPY,px,285.1105856025617
2024-02-09,TBILL3M_YIELD,yield,0.013171681766109763
2024-02-09,US10Y_YIELD,yield,0.022168357785806888
2024-02-09,US2Y_YIELD,yield,0.020498055943217786
2024-02-09,US30Y_YIELD,yield,0.02868049480258022
2024-02-09,USD,px,96.64327428626063
2024-02-09,USDJPY,px,106.79180636384143
2024-02-09,VIX,px,21.260408598139026
2024-02-09,VOL,px,19.8806981218614
2024-02-12,EURUSD,px,1.1431597234009299
2024-02-12,GOLD,px,1569.2108213579754
2024-02-12,HYG,px,84.62153213505017
2024-02-12,LQD,px,120.47532445458744
2024-02-12,MKT_US,px,283.8379327267807
2024-02-12,OIL,px,63.2821443778292
2024-02-12,QQQ,px,196.32070746136458
2024-02-12,RATES_US10Y,yield,0.01808733020480938
2024-02-12,SPY,px,286.6208189803909
2024-02-12,TBILL3M_YIELD,yield,0.01351499281279029
2024-02-12,US10Y_YIELD,yield,0.020562296000374052
2024-02-12,US2Y_YIELD,yield,0.019989518841459088
2024-02-12,US30Y_YIELD,yield,0.02725710455351315
2024-02-12,USD,px,96.80256700051343
2024-02-12,USDJPY,px,106.94144671093977
2024-02-12,VIX,px,20.867312358091933
2024-02-12,VOL,px,19.485242192957976
2024-02-13,EURUSD,px,1.1415187615217368
2024-02-13,GOLD,px,1581.3042657674537
2024-02-13,HYG,px,83.84508087571743
2024-02-13,LQD,px,120.99564625333042
2024-02-13,MKT_US,px,280.30652367769613
2024-02-13,OIL,px,61.46621301181449
2024-02-13,QQQ,px,192.75838028126182
2024-02-13,RATES_US10Y,yield,0.0173684749573984
2024-02-13,SPY,px,281.8360507105648
2024-02-13,TBILL3M_YIELD,yield,0.013034375043988557
2024-02-13,US10Y_YIELD,yield,0.020845932549633458
2024-02-13,US2Y_YIELD,yield,0.02040369297085224
2024-02-13,US30Y_YIELD,yield,0.027529268612931958
2024-02-13,USD,px,96.65257334959793
2024-02-13,USDJPY,px,107.59913938192852
2024-02-13,VIX,px,21.267160613716534
2024-02-13,VOL,px,19.835889439180054
2024-02-14,EURUSD,px,1.1417102620030215
2024-02-14,GOLD,px,1577.86691749753
2024-02-14,HYG,px,83.36618298485865
2024-02-14,LQD,px,121.29792544653473
2024-02-14,MKT_US,px,279.2336535756905
2024-02-14,OIL,px,61.52982970058238
2024-02-14,QQQ,px,191.90121238367723
2024-02-14,RATES_US10Y,yield,0.0165533831729115
2024-02-14,SPY,px,278.71400963223715
2024-02-14,TBILL3M_YIELD,yield,0.01207972389972577
2024-02-14,US10Y_YIELD,yield,0.020829496542156378
2024-02-14,US2Y_YIELD,yield,0.020033468737258392
2024-02-14,US30Y_YIELD,yield,0.027730125841384273
2024-02-14,USD,px,96.48536621722593
2024-02-14,USDJPY,px,107.16732079948221
2024-02-14,VIX,px,21.50265715121606
2024-02-14,VOL,px,20.02268141803881
2024-02-15,EURUSD,px,1.142889484794116
2024-02-15,GOLD,px,1577.8479055976456
2024-02-15,HYG,px,82.18748640786981
2024-02-15,LQD,px,121.0022229794607
2024-02-15,MKT_US,px,274.9190675972297
2024-02-15,OIL,px,61.50470214691532
2024-02-15,QQQ,px,188.19940130712715
2024-02-15,RATES_US10Y,yield,0.016528437012801978
2024-02-15,SPY,px,275.20402381542704
2024-02-15,TBILL3M_YIELD,yield,0.012539428531086881
2024-02-15,US10Y_YIELD,yield,0.023232273141776037
2024-02-15,US2Y_YIELD,yield,0.022192924743858096
2024-02-15,US30Y_YIELD,yield,0.030839319108918323
2024-02-15,USD,px,96.56434116619576
2024-02-15,USDJPY,px,107.46611333139812
2024-02-15,VIX,px,22.223367838523675
2024-02-15,VOL,px,20.698286104377814
2024-02-16,EURUSD,px,1.1486612349058012
2024-02-16,GOLD,px,1558.1260795650958
2024-02-16,HYG,px,82.45093938853535
2024-02-16,LQD,px,121.397920545035
2024-02-16,MKT_US,px,273.4614177429168
2024-02-16,OIL,px,61.247199578812946
2024-02-16,QQQ,px,186.76685403149716
2024-02-16,RATES_US10Y,yield,0.015588563843465426
2024-02-16,SPY,px,273.563925580029
2024-02-16,TBILL3M_YIELD,yield,0.010914058309703604
2024-02-16,US10Y_YIELD,yield,0.021918792546078095
2024-02-16,US2Y_YIELD,yield,0.02068807991703431
2024-02-16,US30Y_YIELD,yield,0.029862100313975154
2024-02-16,USD,px,96.2564948062446
2024-02-16,USDJPY,px,106.87108682505338
2024-02-16,VIX,px,22.347891866471834
2024-02-16,VOL,px,20.79752368926185
2024-02-19,EURUSD,px,1.1528273710110124
2024-02-19,GOLD,px,1568.3321331636537
2024-02-19,HYG,px,82.21945156635076
2024-02-19,LQD,px,120.7983965419657
2024-02-19,MKT_US,px,275.1578912409031
2024-02-19,OIL,px,60.07009102246517
2024-02-19,QQQ,px,186.79213770896502
2024-02-19,RATES_US10Y,yield,0.016393440523682776
2024-02-19,SPY,px,274.16536818564776
2024-02-19,TBILL3M_YIELD,yield,0.012739285577557297
2024-02-19,US10Y_YIELD,yield,0.025166459793681643
2024-02-19,US2Y_YIELD,yield,0.023587031039278034
2024-02-19,US30Y_YIELD,yield,0.03312532381135628
2024-02-19,USD,px,96.5822668481398
2024-02-19,USDJPY,px,106.76855063642638
2024-02-19,VIX,px,22.649514860401304
2024-02-19,VOL,px,21.19202258340301
2024-02-20,EURUSD,px,1.1441356554061373
2024-02-20,GOLD,px,1564.1418871990961
2024-02-20,HYG,px,81.40165432346501
2024-02-20,LQD,px,122.13445889144663
2024-02-20,MKT_US,px,272.5237036813189
2024-02-20,OIL,px,59.91560336069847
2024-02-20,QQQ,px,182.85975802665953
2024-02-20,RATES_US10Y,yield,0.014401800111733656
2024-02-20,SPY,px,270.2848280882822
2024-02-20,TBILL3M_YIELD,yield,0.010752757212279052
2024-02-20,US10Y_YIELD,yield,0.025937624487130547
2024-02-20,US2Y_YIELD,yield,0.02336143972531992
2024-02-20,US30Y_YIELD,yield,0.034440750801692024
2024-02-20,USD,px,97.26023809780598
2024-02-20,USDJPY,px,107.07646310583944
2024-02-20,VIX,px,23.419619551278252
2024-02-20,VOL,px,21.752266832020698
2024-02-21,EURUSD,px,1.145850399076652
2024-02-21,GOLD,px,1556.4796173533912
2024-02-21,HYG,px,81.43069820588947
2024-02-21,LQD,px,122.15960423187592
2024-02-21,MKT_US,px,271.540893684656
2024-02-21,OIL,px,59.844301679099125
2024-02-21,QQQ,px,180.82753128362341
2024-02-21,RATES_US10Y,yield,0.013842074555726763
2024-02-21,SPY,px,271.72658362233636
2024-02-21,TBILL3M_YIELD,yield,0.009973626291892218
2024-02-21,US10Y_YIELD,yield,0.027456124108841053
2024-02-21,US2Y_YIELD,yield,0.024331666770336026
2024-02-21,US30Y_YIELD,yield,0.03649201209884372
2024-02-21,USD,px,97.26398668998978
2024-02-21,USDJPY,px,107.39189799320401
2024-02-21,VIX,px,23.89400468429295
2024-02-21,VOL,px,22.268275758155966
2024-02-22,EURUSD,px,1.1459467808418407
2024-02-22,GOLD,px,1570.2375129047898
2024-02-22,HYG,px,82.064667283668
2024-02-22,LQD,px,122.43680451211844
2024-02-22,MKT_US,px,275.29248189869026
2024-02-22,OIL,px,59.8652236312169
2024-02-22,QQQ,px,183.7192609067354
2024-02-22,RATES_US10Y,yield,0.013809924114393649
2024-02-22,SPY,px,273.9295595684781
2024-02-22,TBILL3M_YIELD,yield,0.009501329586412526
2024-02-22,US10Y_YIELD,yield,0.026570093454588786
2024-02-22,US2Y_YIELD,yield,0.023362226910391158
2024-02-22,US30Y_YIELD,yield,0.03550659300717702
2024-02-22,USD,px,97.84156959515737
2024-02-22,USDJPY,px,106.96675291231246
2024-02-22,VIX,px,23.577842878642688
2024-02-22,VOL,px,21.9921423936374
2024-02-23,EURUSD,px,1.1424416485127737
2024-02-23,GOLD,px,1575.081794440965
2024-02-23,HYG,px,81.4804768237359
2024-02-23,LQD,px,122.83290154867079
2024-02-23,MKT_US,px,274.3810962962137
2024-02-23,OIL,px,58.84954594196538
2024-02-23,QQQ,px,181.81585005205602
2024-02-23,RATES_US10Y,yield,0.013854715002264598
2024-02-23,SPY,px,271.2399112514234
2024-02-23,TBILL3M_YIELD,yield,0.00909148774963368
2024-02-23,US10Y_YIELD,yield,0.02573390375998267
2024-02-23,US2Y_YIELD,yield,0.022342303138386508
2024-02-23,US30Y_YIELD,yield,0.03453664498872941
2024-02-23,USD,px,97.41807649034028
2024-02-23,USDJPY,px,106.44471867248225
2024-02-23,VIX,px,23.474468600043966
2024-02-23,VOL,px,21.93702684476894
2024-02-26,EURUSD,px,1.1389550959745192
2024-02-26,GOLD,px,1540.382220561791
2024-02-26,HYG,px,81.86399684564033
2024-02-26,LQD,px,122.37066213771236
2024-02-26,MKT_US,px,274.7429016701738
2024-02-26,OIL,px,59.36159170721676
2024-02-26,QQQ,px,181.89360138305085
2024-02-26,RATES_US10Y,yield,0.01377579559524691
2024-02-26,SPY,px,270.3416485620499
2024-02-26,TBILL3M_YIELD,yield,0.009544790415944731
2024-02-26,US10Y_YIELD,yield,0.02608690611343944
2024-02-26,US2Y_YIELD,yield,0.02303125136302605
2024-02-26,US30Y_YIELD,yield,0.03525255518912502
2024-02-26,USD,px,97.26841572182738
2024-02-26,USDJPY,px,106.74834521521151
2024-02-26,VIX,px,23.521362847480606
2024-02-26,VOL,px,21.97423328238773
2024-02-27,EURUSD,px,1.1381360916225356
2024-02-27,GOLD,px,1533.0702740503623
2024-02-27,HYG,px,82.37021773549795
2024-02-27,LQD,px,122.14556205485462
2024-02-27,MKT_US,px,276.10804682808833
2024-02-27,OIL,px,58.3453759718747
2024-02-27,QQQ,px,183.6686059148096
2024-02-27,RATES_US10Y,yield,0.013920204747771787
2024-02-27,SPY,px,271.0772027976402
2024-02-27,TBILL3M_YIELD,yield,0.009221721375843279
2024-02-27,US10Y_YIELD,yield,0.024472688551740323
2024-02-27,US2Y_YIELD,yield,0.021743048400643825
2024-02-27,US30Y_YIELD,yield,0.03284095147473631
2024-02-27,USD,px,97.21174712471957
2024-02-27,USDJPY,px,106.96093612132417
2024-02-27,VIX,px,23.07097137441434
2024-02-27,VOL,px,21.504809453547455
2024-02-28,EURUSD,px,1.1331767704086733
2024-02-28,GOLD,px,1517.9377874416357
2024-02-28,HYG,px,83.03576958001855
2024-02-28,LQD,px,122.06282760632794
2024-02-28,MKT_US,px,275.23688145159224
2024-02-28,OIL,px,58.37549948268411
2024-02-28,QQQ,px,183.08476937631335
2024-02-28,RATES_US10Y,yield,0.013807757883188967
2024-02-28,SPY,px,270.3606997910855
2024-02-28,TBILL3M_YIELD,yield,0.009196272698850025
2024-02-28,US10Y_YIELD,yield,0.02508365799437284
2024-02-28,US2Y_YIELD,yield,0.022229241003264802
2024-02-28,US30Y_YIELD,yield,0.03398759497458925
2024-02-28,USD,px,97.53464996947865
2024-02-28,USDJPY,px,107.27312282778183
2024-02-28,VIX,px,23.292305949372484
2024-02-28,VOL,px,21.524801336901398
2024-02-29,EURUSD,px,1.1300581723682652
2024-02-29,GOLD,px,1528.5450479021067
2024-02-29,HYG,px,82.26293617437472
2024-02-29,LQD,px,121.1732463436683
2024-02-29,MKT_US,px,270.6477437746901
2024-02-29,OIL,px,59.450588507365
2024-02-29,QQQ,px,180.94790339961833
2024-02-29,RATES_US10Y,yield,0.014682091638832787
2024-02-29,SPY,px,266.71935760287994
2024-02-29,TBILL3M_YIELD,yield,0.011118619645491306
2024-02-29,US10Y_YIELD,yield,0.027709425722499882
2024-02-29,US2Y_YIELD,yield,0.024658339161023935
2024-02-29,US30Y_YIELD,yield,0.03635372813711994
2024-02-29,USD,px,97.59936012957078
2024-02-29,USDJPY,px,107.28267121202046
2024-02-29,VIX,px,23.803974421198944
2024-02-29,VOL,px,22.014206992342775
2024-03-01,EURUSD,px,1.1376146536158285
2024-03-01,GOLD,px,1556.7716145565587
2024-03-01,HYG,px,82.08577260854688
2024-03-01,LQD,px,120.96047893828614
2024-03-01,MKT_US,px,271.1999685958912
2024-03-01,OIL,px,58.79547907340716
2024-03-01,QQQ,px,182.5250158169203
2024-03-01,RATES_US10Y,yield,0.013154548389511894
2024-03-01,SPY,px,266.5118764488752
2024-03-01,TBILL3M_YIELD,yield,0.008704249104493154
2024-03-01,US10Y_YIELD,yield,0.025465494497070994
2024-03-01,US2Y_YIELD,yield,0.02173593358737996
2024-03-01,US30Y_YIELD,yield,0.03414783301042857
2024-03-01,USD,px,97.19326572936619
2024-03-01,USDJPY,px,106.66296126762697
2024-03-01,VIX,px,23.494262015805205
2024-03-01,VOL,px,21.732203105216847
2024-03-04,EURUSD,px,1.1375873767744633
2024-03-04,GOLD,px,1552.211410830044
2024-03-04,HYG,px,81.15355987481809
2024-03-04,LQD,px,120.31632050833456
2024-03-04,MKT_US,px,272.4573475976059
2024-03-04,OIL,px,58.920896816513505
2024-03-04,QQQ,px,183.56588052991611
2024-03-04,RATES_US10Y,yield,0.0131379161281301
2024-03-04,SPY,px,267.61951146287674
2024-03-04,TBILL3M_YIELD,yield,0.009911857961082047
2024-03-04,US10Y_YIELD,yield,0.029908180741745668
2024-03-04,US2Y_YIELD,yield,0.025159104480413044
2024-03-04,US30Y_YIELD,yield,0.0395911925494344
2024-03-04,USD,px,97.84266066671464
2024-03-04,USDJPY,px,107.02708034928615
2024-03-04,VIX,px,24.36688077815401
2024-03-04,VOL,px,22.65458996648303
2024-03-05,EURUSD,px,1.132514609990364
2024-03-05,GOLD,px,1559.0915158094513
2024-03-05,HYG,px,80.51851581548678
2024-03-05,LQD,px,120.84303898685239
2024-03-05,MKT_US,px,270.4713294591011
2024-03-05,OIL,px,59.4018253741491
2024-03-05,QQQ,px,182.40170930642714
2024-03-05,RATES_US10Y,yield,0.012826619347583414
2024-03-05,SPY,px,264.2998972780674
2024-03-05,TBILL3M_YIELD,yield,0.008781229893162589
2024-03-05,US10Y_YIELD,yield,0.02807763010339627
2024-03-05,US2Y_YIELD,yield,0.023346494011588705
2024-03-05,US30Y_YIELD,yield,0.03746471109735015
2024-03-05,USD,px,98.28650559250632
2024-03-05,USDJPY,px,107.25610759202522
2024-03-05,VIX,px,24.330751670686002
2024-03-05,VOL,px,22.640000858563422
2024-03-06,EURUSD,px,1.1258524804005043
2024-03-06,GOLD,px,1552.337723202809
2024-03-06,HYG,px,81.0522335814128
2024-03-06,LQD,px,121.1969450612677
2024-03-06,MKT_US,px,272.4820524332988
2024-03-06,OIL,px,59.21734095705753
2024-03-06,QQQ,px,184.34955116783044
2024-03-06,RATES_US10Y,yield,0.012828485375141474
2024-03-06,SPY,px,265.09376637123285
2024-03-06,TBILL3M_YIELD,yield,0.008708502723828497
2024-03-06,US10Y_YIELD,yield,0.028887339956653303
2024-03-06,US2Y_YIELD,yield,0.02306860531721753
2024-03-06,US30Y_YIELD,yield,0.03757786759811742
2024-03-06,USD,px,98.79903383928946
2024-03-06,USDJPY,px,107.14443645823772
2024-03-06,VIX,px,24.22568996499106
2024-03-06,VOL,px,22.46402219487638
2024-03-07,EURUSD,px,1.1255665903677163
2024-03-07,GOLD,px,1546.1428221203103
2024-03-07,HYG,px,81.29538796600364
2024-03-07,LQD,px,121.24384797739648
2024-03-07,MKT_US,px,272.5647719198895
2024-03-07,OIL,px,59.18070368901343
2024-03-07,QQQ,px,184.33097120898128
2024-03-07,RATES_US10Y,yield,0.012870300233671087
2024-03-07,SPY,px,264.8646574267628
2024-03-07,TBILL3M_YIELD,yield,0.008562464013787041
2024-03-07,US10Y_YIELD,yield,0.028785602566936505
2024-03-07,US2Y_YIELD,yield,0.02318321065500102
2024-03-07,US30Y_YIELD,yield,0.03693939917997818
2024-03-07,USD,px,99.16150446270828
2024-03-07,USDJPY,px,107.1832400618088
2024-03-07,VIX,px,24.197113104285492
2024-03-07,VOL,px,22.41376511876003
2024-03-08,EURUSD,px,1.1339978477349113
2024-03-08,GOLD,px,1554.0416201444666
2024-03-08,HYG,px,81.6080293820707
2024-03-08,LQD,px,121.47970400902784
2024-03-08,MKT_US,px,271.5127366659594
2024-03-08,OIL,px,59.51566822844292
2024-03-08,QQQ,px,184.25177390717846
2024-03-08,RATES_US10Y,yield,0.012141966917217292
2024-03-08,SPY,px,264.12845578843127
2024-03-08,TBILL3M_YIELD,yield,0.007129662024921785
2024-03-08,US10Y_YIELD,yield,0.02666709929766084
2024-03-08,US2Y_YIELD,yield,0.02145346977245084
2024-03-08,US30Y_YIELD,yield,0.034477087567158615
2024-03-08,USD,px,98.5298201024358
2024-03-08,USDJPY,px,106.97538915400634
2024-03-08,VIX,px,23.875128973099205
2024-03-08,VOL,px,22.092826613645457
2024-03-11,EURUSD,px,1.1333617220687977
2024-03-11,GOLD,px,1567.1292691767096
2024-03-11,HYG,px,82.02561557029375
2024-03-11,LQD,px,120.93429009021614
2024-03-11,MKT_US,px,276.5274099407296
2024-03-11,OIL,px,60.00450136901941
2024-03-11,QQQ,px,187.15304846616382
2024-03-11,RATES_US10Y,yield,0.011587808740217729
2024-03-11,SPY,px,268.6483183080363
2024-03-11,TBILL3M_YIELD,yield,0.006727147399813596
2024-03-11,US10Y_YIELD,yield,0.028222945922655243
2024-03-11,US2Y_YIELD,yield,0.0218429139783989
2024-03-11,US30Y_YIELD,yield,0.03618090600352339
2024-03-11,USD,px,98.74080178030533
2024-03-11,USDJPY,px,106.86020520661185
2024-03-11,VIX,px,23.822099955764678
2024-03-11,VOL,px,22.307600643290343
2024-03-12,EURUSD,px,1.1270842579441562
2024-03-12,GOLD,px,1556.8032712754325
2024-03-12,HYG,px,81.99944302039833
2024-03-12,LQD,px,121.1123673295734
2024-03-12,MKT_US,px,278.2863453471885
2024-03-12,OIL,px,58.60932183166602
2024-03-12,QQQ,px,187.65899065940238
2024-03-12,RATES_US10Y,yield,0.01216110514667974
2024-03-12,SPY,px,270.3488250424117
2024-03-12,TBILL3M_YIELD,yield,0.007868724308400889
2024-03-12,US10Y_YIELD,yield,0.029324125140592922
2024-03-12,US2Y_YIELD,yield,0.022471994483862806
2024-03-12,US30Y_YIELD,yield,0.03728425398226437
2024-03-12,USD,px,98.79074083409789
2024-03-12,USDJPY,px,107.11000436451961
2024-03-12,VIX,px,23.781769757177557
2024-03-12,VOL,px,22.24096461356804
2024-03-13,EURUSD,px,1.140242133875874
2024-03-13,GOLD,px,1571.9688567268581
2024-03-13,HYG,px,80.75356035936326
2024-03-13,LQD,px,120.96586479805302
2024-03-13,MKT_US,px,273.38101491685654
2024-03-13,OIL,px,58.2959712010514
2024-03-13,QQQ,px,183.3644916339277
2024-03-13,RATES_US10Y,yield,0.012358240696819681
2024-03-13,SPY,px,265.79929614211363
2024-03-13,TBILL3M_YIELD,yield,0.009515352303083036
2024-03-13,US10Y_YIELD,yield,0.03245519533948014
2024-03-13,US2Y_YIELD,yield,0.025435129955246112
2024-03-13,US30Y_YIELD,yield,0.040709750552430216
2024-03-13,USD,px,97.94521967401135
2024-03-13,USDJPY,px,106.72180957095598
2024-03-13,VIX,px,24.5248905612508
2024-03-13,VOL,px,22.99484705866969
2024-03-14,EURUSD,px,1.1394717769031921
2024-03-14,GOLD,px,1566.9538580665705
2024-03-14,HYG,px,80.95110329079608
2024-03-14,LQD,px,120.64170902466897
2024-03-14,MKT_US,px,273.50179704570536
2024-03-14,OIL,px,57.858781067395064
2024-03-14,QQQ,px,184.14252562893614
2024-03-14,RATES_US10Y,yield,0.011790550755010936
2024-03-14,SPY,px,265.15804915012427
2024-03-14,TBILL3M_YIELD,yield,0.009301750485210546
2024-03-14,US10Y_YIELD,yield,0.033368176166510985
2024-03-14,US2Y_YIELD,yield,0.025846792253765852
2024-03-14,US30Y_YIELD,yield,0.0416981009046037
2024-03-14,USD,px,98.32569244366063
2024-03-14,USDJPY,px,106.58555627910121
2024-03-14,VIX,px,24.72924444107329
2024-03-14,VOL,px,23.28673873038452
2024-03-15,EURUSD,px,1.1434735643500067
2024-03-15,GOLD,px,1572.1098647960278
2024-03-15,HYG,px,81.12040126167584
2024-03-15,LQD,px,120.30953640973458
2024-03-15,MKT_US,px,273.06276573943046
2024-03-15,OIL,px,56.78539325203938
2024-03-15,QQQ,px,184.39980756342226
2024-03-15,RATES_US10Y,yield,0.013486034940633352
2024-03-15,SPY,px,265.9540886239851
2024-03-15,TBILL3M_YIELD,yield,0.011957896927130895
2024-03-15,US10Y_YIELD,yield,0.035915958859969635
2024-03-15,US2Y_YIELD,yield,0.02856670062912093
2024-03-15,US30Y_YIELD,yield,0.04453513184375502
2024-03-15,USD,px,97.98771003538202
2024-03-15,USDJPY,px,106.1423407091906
2024-03-15,VIX,px,25.0427943290589
2024-03-15,VOL,px,23.635321320941205
2024-03-18,EURUSD,px,1.1530005622335406
2024-03-18,GOLD,px,1585.5393274901078
2024-03-18,HYG,px,80.63409747480118
2024-03-18,LQD,px,119.65739340517689
2024-03-18,MKT_US,px,272.98943950863327
2024-03-18,OIL,px,56.07046472109733
2024-03-18,QQQ,px,184.26722790246365
2024-03-18,RATES_US10Y,yield,0.015153801560973798
2024-03-18,SPY,px,267.3732094233099
2024-03-18,TBILL3M_YIELD,yield,0.014296544245885185
2024-03-18,US10Y_YIELD,yield,0.03716100946396181
2024-03-18,US2Y_YIELD,yield,0.030261660108569337
2024-03-18,US30Y_YIELD,yield,0.045436823299115796
2024-03-18,USD,px,97.28671035307914
2024-03-18,USDJPY,px,105.7276682451519
2024-03-18,VIX,px,24.989559820028962
2024-03-18,VOL,px,23.675795678877428
2024-03-19,EURUSD,px,1.1484547277353516
2024-03-19,GOLD,px,1584.2087198633951
2024-03-19,HYG,px,81.31904552066305
2024-03-19,LQD,px,119.83733665105672
2024-03-19,MKT_US,px,276.0047776924789
2024-03-19,OIL,px,55.43628021026007
2024-03-19,QQQ,px,186.39856120358917
2024-03-19,RATES_US10Y,yield,0.014058233397655436
2024-03-19,SPY,px,269.76467870853827
2024-03-19,TBILL3M_YIELD,yield,0.012467136450767163
2024-03-19,US10Y_YIELD,yield,0.03326772794624678
2024-03-19,US2Y_YIELD,yield,0.026665779327322083
2024-03-19,US30Y_YIELD,yield,0.04120014036758872
2024-03-19,USD,px,97.17187099459616
2024-03-19,USDJPY,px,105.60944203071405
2024-03-19,VIX,px,24.210254290761164
2024-03-19,VOL,px,23.036737633343076
2024-03-20,EURUSD,px,1.149276731560089
2024-03-20,GOLD,px,1573.80813416934
2024-03-20,HYG,px,81.55606206331305
2024-03-20,LQD,px,119.56092556272134
2024-03-20,MKT_US,px,275.8418538748192
2024-03-20,OIL,px,55.5461253594891
2024-03-20,QQQ,px,186.39449187843954
2024-03-20,RATES_US10Y,yield,0.014506220912889901
2024-03-20,SPY,px,270.044023106997
2024-03-20,TBILL3M_YIELD,yield,0.01303640508666362
2024-03-20,US10Y_YIELD,yield,0.03336096176814711
2024-03-20,US2Y_YIELD,yield,0.02693991652057487
2024-03-20,US30Y_YIELD,yield,0.04114307855252758
2024-03-20,USD,px,98.03238386297318
2024-03-20,USDJPY,px,106.1827813464412
2024-03-20,VIX,px,24.129012264392838
2024-03-20,VOL,px,22.972169850849184
2024-03-21,EURUSD,px,1.1480917426746415
2024-03-21,GOLD,px,1564.4678099537414
2024-03-21,HYG,px,81.93417882682637
2024-03-21,LQD,px,118.95248984018086
2024-03-21,MKT_US,px,277.2756476009672
2024-03-21,OIL,px,55.14894420724478
2024-03-21,QQQ,px,188.24601035712644
2024-03-21,RATES_US10Y,yield,0.016149569177812597
2024-03-21,SPY,px,272.92651335870795
2024-03-21,TBILL3M_YIELD,yield,0.015690227030552787
2024-03-21,US10Y_YIELD,yield,0.03379863987621554
2024-03-21,US2Y_YIELD,yield,0.02736372838049226
2024-03-21,US30Y_YIELD,yield,0.04100697380063385
2024-03-21,USD,px,97.75234463385902
2024-03-21,USDJPY,px,105.5698454166502
2024-03-21,VIX,px,23.681749211699536
2024-03-21,VOL,px,22.728835586822214
2024-03-22,EURUSD,px,1.1546190312610871
2024-03-22,GOLD,px,1566.2784771423997
2024-03-22,HYG,px,81.47852163361127
2024-03-22,LQD,px,118.34879313076469
2024-03-22,MKT_US,px,280.26380171588306
2024-03-22,OIL,px,55.233058852483694
2024-03-22,QQQ,px,189.72930952197427
2024-03-22,RATES_US10Y,yield,0.016691192088909127
2024-03-22,SPY,px,274.25981907320636
2024-03-22,TBILL3M_YIELD,yield,0.017161440182859623
2024-03-22,US10Y_YIELD,yield,0.036508265734177786
2024-03-22,US2Y_YIELD,yield,0.030088886079722307
2024-03-22,US30Y_YIELD,yield,0.04425814621789663
2024-03-22,USD,px,97.96729970005991
2024-03-22,USDJPY,px,105.21638509114341
2024-03-22,VIX,px,23.93208848095554
2024-03-22,VOL,px,23.159265352944924
2024-03-25,EURUSD,px,1.1463849266439663
2024-03-25,GOLD,px,1561.1237959115185
2024-03-25,HYG,px,81.3987734160679
2024-03-25,LQD,px,118.41100850157406
2024-03-25,MKT_US,px,280.23337390354396
2024-03-25,OIL,px,55.65965000865139
2024-03-25,QQQ,px,187.75070676974946
2024-03-25,RATES_US10Y,yield,0.016821112079032138
2024-03-25,SPY,px,272.84800231740417
2024-03-25,TBILL3M_YIELD,yield,0.017458554591683533
2024-03-25,US10Y_YIELD,yield,0.036725877077306526
2024-03-25,US2Y_YIELD,yield,0.029800714585440702
2024-03-25,US30Y_YIELD,yield,0.043759270121280044
2024-03-25,USD,px,98.47297798469845
2024-03-25,USDJPY,px,106.07237259193856
2024-03-25,VIX,px,23.99456843195292
2024-03-25,VOL,px,23.14208675068014
2024-03-26,EURUSD,px,1.1371990268807377
2024-03-26,GOLD,px,1568.1839439634
2024-03-26,HYG,px,80.53639837143314
2024-03-26,LQD,px,118.32103424895107
2024-03-26,MKT_US,px,277.6905649143348
2024-03-26,OIL,px,55.338490609765714
2024-03-26,QQQ,px,185.57539203538636
2024-03-26,RATES_US10Y,yield,0.016558107968519566
2024-03-26,SPY,px,271.271534415937
2024-03-26,TBILL3M_YIELD,yield,0.01845059417668987
2024-03-26,US10Y_YIELD,yield,0.03975869548806289
2024-03-26,US2Y_YIELD,yield,0.03220236106106064
2024-03-26,US30Y_YIELD,yield,0.04788345899609322
2024-03-26,USD,px,99.15473550518956
2024-03-26,USDJPY,px,106.6696638403871
2024-03-26,VIX,px,24.77357995815347
2024-03-26,VOL,px,23.93365561869118
2024-03-27,EURUSD,px,1.1381770546235364
2024-03-27,GOLD,px,1555.4663676165094
2024-03-27,HYG,px,80.38756667831258
2024-03-27,LQD,px,118.53364428481989
2024-03-27,MKT_US,px,275.95188920005336
2024-03-27,OIL,px,55.20791945786228
2024-03-27,QQQ,px,183.71916714763793
2024-03-27,RATES_US10Y,yield,0.01609858423576592
2024-03-27,SPY,px,269.1760700708161
2024-03-27,TBILL3M_YIELD,yield,0.01836192958611105
2024-03-27,US10Y_YIELD,yield,0.04088047847908202
2024-03-27,US2Y_YIELD,yield,0.032720242603685536
2024-03-27,US30Y_YIELD,yield,0.048925012124003395
2024-03-27,USD,px,99.63514929491998
2024-03-27,USDJPY,px,106.82705040494506
2024-03-27,VIX,px,25.311172370453676
2024-03-27,VOL,px,24.321221803043713
2024-03-28,EURUSD,px,1.1411821569282796
2024-03-28,GOLD,px,1557.5389709191993
2024-03-28,HYG,px,79.4624397597393
2024-03-28,LQD,px,118.36861234328599
2024-03-28,MKT_US,px,275.8577277164359
2024-03-28,OIL,px,56.21884217234149
2024-03-28,QQQ,px,183.4607337670571
2024-03-28,RATES_US10Y,yield,0.015959144379083343
2024-03-28,SPY,px,269.2882140413775
2024-03-28,TBILL3M_YIELD,yield,0.018702892462314373
2024-03-28,US10Y_YIELD,yield,0.042346904338812774
2024-03-28,US2Y_YIELD,yield,0.034059591025490665
2024-03-28,US30Y_YIELD,yield,0.05075906216615446
2024-03-28,USD,px,99.59287884924282
2024-03-28,USDJPY,px,106.89799500308634
2024-03-28,VIX,px,25.65287144360006
2024-03-28,VOL,px,24.78195745193916
2024-03-29,EURUSD,px,1.147220100597762
2024-03-29,GOLD,px,1567.585482108655
2024-03-29,HYG,px,78.94441529734502
2024-03-29,LQD,px,118.18009723079594
2024-03-29,MKT_US,px,274.90072704305425
2024-03-29,OIL,px,56.336377364120146
2024-03-29,QQQ,px,182.4095199609224
2024-03-29,RATES_US10Y,yield,0.015291225806253632
2024-03-29,SPY,px,267.48527311930445
2024-03-29,TBILL3M_YIELD,yield,0.01806633829339271
2024-03-29,US10Y_YIELD,yield,0.042013114204893245
2024-03-29,US2Y_YIELD,yield,0.03394036307934504
2024-03-29,US30Y_YIELD,yield,0.05068029639557693
2024-03-29,USD,px,98.80627774673619
2024-03-29,USDJPY,px,107.06175059325747
2024-03-29,VIX,px,25.926724476476693
2024-03-29,VOL,px,24.8564774699417
2024-04-01,EURUSD,px,1.1532623651472769
2024-04-01,GOLD,px,1569.4893566446483
2024-04-01,HYG,px,78.41003389819772
2024-04-01,LQD,px,118.45169467476333
2024-04-01,MKT_US,px,273.0507286385914
2024-04-01,OIL,px,55.906388391610896
2024-04-01,QQQ,px,181.7828103754469
2024-04-01,RATES_US10Y,yield,0.015730975487010086
2024-04-01,SPY,px,266.87861472979995
2024-04-01,TBILL3M_YIELD,yield,0.019162165344779363
2024-04-01,US10Y_YIELD,yield,0.04258707201551563
2024-04-01,US2Y_YIELD,yield,0.034891000404279914
2024-04-01,US30Y_YIELD,yield,0.0510902340189721
2024-04-01,USD,px,98.63677062577185
2024-04-01,USDJPY,px,106.49849319264453
2024-04-01,VIX,px,26.02272841558741
2024-04-01,VOL,px,24.953368541148592
2024-04-02,EURUSD,px,1.1487999989703386
2024-04-02,GOLD,px,1574.057303227613
2024-04-02,HYG,px,77.51123668152051
2024-04-02,LQD,px,117.71556628842954
2024-04-02,MKT_US,px,271.1181374260115
2024-04-02,OIL,px,56.051324402417315
2024-04-02,QQQ,px,181.8011696878406
2024-04-02,RATES_US10Y,yield,0.015493387824511831
2024-04-02,SPY,px,265.5386721616695
2024-04-02,TBILL3M_YIELD,yield,0.01916370118510216
2024-04-02,US10Y_YIELD,yield,0.04404839584104657
2024-04-02,US2Y_YIELD,yield,0.03569222088302601
2024-04-02,US30Y_YIELD,yield,0.05215726919549807
2024-04-02,USD,px,98.87093373260186
2024-04-02,USDJPY,px,107.01043527579499
2024-04-02,VIX,px,26.46213765205406
2024-04-02,VOL,px,25.41834511159913
2024-04-03,EURUSD,px,1.1505540610540836
2024-04-03,GOLD,px,1590.3192502425786
2024-04-03,HYG,px,77.36009158919158
2024-04-03,LQD,px,117.90641034947683
2024-04-03,MKT_US,px,272.06431334923235
2024-04-03,OIL,px,55.48029518170595
2024-04-03,QQQ,px,182.67671795598073
2024-04-03,RATES_US10Y,yield,0.015230704020487375
2024-04-03,SPY,px,266.3725606943922
2024-04-03,TBILL3M_YIELD,yield,0.01941638249849434
2024-04-03,US10Y_YIELD,yield,0.04615754005010017
2024-04-03,US2Y_YIELD,yield,0.037048080318742696
2024-04-03,US30Y_YIELD,yield,0.05417397967783519
2024-04-03,USD,px,99.36272660360073
2024-04-03,USDJPY,px,106.8787153236531
2024-04-03,VIX,px,26.82290611833501
2024-04-03,VOL,px,26.011280462821574
2024-04-04,EURUSD,px,1.1526816048733926
2024-04-04,GOLD,px,1593.8573609494633
2024-04-04,HYG,px,77.71794799734899
2024-04-04,LQD,px,118.13113712292346
2024-04-04,MKT_US,px,277.0606284378713
2024-04-04,OIL,px,55.827245732661815
2024-04-04,QQQ,px,185.31097114922292
2024-04-04,RATES_US10Y,yield,0.014439520436843151
2024-04-04,SPY,px,271.5118717477173
2024-04-04,TBILL3M_YIELD,yield,0.017684180502235348
2024-04-04,US10Y_YIELD,yield,0.04472564818386266
2024-04-04,US2Y_YIELD,yield,0.03507819980944926
2024-04-04,US30Y_YIELD,yield,0.0522230357244902
2024-04-04,USD,px,98.9990320541472
2024-04-04,USDJPY,px,107.0373533815826
2024-04-04,VIX,px,26.434021573584317
2024-04-04,VOL,px,25.67773812126407
2024-04-05,EURUSD,px,1.1467926730173226
2024-04-05,GOLD,px,1600.0844324187742
2024-04-05,HYG,px,77.18589908823456
2024-04-05,LQD,px,118.17005260729421
2024-04-05,MKT_US,px,273.6613023521618
2024-04-05,OIL,px,56.11295423941543
2024-04-05,QQQ,px,181.76938829066017
2024-04-05,RATES_US10Y,yield,0.014847138666223732
2024-04-05,SPY,px,267.24054750272313
2024-04-05,TBILL3M_YIELD,yield,0.01757293773376669
2024-04-05,US10Y_YIELD,yield,0.045308741670597924
2024-04-05,US2Y_YIELD,yield,0.03522326586940509
2024-04-05,US30Y_YIELD,yield,0.052395067668072184
2024-04-05,USD,px,99.12227186932823
2024-04-05,USDJPY,px,107.84208550371947
2024-04-05,VIX,px,26.749793055647636
2024-04-05,VOL,px,25.952981590105164
2024-04-08,EURUSD,px,1.1488658397602476
2024-04-08,GOLD,px,1607.3362700629202
2024-04-08,HYG,px,75.79574769167266
2024-04-08,LQD,px,117.88434198386835
2024-04-08,MKT_US,px,269.30986552132157
2024-04-08,OIL,px,55.16380135444819
2024-04-08,QQQ,px,178.03631880935646
2024-04-08,RATES_US10Y,yield,0.014342022681911242
2024-04-08,SPY,px,262.88077036404366
2024-04-08,TBILL3M_YIELD,yield,0.01830740434627027
2024-04-08,US10Y_YIELD,yield,0.04975218404711884
2024-04-08,US2Y_YIELD,yield,0.0380673073576696
2024-04-08,US30Y_YIELD,yield,0.05808021535668515
2024-04-08,USD,px,98.79546398992463
2024-04-08,USDJPY,px,107.35997797534931
2024-04-08,VIX,px,28.178528857153655
2024-04-08,VOL,px,27.332805191507653
2024-04-09,EURUSD,px,1.1461238931844793
2024-04-09,GOLD,px,1626.8050055856477
2024-04-09,HYG,px,75.89521518345549
2024-04-09,LQD,px,117.6560417437036
2024-04-09,MKT_US,px,272.28684808539964
2024-04-09,OIL,px,54.990905813977804
2024-04-09,QQQ,px,178.0306992436404
2024-04-09,RATES_US10Y,yield,0.014181143288489677
2024-04-09,SPY,px,264.9516940237804
2024-04-09,TBILL3M_YIELD,yield,0.01829709948494126
2024-04-09,US10Y_YIELD,yield,0.04973857400025543
2024-04-09,US2Y_YIELD,yield,0.037404829369462156
2024-04-09,US30Y_YIELD,yield,0.05836801032186655
2024-04-09,USD,px,98.31486224976683
2024-04-09,USDJPY,px,107.42705915617387
2024-04-09,VIX,px,28.076469720167214
2024-04-09,VOL,px,27.36479755344433
2024-04-10,EURUSD,px,1.14336963531619
2024-04-10,GOLD,px,1600.782913343261
2024-04-10,HYG,px,75.69275872419584
2024-04-10,LQD,px,117.1663054722249
2024-04-10,MKT_US,px,266.498222884173
2024-04-10,OIL,px,55.71196019470434
2024-04-10,QQQ,px,174.79937851099135
2024-04-10,RATES_US10Y,yield,0.014880267697826171
2024-04-10,SPY,px,261.3176073526667
2024-04-10,TBILL3M_YIELD,yield,0.018982218442322295
2024-04-10,US10Y_YIELD,yield,0.049113752622368154
2024-04-10,US2Y_YIELD,yield,0.03755072343850989
2024-04-10,US30Y_YIELD,yield,0.05697514380454365
2024-04-10,USD,px,98.94266230421141
2024-04-10,USDJPY,px,107.61690038204638
2024-04-10,VIX,px,28.11183811907881
2024-04-10,VOL,px,27.18632969213163
2024-04-11,EURUSD,px,1.1422928182755008
2024-04-11,GOLD,px,1613.5870157197683
2024-04-11,HYG,px,76.04584030739287
2024-04-11,LQD,px,116.73291314388919
2024-04-11,MKT_US,px,264.47991298463353
2024-04-11,OIL,px,55.24786506979352
2024-04-11,QQQ,px,175.38696353179833
2024-04-11,RATES_US10Y,yield,0.015129064319479866
2024-04-11,SPY,px,261.39972308446517
2024-04-11,TBILL3M_YIELD,yield,0.01875726962024499
2024-04-11,US10Y_YIELD,yield,0.04792726085397277
2024-04-11,US2Y_YIELD,yield,0.03663692712877492
2024-04-11,US30Y_YIELD,yield,0.05564841142125686
2024-04-11,USD,px,98.5739324656071
2024-04-11,USDJPY,px,107.66434063961009
2024-04-11,VIX,px,27.794192218729503
2024-04-11,VOL,px,26.822961285193543
2024-04-12,EURUSD,px,1.13316609724435
2024-04-12,GOLD,px,1605.1859018515934
2024-04-12,HYG,px,76.35804552014254
2024-04-12,LQD,px,116.6967153686419
2024-04-12,MKT_US,px,266.55257007689227
2024-04-12,OIL,px,55.11190001573479
2024-04-12,QQQ,px,176.62363825846583
2024-04-12,RATES_US10Y,yield,0.015558844481134483
2024-04-12,SPY,px,262.77763598457625
2024-04-12,TBILL3M_YIELD,yield,0.01835822691182993
2024-04-12,US10Y_YIELD,yield,0.04538055817706098
2024-04-12,US2Y_YIELD,yield,0.03470685097917721
2024-04-12,US30Y_YIELD,yield,0.05255396295555766
2024-04-12,USD,px,98.75224598022231
2024-04-12,USDJPY,px,107.90068915348488
2024-04-12,VIX,px,27.138913138396482
2024-04-12,VOL,px,26.02415353947936
2024-04-15,EURUSD,px,1.129322241596581
2024-04-15,GOLD,px,1592.4900632803967
2024-04-15,HYG,px,76.1623118313514
2024-04-15,LQD,px,115.98023263909815
2024-04-15,MKT_US,px,268.6082987845335
2024-04-15,OIL,px,54.60875112082154
2024-04-15,QQQ,px,178.2323849485703
2024-04-15,RATES_US10Y,yield,0.015744393507087923
2024-04-15,SPY,px,264.5744115863355
2024-04-15,TBILL3M_YIELD,yield,0.019396348401503945
2024-04-15,US10Y_YIELD,yield,0.04848268280115896
2024-04-15,US2Y_YIELD,yield,0.037164300942712655
2024-04-15,US30Y_YIELD,yield,0.05627711185002956
2024-04-15,USD,px,98.47284567611247
2024-04-15,USDJPY,px,107.69566768155538
2024-04-15,VIX,px,27.780918668877852
2024-04-15,VOL,px,26.604072702818872
2024-04-16,EURUSD,px,1.1352812766198959
2024-04-16,GOLD,px,1581.457211211669
2024-04-16,HYG,px,76.19815471924149
2024-04-16,LQD,px,116.09438749959196
2024-04-16,MKT_US,px,268.8785158205461
2024-04-16,OIL,px,54.41424214718095
2024-04-16,QQQ,px,179.1584320063047
2024-04-16,RATES_US10Y,yield,0.01606745672874166
2024-04-16,SPY,px,266.9333538218543
2024-04-16,TBILL3M_YIELD,yield,0.019155456124281635
2024-04-16,US10Y_YIELD,yield,0.048643270932861166
2024-04-16,US2Y_YIELD,yield,0.03738091067789015
2024-04-16,US30Y_YIELD,yield,0.0570040568204779
2024-04-16,USD,px,98.15941182893495
2024-04-16,USDJPY,px,107.2584701706607
2024-04-16,VIX,px,27.555759027776002
2024-04-16,VOL,px,26.640600323013274
2024-04-17,EURUSD,px,1.1284104759860174
2024-04-17,GOLD,px,1566.7953792527558
2024-04-17,HYG,px,75.58148451387439
2024-04-17,LQD,px,116.34669103859179
2024-04-17,MKT_US,px,268.2810240007735
2024-04-17,OIL,px,54.054865989000824
2024-04-17,QQQ,px,177.59205863868533
2024-04-17,RATES_US10Y,yield,0.015760127363533744
2024-04-17,SPY,px,265.6876133933556
2024-04-17,TBILL3M_YIELD,yield,0.019552858439280833
2024-04-17,US10Y_YIELD,yield,0.04896325430128466
2024-04-17,US2Y_YIELD,yield,0.037500767605641035
2024-04-17,US30Y_YIELD,yield,0.057545741199720085
2024-04-17,USD,px,98.54110551722508
2024-04-17,USDJPY,px,107.59948527799958
2024-04-17,VIX,px,27.71464499441813
2024-04-17,VOL,px,26.802240202469957
2024-04-18,EURUSD,px,1.1346006908894828
2024-04-18,GOLD,px,1567.6792045734724
2024-04-18,HYG,px,74.742016983512
2024-04-18,LQD,px,114.84668082221987
2024-04-18,MKT_US,px,265.55788870419303
2024-04-18,OIL,px,55.46143274993639
2024-04-18,QQQ,px,175.31551197238784
2024-04-18,RATES_US10Y,yield,0.015658475019155727
2024-04-18,SPY,px,263.5771472495919
2024-04-18,TBILL3M_YIELD,yield,0.020538890929870005
2024-04-18,US10Y_YIELD,yield,0.052417566803847
2024-04-18,US2Y_YIELD,yield,0.039829719383180015
2024-04-18,US30Y_YIELD,yield,0.0614457339575361
2024-04-18,USD,px,98.32691423951539
2024-04-18,USDJPY,px,107.69131748943217
2024-04-18,VIX,px,28.61584574091011
2024-04-18,VOL,px,27.76491583129091
2024-04-19,EURUSD,px,1.1410178342420922
2024-04-19,GOLD,px,1568.4026605115082
2024-04-19,HYG,px,73.18390824260293
2024-04-19,LQD,px,113.79396756568855
2024-04-19,MKT_US,px,262.55537027893456
2024-04-19,OIL,px,55.19541460049649
2024-04-19,QQQ,px,172.6239338759112
2024-04-19,RATES_US10Y,yield,0.01627903047399179
2024-04-19,SPY,px,260.5119384960236
2024-04-19,TBILL3M_YIELD,yield,0.022718470394155692
2024-04-19,US10Y_YIELD,yield,0.05777460687518958
2024-04-19,US2Y_YIELD,yield,0.044054321081849424
2024-04-19,US30Y_YIELD,yield,0.06740794249928413
2024-04-19,USD,px,97.95897020726943
2024-04-19,USDJPY,px,107.17865683089015
2024-04-19,VIX,px,30.077161308609515
2024-04-19,VOL,px,29.189710582996323
2024-04-22,EURUSD,px,1.132867826620041
2024-04-22,GOLD,px,1573.3350505192689
2024-04-22,HYG,px,73.85701411264363
2024-04-22,LQD,px,114.23150084527221
2024-04-22,MKT_US,px,266.0619522363108
2024-04-22,OIL,px,55.18176621115628
2024-04-22,QQQ,px,176.50887268792272
2024-04-22,RATES_US10Y,yield,0.015294585385440075
2024-04-22,SPY,px,264.16153625562436
2024-04-22,TBILL3M_YIELD,yield,0.020684813552720324
2024-04-22,US10Y_YIELD,yield,0.05592309715210883
2024-04-22,US2Y_YIELD,yield,0.04222696289260249
2024-04-22,US30Y_YIELD,yield,0.06534405259870257
2024-04-22,USD,px,98.36734401834416
2024-04-22,USDJPY,px,106.75749200542639
2024-04-22,VIX,px,29.49938965038609
2024-04-22,VOL,px,28.682391562609595
2024-04-23,EURUSD,px,1.1368893718097208
2024-04-23,GOLD,px,1560.1125267384946
2024-04-23,HYG,px,73.21972010470928
2024-04-23,LQD,px,114.2433601957605
2024-04-23,MKT_US,px,261.11997835651727
2024-04-23,OIL,px,54.97642510335685
2024-04-23,QQQ,px,173.7930164551039
2024-04-23,RATES_US10Y,yield,0.016346142322798504
2024-04-23,SPY,px,259.57295436709967
2024-04-23,TBILL3M_YIELD,yield,0.02425472006131838
2024-04-23,US10Y_YIELD,yield,0.06363033576368915
2024-04-23,US2Y_YIELD,yield,0.04905370537053373
2024-04-23,US30Y_YIELD,yield,0.0742140963267306
2024-04-23,USD,px,97.74841827681402
2024-04-23,USDJPY,px,107.70927014933058
2024-04-23,VIX,px,31.538916000796547
2024-04-23,VOL,px,30.711610159619074
2024-04-24,EURUSD,px,1.135226653416606
2024-04-24,GOLD,px,1569.8479819807
2024-04-24,HYG,px,72.99218943770006
2024-04-24,LQD,px,114.08973646563648
2024-04-24,MKT_US,px,259.1369568785679
2024-04-24,OIL,px,54.98569002654128
2024-04-24,QQQ,px,172.30925180537508
2024-04-24,RATES_US10Y,yield,0.016469153937599127
2024-04-24,SPY,px,257.31342210638223
2024-04-24,TBILL3M_YIELD,yield,0.025061632404062867
2024-04-24,US10Y_YIELD,yield,0.06457315976423586
2024-04-24,US2Y_YIELD,yield,0.049757174582824346
2024-04-24,US30Y_YIELD,yield,0.0754919270623994
2024-04-24,USD,px,97.96010662004787
2024-04-24,USDJPY,px,108.1970555617923
2024-04-24,VIX,px,31.851043046399326
2024-04-24,VOL,px,31.040578635869334
2024-04-25,EURUSD,px,1.1476979283104543
2024-04-25,GOLD,px,1578.8603358342511
2024-04-25,HYG,px,72.4171523405091
2024-04-25,LQD,px,114.21143892405982
2024-04-25,MKT_US,px,259.4944632050597
2024-04-25,OIL,px,55.680241428364596
2024-04-25,QQQ,px,172.52535260490083
2024-04-25,RATES_US10Y,yield,0.01581587513429413
2024-04-25,SPY,px,258.4714757286036
2024-04-25,TBILL3M_YIELD,yield,0.024680990735506926
2024-04-25,US10Y_YIELD,yield,0.06480828507152199
2024-04-25,US2Y_YIELD,yield,0.04977441822740138
2024-04-25,US30Y_YIELD,yield,0.07608514050008246
2024-04-25,USD,px,96.76059862160494
2024-04-25,USDJPY,px,107.79852501902674
2024-04-25,VIX,px,32.098691371896464
2024-04-25,VOL,px,31.278797758978428
2024-04-26,EURUSD,px,1.15728186865637
2024-04-26,GOLD,px,1581.7244752578247
2024-04-26,HYG,px,72.02634767978358
2024-04-26,LQD,px,114.4990066327365
2024-04-26,MKT_US,px,258.5625281042393
2024-04-26,OIL,px,56.01318766323294
2024-04-26,QQQ,px,171.89178580752522
2024-04-26,RATES_US10Y,yield,0.015908284713315006
2024-04-26,SPY,px,259.1225353855398
2024-04-26,TBILL3M_YIELD,yield,0.024686317435872886
2024-04-26,US10Y_YIELD,yield,0.06522995238558009
2024-04-26,US2Y_YIELD,yield,0.050211623702054
2024-04-26,US30Y_YIELD,yield,0.07708953576164713
2024-04-26,USD,px,96.47544119818937
2024-04-26,USDJPY,px,107.38501382918076
2024-04-26,VIX,px,32.3952638075248
2024-04-26,VOL,px,31.645193678370884
2024-04-29,EURUSD,px,1.15873126511215
2024-04-29,GOLD,px,1576.7456625156794
2024-04-29,HYG,px,72.08334205678221
2024-04-29,LQD,px,114.86712947955138
2024-04-29,MKT_US,px,259.51659695363776
2024-04-29,OIL,px,57.251605123016525
2024-04-29,QQQ,px,171.602593049173
2024-04-29,RATES_US10Y,yield,0.015562954222094487
2024-04-29,SPY,px,260.4722740893644
2024-04-29,TBILL3M_YIELD,yield,0.02377440066919541
2024-04-29,US10Y_YIELD,yield,0.0645788716448639
2024-04-29,US2Y_YIELD,yield,0.04991698654722981
2024-04-29,US30Y_YIELD,yield,0.07634016185153192
2024-04-29,USD,px,96.13285198887066
2024-04-29,USDJPY,px,107.01588790493066
2024-04-29,VIX,px,32.55575399029857
2024-04-29,VOL,px,31.733057904611886
2024-04-30,EURUSD,px,1.1665286085040787
2024-04-30,GOLD,px,1573.1440546137082
2024-04-30,HYG,px,71.44813132266331
2024-04-30,LQD,px,115.34589010439292
2024-04-30,MKT_US,px,256.0760178979115
2024-04-30,OIL,px,57.61380305520386
2024-04-30,QQQ,px,167.90545316484048
2024-04-30,RATES_US10Y,yield,0.01560518810714212
2024-04-30,SPY,px,257.6573200592719
2024-04-30,TBILL3M_YIELD,yield,0.02494396237347426
2024-04-30,US10Y_YIELD,yield,0.0673787230911026
2024-04-30,US2Y_YIELD,yield,0.0523010502520156
2024-04-30,US30Y_YIELD,yield,0.07980256121548027
2024-04-30,USD,px,95.6467055056568
2024-04-30,USDJPY,px,106.97284620735398
2024-04-30,VIX,px,33.736696916149064
2024-04-30,VOL,px,32.77812702996997
2024-05-01,EURUSD,px,1.1802324321130035
2024-05-01,GOLD,px,1565.869151880869
2024-05-01,HYG,px,71.57030474500829
2024-05-01,LQD,px,115.32459412203846
2024-05-01,MKT_US,px,254.18787437209613
2024-05-01,OIL,px,58.83406180196013
2024-05-01,QQQ,px,167.6936313448577
2024-05-01,RATES_US10Y,yield,0.015004399436403793
2024-05-01,SPY,px,256.7513239907987
2024-05-01,TBILL3M_YIELD,yield,0.024260340646792077
2024-05-01,US10Y_YIELD,yield,0.06833858550879673
2024-05-01,US2Y_YIELD,yield,0.05272659222238297
2024-05-01,US30Y_YIELD,yield,0.08
2024-05-01,USD,px,94.93029829822987
2024-05-01,USDJPY,px,106.02619285375783
2024-05-01,VIX,px,34.21646454109652
2024-05-01,VOL,px,33.16089891591577
2024-05-02,EURUSD,px,1.179604609256145
2024-05-02,GOLD,px,1560.2890680846315
2024-05-02,HYG,px,71.47229276437396
2024-05-02,LQD,px,115.27040061250415
2024-05-02,MKT_US,px,253.2596671849976
2024-05-02,OIL,px,59.119945876981525
2024-05-02,QQQ,px,166.93651329455048
2024-05-02,RATES_US10Y,yield,0.01565494988562266
2024-05-02,SPY,px,256.75099789687397
2024-05-02,TBILL3M_YIELD,yield,0.026063526614158776
2024-05-02,US10Y_YIELD,yield,0.0694367136967125
2024-05-02,US2Y_YIELD,yield,0.05441897625215406
2024-05-02,US30Y_YIELD,yield,0.08
2024-05-02,USD,px,94.57492776809919
2024-05-02,USDJPY,px,106.46149925420643
2024-05-02,VIX,px,34.6781623951998
2024-05-02,VOL,px,33.39056035619967
2024-05-03,EURUSD,px,1.174217683749343
2024-05-03,GOLD,px,1560.763067924229
2024-05-03,HYG,px,73.05157745853377
2024-05-03,LQD,px,115.48038080154194
2024-05-03,MKT_US,px,256.27372594372594
2024-05-03,OIL,px,59.80525137530226
2024-05-03,QQQ,px,168.59820377460454
2024-05-03,RATES_US10Y,yield,0.015149930627941819
2024-05-03,SPY,px,258.1109966840148
2024-05-03,TBILL3M_YIELD,yield,0.02564224796242876
2024-05-03,US10Y_YIELD,yield,0.0698932343732496
2024-05-03,US2Y_YIELD,yield,0.05435485990542814
2024-05-03,US30Y_YIELD,yield,0.08
2024-05-03,USD,px,95.41281520337498
2024-05-03,USDJPY,px,106.74235628650737
2024-05-03,VIX,px,34.86560459436644
2024-05-03,VOL,px,33.89568074660929
2024-05-06,EURUSD,px,1.179739439152405
2024-05-06,GOLD,px,1559.3504203486214
2024-05-06,HYG,px,73.08459312357135
2024-05-06,LQD,px,115.69233104879405
2024-05-06,MKT_US,px,256.91368111846145
2024-05-06,OIL,px,58.75826384532059
2024-05-06,QQQ,px,168.19104570094714
2024-05-06,RATES_US10Y,yield,0.013563751502665297
2024-05-06,SPY,px,258.2337538071986
2024-05-06,TBILL3M_YIELD,yield,0.023374549099705606
2024-05-06,US10Y_YIELD,yield,0.0705070043947229
2024-05-06,US2Y_YIELD,yield,0.05384295508836704
2024-05-06,US30Y_YIELD,yield,0.08
2024-05-06,USD,px,95.73261676616484
2024-05-06,USDJPY,px,106.99960162637288
2024-05-06,VIX,px,35.448505075180336
2024-05-06,VOL,px,34.60248153666535
2024-05-07,EURUSD,px,1.1813317169781645
2024-05-07,GOLD,px,1546.4560421037313
2024-05-07,HYG,px,72.38554542238099
2024-05-07,LQD,px,115.23888417798895
2024-05-07,MKT_US,px,257.24696565686577
2024-05-07,OIL,px,58.68873276947831
2024-05-07,QQQ,px,167.78466447469935
2024-05-07,RATES_US10Y,yield,0.012775847759480012
2024-05-07,SPY,px,259.23151925973696
2024-05-07,TBILL3M_YIELD,yield,0.022515146887487524
2024-05-07,US10Y_YIELD,yield,0.07082246884886008
2024-05-07,US2Y_YIELD,yield,0.05396431068525393
2024-05-07,US30Y_YIELD,yield,0.08
2024-05-07,USD,px,95.84477722796268
2024-05-07,USDJPY,px,106.5141647216065
2024-05-07,VIX,px,35.68033769139097
2024-05-07,VOL,px,34.83129980207419
2024-05-08,EURUSD,px,1.1821276163245698
2024-05-08,GOLD,px,1539.4256772056603
2024-05-08,HYG,px,72.3365770850621
2024-05-08,LQD,px,116.02523918082714
2024-05-08,MKT_US,px,258.2582110376826
2024-05-08,OIL,px,58.598758222832366
2024-05-08,QQQ,px,167.72490203137906
2024-05-08,RATES_US10Y,yield,0.011164511161766475
2024-05-08,SPY,px,259.44285247630705
2024-05-08,TBILL3M_YIELD,yield,0.02069983681951632
2024-05-08,US10Y_YIELD,yield,0.07032329711529164
2024-05-08,US2Y_YIELD,yield,0.05276781103543512
2024-05-08,US30Y_YIELD,yield,0.08
2024-05-08,USD,px,96.06018975637896
2024-05-08,USDJPY,px,106.20546123104597
2024-05-08,VIX,px,35.89253072716521
2024-05-08,VOL,px,35.058113364532865
2024-05-09,EURUSD,px,1.1794416044420073
2024-05-09,GOLD,px,1528.351888959735
2024-05-09,HYG,px,71.87075611220658
2024-05-09,LQD,px,116.80186335985987
2024-05-09,MKT_US,px,256.3065883329131
2024-05-09,OIL,px,58.63947789778545
2024-05-09,QQQ,px,166.13865821628474
2024-05-09,RATES_US10Y,yield,0.010993240590049719
2024-05-09,SPY,px,257.4908383204149
2024-05-09,TBILL3M_YIELD,yield,0.021740571362998215
2024-05-09,US10Y_YIELD,yield,0.07420384372707506
2024-05-09,US2Y_YIELD,yield,0.05594157392979483
2024-05-09,US30Y_YIELD,yield,0.08
2024-05-09,USD,px,96.61281982669514
2024-05-09,USDJPY,px,106.29812025044622
2024-05-09,VIX,px,37.32931323298898
2024-05-09,VOL,px,36.2599521730879
2024-05-10,EURUSD,px,1.1921603519985542
2024-05-10,GOLD,px,1536.3159501242228
2024-05-10,HYG,px,71.76397698820523
2024-05-10,LQD,px,116.69438395487457
2024-05-10,MKT_US,px,257.20292776549405
2024-05-10,OIL,px,57.14091654869932
2024-05-10,QQQ,px,166.94887882719294
2024-05-10,RATES_US10Y,yield,0.011650678066992942
2024-05-10,SPY,px,259.30002953644015
2024-05-10,TBILL3M_YIELD,yield,0.023097875748379244
2024-05-10,US10Y_YIELD,yield,0.07669573892971802
2024-05-10,US2Y_YIELD,yield,0.05800732819809211
2024-05-10,US30Y_YIELD,yield,0.08
2024-05-10,USD,px,95.5420087648192
2024-05-10,USDJPY,px,105.5432888588372
2024-05-10,VIX,px,37.77935219145727
2024-05-10,VOL,px,36.59710459196493
2024-05-13,EURUSD,px,1.1902373576980798
2024-05-13,GOLD,px,1554.5364486286553
2024-05-13,HYG,px,71.50131192905978
2024-05-13,LQD,px,116.13890250325746
2024-05-13,MKT_US,px,257.90446579143173
2024-05-13,OIL,px,57.81229638553366
2024-05-13,QQQ,px,166.90630379097763
2024-05-13,RATES_US10Y,yield,0.012027934089917855
2024-05-13,SPY,px,259.34301363602464
2024-05-13,TBILL3M_YIELD,yield,0.023848895804585962
2024-05-13,US10Y_YIELD,yield,0.07709875745615008
2024-05-13,US2Y_YIELD,yield,0.0584591422377736
2024-05-13,US30Y_YIELD,yield,0.08
2024-05-13,USD,px,96.06243419027815
2024-05-13,USDJPY,px,105.40752793315508
2024-05-13,VIX,px,37.716552376304946
2024-05-13,VOL,px,36.36021705270708
2024-05-14,EURUSD,px,1.189909000245837
2024-05-14,GOLD,px,1547.9897608582417
2024-05-14,HYG,px,72.01505275300786
2024-05-14,LQD,px,116.53270946944637
2024-05-14,MKT_US,px,258.89756454719065
2024-05-14,OIL,px,57.32732224820646
2024-05-14,QQQ,px,168.27406332019973
2024-05-14,RATES_US10Y,yield,0.010957232870880244
2024-05-14,SPY,px,260.62193159227746
2024-05-14,TBILL3M_YIELD,yield,0.022333241361203415
2024-05-14,US10Y_YIELD,yield,0.07488621466318508
2024-05-14,US2Y_YIELD,yield,0.05586806736397464
2024-05-14,US30Y_YIELD,yield,0.08
2024-05-14,USD,px,95.96942499748988
2024-05-14,USDJPY,px,105.38826112542304
2024-05-14,VIX,px,36.953452541209025
2024-05-14,VOL,px,35.74879835120692
2024-05-15,EURUSD,px,1.1896141650096241
2024-05-15,GOLD,px,1543.3395598229338
2024-05-15,HYG,px,71.57230886632377
2024-05-15,LQD,px,116.63673373871501
2024-05-15,MKT_US,px,257.6095332930139
2024-05-15,OIL,px,56.919850262346365
2024-05-15,QQQ,px,166.14355455851788
2024-05-15,RATES_US10Y,yield,0.010538365544881405
2024-05-15,SPY,px,258.49701405456125
2024-05-15,TBILL3M_YIELD,yield,0.021401280035145347
2024-05-15,US10Y_YIELD,yield,0.0731835580857538
2024-05-15,US2Y_YIELD,yield,0.05466301422215983
2024-05-15,US30Y_YIELD,yield,0.08
2024-05-15,USD,px,96.36757673014408
2024-05-15,USDJPY,px,105.71046198998785
2024-05-15,VIX,px,36.73815896015297
2024-05-15,VOL,px,35.370231233786484
2024-05-16,EURUSD,px,1.1799294102323021
2024-05-16,GOLD,px,1511.7235502878848
2024-05-16,HYG,px,72.05413501958598
2024-05-16,LQD,px,116.4489391327773
2024-05-16,MKT_US,px,258.2040834606758
2024-05-16,OIL,px,56.621394806340795
2024-05-16,QQQ,px,166.96358704223618
2024-05-16,RATES_US10Y,yield,0.011956649010410056
2024-05-16,SPY,px,259.78331998537584
2024-05-16,TBILL3M_YIELD,yield,0.022279861223025353
2024-05-16,US10Y_YIELD,yield,0.07267527864905977
2024-05-16,US2Y_YIELD,yield,0.05467627592400108
2024-05-16,US30Y_YIELD,yield,0.08
2024-05-16,USD,px,97.02892295125194
2024-05-16,USDJPY,px,106.19357903561125
2024-05-16,VIX,px,35.80364887485866
2024-05-16,VOL,px,34.58098337592696
2024-05-17,EURUSD,px,1.1686387383412908
2024-05-17,GOLD,px,1503.5014196105021
2024-05-17,HYG,px,71.5158424862569
2024-05-17,LQD,px,116.6529027457864
2024-05-17,MKT_US,px,252.97619988779618
2024-05-17,OIL,px,56.36453675554698
2024-05-17,QQQ,px,163.27886728232792
2024-05-17,RATES_US10Y,yield,0.012186421225797037
2024-05-17,SPY,px,256.88882353195567
2024-05-17,TBILL3M_YIELD,yield,0.02264865678601906
2024-05-17,US10Y_YIELD,yield,0.07232395539702048
2024-05-17,US2Y_YIELD,yield,0.05474939406337782
2024-05-17,US30Y_YIELD,yield,0.08
2024-05-17,USD,px,97.40726960895583
2024-05-17,USDJPY,px,107.06880795825589
2024-05-17,VIX,px,36.047889629531355
2024-05-17,VOL,px,34.809491702154055
2024-05-20,EURUSD,px,1.1657084214848226
2024-05-20,GOLD,px,1488.5357862299043
2024-05-20,HYG,px,70.95721971262333
2024-05-20,LQD,px,116.98336240044836
2024-05-20,MKT_US,px,249.0378545705055
2024-05-20,OIL,px,56.58212550883497
2024-05-20,QQQ,px,160.80016744041006
2024-05-20,RATES_US10Y,yield,0.011764212601078156
2024-05-20,SPY,px,253.4964104970065
2024-05-20,TBILL3M_YIELD,yield,0.022546524551026348
2024-05-20,US10Y_YIELD,yield,0.07189170651310907
2024-05-20,US2Y_YIELD,yield,0.054758652759599125
2024-05-20,US30Y_YIELD,yield,0.08
2024-05-20,USD,px,97.62487903555886
2024-05-20,USDJPY,px,107.19313838879293
2024-05-20,VIX,px,36.56787756843368
2024-05-20,VOL,px,35.09245981303094
2024-05-21,EURUSD,px,1.1564341572411836
2024-05-21,GOLD,px,1495.1727959149835
2024-05-21,HYG,px,71.62063879538692
2024-05-21,LQD,px,116.16106551676143
2024-05-21,MKT_US,px,250.3424035979307
2024-05-21,OIL,px,55.56409658040563
2024-05-21,QQQ,px,162.00898908773456
2024-05-21,RATES_US10Y,yield,0.01246620699912307
2024-05-21,SPY,px,253.65689288112972
2024-05-21,TBILL3M_YIELD,yield,0.022265624857527356
2024-05-21,US10Y_YIELD,yield,0.06832299025573253
2024-05-21,US2Y_YIELD,yield,0.05202126585049953
2024-05-21,US30Y_YIELD,yield,0.07939056052972587
2024-05-21,USD,px,97.5252004782907
2024-05-21,USDJPY,px,106.83353834970197
2024-05-21,VIX,px,34.883975170322856
2024-05-21,VOL,px,33.60249153463939
2024-05-22,EURUSD,px,1.1499654744260888
2024-05-22,GOLD,px,1483.0008257960897
2024-05-22,HYG,px,71.37752100737232
2024-05-22,LQD,px,116.21209154465643
2024-05-22,MKT_US,px,248.61263300928823
2024-05-22,OIL,px,54.86360206764326
2024-05-22,QQQ,px,160.65311037200667
2024-05-22,RATES_US10Y,yield,0.014282383593582566
2024-05-22,SPY,px,251.24198785717707
2024-05-22,TBILL3M_YIELD,yield,0.02491850036194184
2024-05-22,US10Y_YIELD,yield,0.07005164027225635
2024-05-22,US2Y_YIELD,yield,0.05396156397684579
2024-05-22,US30Y_YIELD,yield,0.08
2024-05-22,USD,px,98.09108043890879
2024-05-22,USDJPY,px,107.09445614867238
2024-05-22,VIX,px,34.75340711803163
2024-05-22,VOL,px,33.51940838458195
2024-05-23,EURUSD,px,1.1571529936444165
2024-05-23,GOLD,px,1479.9954122097474
2024-05-23,HYG,px,71.01251101357371
2024-05-23,LQD,px,115.7470456554701
2024-05-23,MKT_US,px,248.617618201269
2024-05-23,OIL,px,54.76317488048538
2024-05-23,QQQ,px,161.46024635597925
2024-05-23,RATES_US10Y,yield,0.015167217233395603
2024-05-23,SPY,px,250.77232697555138
2024-05-23,TBILL3M_YIELD,yield,0.026636599303511768
2024-05-23,US10Y_YIELD,yield,0.07265354493952522
2024-05-23,US2Y_YIELD,yield,0.05630718331337323
2024-05-23,US30Y_YIELD,yield,0.08
2024-05-23,USD,px,98.11349867910486
2024-05-23,USDJPY,px,107.4206997335737
2024-05-23,VIX,px,35.34978949045082
2024-05-23,VOL,px,33.872832815038976
2024-05-24,EURUSD,px,1.1674641348583334
2024-05-24,GOLD,px,1472.5355821804792
2024-05-24,HYG,px,71.62215820349289
2024-05-24,LQD,px,115.61862926003327
2024-05-24,MKT_US,px,252.93003314989903
2024-05-24,OIL,px,55.14984576633115
2024-05-24,QQQ,px,164.82832154118793
2024-05-24,RATES_US10Y,yield,0.015309174828098791
2024-05-24,SPY,px,254.28908174619252
2024-05-24,TBILL3M_YIELD,yield,0.026671145020472672
2024-05-24,US10Y_YIELD,yield,0.07386894167268707
2024-05-24,US2Y_YIELD,yield,0.057269648100445374
2024-05-24,US30Y_YIELD,yield,0.08
2024-05-24,USD,px,98.12897869391888
2024-05-24,USDJPY,px,107.13663412168812
2024-05-24,VIX,px,35.115834250633256
2024-05-24,VOL,px,33.80714108963725
2024-05-27,EURUSD,px,1.1628905296176666
2024-05-27,GOLD,px,1470.6708661374091
2024-05-27,HYG,px,71.55577904696716
2024-05-27,LQD,px,116.23438754072475
2024-05-27,MKT_US,px,251.52546046457644
2024-05-27,OIL,px,54.70011045542706
2024-05-27,QQQ,px,164.500863206083
2024-05-27,RATES_US10Y,yield,0.015569502433054445
2024-05-27,SPY,px,252.56553888815228
2024-05-27,TBILL3M_YIELD,yield,0.026466392143439474
2024-05-27,US10Y_YIELD,yield,0.07212457541435356
2024-05-27,US2Y_YIELD,yield,0.056038792681852016
2024-05-27,US30Y_YIELD,yield,0.08
2024-05-27,USD,px,98.7064978282949
2024-05-27,USDJPY,px,107.38777418046156
2024-05-27,VIX,px,34.56281030773785
2024-05-27,VOL,px,33.07857963960205
2024-05-28,EURUSD,px,1.1517537752432234
2024-05-28,GOLD,px,1481.0092502493374
2024-05-28,HYG,px,70.83972642103797
2024-05-28,LQD,px,115.75353530565235
2024-05-28,MKT_US,px,249.16525355167045
2024-05-28,OIL,px,54.30548979402117
2024-05-28,QQQ,px,162.31450585955517
2024-05-28,RATES_US10Y,yield,0.01571014091909096
2024-05-28,SPY,px,249.76887053521426
2024-05-28,TBILL3M_YIELD,yield,0.02771319670505936
2024-05-28,US10Y_YIELD,yield,0.07482292433207721
2024-05-28,US2Y_YIELD,yield,0.058669997794553085
2024-05-28,US30Y_YIELD,yield,0.08
2024-05-28,USD,px,99.17463235957607
2024-05-28,USDJPY,px,107.9621407579542
2024-05-28,VIX,px,35.37891671959301
2024-05-28,VOL,px,33.90612144081581
2024-05-29,EURUSD,px,1.1542957226156947
2024-05-29,GOLD,px,1473.3457779023208
2024-05-29,HYG,px,71.339246546182
2024-05-29,LQD,px,115.44644361587275
2024-05-29,MKT_US,px,250.53615517729855
2024-05-29,OIL,px,53.60448040899987
2024-05-29,QQQ,px,163.7741125731687
2024-05-29,RATES_US10Y,yield,0.014792540028793294
2024-05-29,SPY,px,250.63280304252766
2024-05-29,TBILL3M_YIELD,yield,0.026758634102367583
2024-05-29,US10Y_YIELD,yield,0.0733150080723933
2024-05-29,US2Y_YIELD,yield,0.056961322528735064
2024-05-29,US30Y_YIELD,yield,0.08
2024-05-29,USD,px,98.5764081557128
2024-05-29,USDJPY,px,107.97841327924485
2024-05-29,VIX,px,34.962280411066416
2024-05-29,VOL,px,33.34090611848318
2024-05-30,EURUSD,px,1.1456341442556337
2024-05-30,GOLD,px,1470.5893304665742
2024-05-30,HYG,px,72.00705463405386
2024-05-30,LQD,px,115.29945449281443
2024-05-30,MKT_US,px,253.14585750231822
2024-05-30,OIL,px,53.683643074609726
2024-05-30,QQQ,px,165.8349025908091
2024-05-30,RATES_US10Y,yield,0.014162026985786074
2024-05-30,SPY,px,251.61812590748082
2024-05-30,TBILL3M_YIELD,yield,0.02486201949435143
2024-05-30,US10Y_YIELD,yield,0.07026042028912421
2024-05-30,US2Y_YIELD,yield,0.05409753353622927
2024-05-30,US30Y_YIELD,yield,0.07999498929104293
2024-05-30,USD,px,98.38805945881133
2024-05-30,USDJPY,px,107.93408990742147
2024-05-30,VIX,px,34.161365225982735
2024-05-30,VOL,px,32.605431556533446
2024-05-31,EURUSD,px,1.1408600536021738
2024-05-31,GOLD,px,1462.6222328696663
2024-05-31,HYG,px,72.57471009474756
2024-05-31,LQD,px,115.49146910770291
2024-05-31,MKT_US,px,255.4376176084353
2024-05-31,OIL,px,54.23384875927132
2024-05-31,QQQ,px,166.6980536330865
2024-05-31,RATES_US10Y,yield,0.014091970663118434
2024-05-31,SPY,px,252.12917856405906
2024-05-31,TBILL3M_YIELD,yield,0.02434722726002733
2024-05-31,US10Y_YIELD,yield,0.06827243770923905
2024-05-31,US2Y_YIELD,yield,0.05264586669707437
2024-05-31,US30Y_YIELD,yield,0.07757301910257666
2024-05-31,USD,px,98.39861763473765
2024-05-31,USDJPY,px,107.66268997830271
2024-05-31,VIX,px,33.46979990863729
2024-05-31,VOL,px,31.90685614543536
2024-06-03,EURUSD,px,1.1401385795154877
2024-06-03,GOLD,px,1465.1902973153815
2024-06-03,HYG,px,72.58835623540645
2024-06-03,LQD,px,115.93016614504218
2024-06-03,MKT_US,px,254.45331616851863
2024-06-03,OIL,px,53.60681561583522
2024-06-03,QQQ,px,166.09392404404613
2024-06-03,RATES_US10Y,yield,0.013500200156118716
2024-06-03,SPY,px,251.79222501880858
2024-06-03,TBILL3M_YIELD,yield,0.023290758139445866
2024-06-03,US10Y_YIELD,yield,0.06748637077165393
2024-06-03,US2Y_YIELD,yield,0.051898245214390265
2024-06-03,US30Y_YIELD,yield,0.07713259021121453
2024-06-03,USD,px,99.67541819735682
2024-06-03,USDJPY,px,107.99272655528364
2024-06-03,VIX,px,33.56730025180232
2024-06-03,VOL,px,31.852519665823195
2024-06-04,EURUSD,px,1.144379533212559
2024-06-04,GOLD,px,1446.7066414112778
2024-06-04,HYG,px,72.70404638741775
2024-06-04,LQD,px,116.27807652122368
2024-06-04,MKT_US,px,254.93328890754808
2024-06-04,OIL,px,54.87425929782512
2024-06-04,QQQ,px,166.66850782103904
2024-06-04,RATES_US10Y,yield,0.013391758891825659
2024-06-04,SPY,px,251.5730425821692
2024-06-04,TBILL3M_YIELD,yield,0.02396580633388195
2024-06-04,US10Y_YIELD,yield,0.06964246918486003
2024-06-04,US2Y_YIELD,yield,0.05337557378915128
2024-06-04,US30Y_YIELD,yield,0.07990514122534098
2024-06-04,USD,px,99.59751864017174
2024-06-04,USDJPY,px,108.30691587510914
2024-06-04,VIX,px,34.189199182582335
2024-06-04,VOL,px,32.65082624318224
2024-06-05,EURUSD,px,1.1352666701102054
2024-06-05,GOLD,px,1434.8796874024545
2024-06-05,HYG,px,72.35691656485875
2024-06-05,LQD,px,116.01412790157097
2024-06-05,MKT_US,px,255.24179949550125
2024-06-05,OIL,px,55.77906898332169
2024-06-05,QQQ,px,167.10429128903849
2024-06-05,RATES_US10Y,yield,0.013419062978587668
2024-06-05,SPY,px,250.76774302452054
2024-06-05,TBILL3M_YIELD,yield,0.0247389507889332
2024-06-05,US10Y_YIELD,yield,0.07225542241496599
2024-06-05,US2Y_YIELD,yield,0.05551877580586971
2024-06-05,US30Y_YIELD,yield,0.08
2024-06-05,USD,px,100.49856253100533
2024-06-05,USDJPY,px,109.14853562945076
2024-06-05,VIX,px,35.01917276350641
2024-06-05,VOL,px,33.49193427557481
2024-06-06,EURUSD,px,1.1326940027639014
2024-06-06,GOLD,px,1419.3130282499571
2024-06-06,HYG,px,71.39992583075899
2024-06-06,LQD,px,115.27299149621649
2024-06-06,MKT_US,px,252.5775175342524
2024-06-06,OIL,px,55.65134302148153
2024-06-06,QQQ,px,164.33655785943216
2024-06-06,RATES_US10Y,yield,0.015310431413930795
2024-06-06,SPY,px,249.75531482607025
2024-06-06,TBILL3M_YIELD,yield,0.027320299651916444
2024-06-06,US10Y_YIELD,yield,0.07394367425314646
2024-06-06,US2Y_YIELD,yield,0.0578384274625766
2024-06-06,US30Y_YIELD,yield,0.08
2024-06-06,USD,px,100.36811866912205
2024-06-06,USDJPY,px,109.19853786689615
2024-06-06,VIX,px,35.45508007870344
2024-06-06,VOL,px,33.64280422781401
2024-06-07,EURUSD,px,1.134734487770453
2024-06-07,GOLD,px,1405.34256201658
2024-06-07,HYG,px,71.60483381381961
2024-06-07,LQD,px,116.098932576203
2024-06-07,MKT_US,px,252.68986625512406
2024-06-07,OIL,px,56.212787110669765
2024-06-07,QQQ,px,165.2360002121832
2024-06-07,RATES_US10Y,yield,0.014479387795740043
2024-06-07,SPY,px,251.96922441736174
2024-06-07,TBILL3M_YIELD,yield,0.025597317412975107
2024-06-07,US10Y_YIELD,yield,0.07082064109420973
2024-06-07,US2Y_YIELD,yield,0.05535812817861145
2024-06-07,US30Y_YIELD,yield,0.08
2024-06-07,USD,px,100.93425686226307
2024-06-07,USDJPY,px,109.33431025552431
2024-06-07,VIX,px,34.74742167402131
2024-06-07,VOL,px,33.02619651645566
2024-06-10,EURUSD,px,1.134481087892615
2024-06-10,GOLD,px,1415.575535794527
2024-06-10,HYG,px,71.88982442379478
2024-06-10,LQD,px,115.96929537244708
2024-06-10,MKT_US,px,252.98190429374827
2024-06-10,OIL,px,55.00231527241637
2024-06-10,QQQ,px,165.55683444994816
2024-06-10,RATES_US10Y,yield,0.014384509963786641
2024-06-10,SPY,px,251.2575942935539
2024-06-10,TBILL3M_YIELD,yield,0.025103449433141516
2024-06-10,US10Y_YIELD,yield,0.06916592876939467
2024-06-10,US2Y_YIELD,yield,0.05424219041642855
2024-06-10,US30Y_YIELD,yield,0.07887215799339894
2024-06-10,USD,px,100.89226051505172
2024-06-10,USDJPY,px,109.11091189632003
2024-06-10,VIX,px,34.23145883887709
2024-06-10,VOL,px,32.720845428045
2024-06-11,EURUSD,px,1.1271185367875962
2024-06-11,GOLD,px,1445.488641112485
2024-06-11,HYG,px,72.26993748183057
2024-06-11,LQD,px,116.6415783840437
2024-06-11,MKT_US,px,252.5829718276343
2024-06-11,OIL,px,53.9777569067597
2024-06-11,QQQ,px,164.2792598081975
2024-06-11,RATES_US10Y,yield,0.014054043606591581
2024-06-11,SPY,px,248.60362325725112
2024-06-11,TBILL3M_YIELD,yield,0.02403714563269295
2024-06-11,US10Y_YIELD,yield,0.06719186034184838
2024-06-11,US2Y_YIELD,yield,0.05240015492403758
2024-06-11,US30Y_YIELD,yield,0.07566080658283245
2024-06-11,USD,px,101.41191878704274
2024-06-11,USDJPY,px,109.21047282300871
2024-06-11,VIX,px,33.63426102009341
2024-06-11,VOL,px,32.07693499384972
2024-06-12,EURUSD,px,1.124114610269711
2024-06-12,GOLD,px,1434.7898175053226
2024-06-12,HYG,px,72.35950630496755
2024-06-12,LQD,px,116.56620837767653
2024-06-12,MKT_US,px,253.07743247094692
2024-06-12,OIL,px,53.32914949430247
2024-06-12,QQQ,px,163.7548201704378
2024-06-12,RATES_US10Y,yield,0.01436602537841615
2024-06-12,SPY,px,249.31663828887775
2024-06-12,TBILL3M_YIELD,yield,0.024921981296540465
2024-06-12,US10Y_YIELD,yield,0.06717479728942954
2024-06-12,US2Y_YIELD,yield,0.05261562673866893
2024-06-12,US30Y_YIELD,yield,0.07565812389113788
2024-06-12,USD,px,101.78024526339267
2024-06-12,USDJPY,px,109.79737490735675
2024-06-12,VIX,px,33.477300362873244
2024-06-12,VOL,px,31.995151206807957
2024-06-13,EURUSD,px,1.1253439391794955
2024-06-13,GOLD,px,1447.7852168815068
2024-06-13,HYG,px,72.87078041580531
2024-06-13,LQD,px,116.63341433911401
2024-06-13,MKT_US,px,253.61158823628028
2024-06-13,OIL,px,53.08670827886033
2024-06-13,QQQ,px,164.28611425722323
2024-06-13,RATES_US10Y,yield,0.015181464404281102
2024-06-13,SPY,px,248.5390023394014
2024-06-13,TBILL3M_YIELD,yield,0.024819689517189006
2024-06-13,US10Y_YIELD,yield,0.0636533179121457
2024-06-13,US2Y_YIELD,yield,0.05088122679144791
2024-06-13,US30Y_YIELD,yield,0.07142205662990078
2024-06-13,USD,px,100.9076109227663
2024-06-13,USDJPY,px,108.86734898911484
2024-06-13,VIX,px,32.362025720986004
2024-06-13,VOL,px,30.84395069410043
2024-06-14,EURUSD,px,1.1234097756811012
2024-06-14,GOLD,px,1458.049193287547
2024-06-14,HYG,px,72.9312408493946
2024-06-14,LQD,px,116.51580724263698
2024-06-14,MKT_US,px,254.89966191542496
2024-06-14,OIL,px,53.06450322041588
2024-06-14,QQQ,px,165.3644508374185
2024-06-14,RATES_US10Y,yield,0.014954162958157057
2024-06-14,SPY,px,250.21051121381203
2024-06-14,TBILL3M_YIELD,yield,0.0243902401324141
2024-06-14,US10Y_YIELD,yield,0.06346535642230558
2024-06-14,US2Y_YIELD,yield,0.050841418685937605
2024-06-14,US30Y_YIELD,yield,0.07192122347398072
2024-06-14,USD,px,100.23840143486657
2024-06-14,USDJPY,px,108.52451274139625
2024-06-14,VIX,px,32.372700638303925
2024-06-14,VOL,px,30.788687996734314
2024-06-17,EURUSD,px,1.12547154172886
2024-06-17,GOLD,px,1447.19176570309
2024-06-17,HYG,px,72.26047361505933
2024-06-17,LQD,px,116.56782594919241
2024-06-17,MKT_US,px,254.9833149297147
2024-06-17,OIL,px,52.788730776265986
2024-06-17,QQQ,px,165.01229040404561
2024-06-17,RATES_US10Y,yield,0.01440006600815281
2024-06-17,SPY,px,249.53894721819293
2024-06-17,TBILL3M_YIELD,yield,0.02381898430081795
2024-06-17,US10Y_YIELD,yield,0.0636920034508041
2024-06-17,US2Y_YIELD,yield,0.0510828873119462
2024-06-17,US30Y_YIELD,yield,0.07346049554142647
2024-06-17,USD,px,100.13999450051688
2024-06-17,USDJPY,px,108.05621454089923
2024-06-17,VIX,px,32.72595265906836
2024-06-17,VOL,px,31.36068787340738
2024-06-18,EURUSD,px,1.125688060869933
2024-06-18,GOLD,px,1445.6832214912206
2024-06-18,HYG,px,72.34435539985981
2024-06-18,LQD,px,116.74468999097226
2024-06-18,MKT_US,px,254.78607455706998
2024-06-18,OIL,px,52.773679126931064
2024-06-18,QQQ,px,165.09806324951276
2024-06-18,RATES_US10Y,yield,0.012981641037082756
2024-06-18,SPY,px,250.37566741923087
2024-06-18,TBILL3M_YIELD,yield,0.021908060165521423
2024-06-18,US10Y_YIELD,yield,0.062164966721242984
2024-06-18,US2Y_YIELD,yield,0.04955902612979171
2024-06-18,US30Y_YIELD,yield,0.07235530515934481
2024-06-18,USD,px,100.30894756240576
2024-06-18,USDJPY,px,107.71232148550791
2024-06-18,VIX,px,32.692670191161326
2024-06-18,VOL,px,31.40424479239896
2024-06-19,EURUSD,px,1.1282875339468739
2024-06-19,GOLD,px,1448.916415783413
2024-06-19,HYG,px,71.60503089467605
2024-06-19,LQD,px,116.5499542022964
2024-06-19,MKT_US,px,252.4614035674668
2024-06-19,OIL,px,51.621295960829485
2024-06-19,QQQ,px,162.96238292326424
2024-06-19,RATES_US10Y,yield,0.012371985459758365
2024-06-19,SPY,px,246.6975162202027
2024-06-19,TBILL3M_YIELD,yield,0.02129076581921987
2024-06-19,US10Y_YIELD,yield,0.06248896278894968
2024-06-19,US2Y_YIELD,yield,0.049172889949950616
2024-06-19,US30Y_YIELD,yield,0.07247551145811411
2024-06-19,USD,px,99.7882150693327
2024-06-19,USDJPY,px,107.0752570820889
2024-06-19,VIX,px,33.05283377187172
2024-06-19,VOL,px,31.58223762650631
2024-06-20,EURUSD,px,1.118268128165532
2024-06-20,GOLD,px,1438.850137924153
2024-06-20,HYG,px,71.89111929115322
2024-06-20,LQD,px,116.55461205969374
2024-06-20,MKT_US,px,253.25701252944353
2024-06-20,OIL,px,52.063621487447094
2024-06-20,QQQ,px,163.31598302601577
2024-06-20,RATES_US10Y,yield,0.012909339607406794
2024-06-20,SPY,px,245.75494152382873
2024-06-20,TBILL3M_YIELD,yield,0.02118728249784816
2024-06-20,US10Y_YIELD,yield,0.06061384931917209
2024-06-20,US2Y_YIELD,yield,0.04815785241569495
2024-06-20,US30Y_YIELD,yield,0.07057535723736286
2024-06-20,USD,px,100.15992375485483
2024-06-20,USDJPY,px,106.94029218976577
2024-06-20,VIX,px,32.489736591311235
2024-06-20,VOL,px,31.04093540880865
2024-06-21,EURUSD,px,1.1135231985016667
2024-06-21,GOLD,px,1453.260807715214
2024-06-21,HYG,px,71.4731008848634
2024-06-21,LQD,px,116.37375593336242
2024-06-21,MKT_US,px,250.7352533433667
2024-06-21,OIL,px,50.86566633466962
2024-06-21,QQQ,px,160.35183647141616
2024-06-21,RATES_US10Y,yield,0.013122540517035245
2024-06-21,SPY,px,242.05609683835115
2024-06-21,TBILL3M_YIELD,yield,0.020275211044192686
2024-06-21,US10Y_YIELD,yield,0.05688047421214175
2024-06-21,US2Y_YIELD,yield,0.04549361763984083
2024-06-21,US30Y_YIELD,yield,0.06569744052542689
2024-06-21,USD,px,100.36604160943415
2024-06-21,USDJPY,px,107.25298479967527
2024-06-21,VIX,px,31.717407306937577
2024-06-21,VOL,px,30.011968931239917
2024-06-24,EURUSD,px,1.1069867076339652
2024-06-24,GOLD,px,1429.060401156731
2024-06-24,HYG,px,71.49694733878388
2024-06-24,LQD,px,116.71763736652933
2024-06-24,MKT_US,px,250.240979153553
2024-06-24,OIL,px,50.52016953399006
2024-06-24,QQQ,px,158.6643563526235
2024-06-24,RATES_US10Y,yield,0.012810773532779575
2024-06-24,SPY,px,241.13984121011626
2024-06-24,TBILL3M_YIELD,yield,0.01854954139392047
2024-06-24,US10Y_YIELD,yield,0.05407485014135627
2024-06-24,US2Y_YIELD,yield,0.043647140316828224
2024-06-24,US30Y_YIELD,yield,0.06317755792269916
2024-06-24,USD,px,100.39655847455155
2024-06-24,USDJPY,px,107.16544869355602
2024-06-24,VIX,px,31.46586493521414
2024-06-24,VOL,px,29.72537787137727
2024-06-25,EURUSD,px,1.112374445818554
2024-06-25,GOLD,px,1434.7358172124461
2024-06-25,HYG,px,70.84677441995433
2024-06-25,LQD,px,116.50434007280069
2024-06-25,MKT_US,px,248.56297111218436
2024-06-25,OIL,px,50.386212695150846
2024-06-25,QQQ,px,158.16279484197952
2024-06-25,RATES_US10Y,yield,0.012648962656236034
2024-06-25,SPY,px,240.5850416050033
2024-06-25,TBILL3M_YIELD,yield,0.01866593567042008
2024-06-25,US10Y_YIELD,yield,0.05650891491703247
2024-06-25,US2Y_YIELD,yield,0.04527176024901276
2024-06-25,US30Y_YIELD,yield,0.06600445860929582
2024-06-25,USD,px,100.19839637427899
2024-06-25,USDJPY,px,106.95518452044494
2024-06-25,VIX,px,32.06643727322837
2024-06-25,VOL,px,30.418950564448853
2024-06-26,EURUSD,px,1.110588093009687
2024-06-26,GOLD,px,1440.8015777033672
2024-06-26,HYG,px,68.7763392094473
2024-06-26,LQD,px,116.10134167230763
2024-06-26,MKT_US,px,240.12735295463048
2024-06-26,OIL,px,49.967661155440574
2024-06-26,QQQ,px,151.1950589194484
2024-06-26,RATES_US10Y,yield,0.012469797804866617
2024-06-26,SPY,px,230.60460965963534
2024-06-26,TBILL3M_YIELD,yield,0.021322408187838048
2024-06-26,US10Y_YIELD,yield,0.06529387252898024
2024-06-26,US2Y_YIELD,yield,0.05280749424946913
2024-06-26,US30Y_YIELD,yield,0.07623137336594749
2024-06-26,USD,px,100.60220462241224
2024-06-26,USDJPY,px,107.57015393223018
2024-06-26,VIX,px,35.629645874650905
2024-06-26,VOL,px,33.43520233613566
2024-06-27,EURUSD,px,1.1151990078609724
2024-06-27,GOLD,px,1437.510493509778
2024-06-27,HYG,px,69.16344626892887
2024-06-27,LQD,px,115.94482799867805
2024-06-27,MKT_US,px,243.4046106267431
2024-06-27,OIL,px,49.207119995241186
2024-06-27,QQQ,px,152.76887431609939
2024-06-27,RATES_US10Y,yield,0.012715903992789757
2024-06-27,SPY,px,232.78954654482266
2024-06-27,TBILL3M_YIELD,yield,0.021935598850251422
2024-06-27,US10Y_YIELD,yield,0.0651467898262139
2024-06-27,US2Y_YIELD,yield,0.05312144736395832
2024-06-27,US30Y_YIELD,yield,0.07600715436840935
2024-06-27,USD,px,100.70549256554655
2024-06-27,USDJPY,px,107.1885625253136
2024-06-27,VIX,px,35.27834356820809
2024-06-27,VOL,px,33.252952482548324
2024-06-28,EURUSD,px,1.1091257107468253
2024-06-28,GOLD,px,1437.741610903141
2024-06-28,HYG,px,68.61784950518249
2024-06-28,LQD,px,115.86453992878138
2024-06-28,MKT_US,px,239.877396036983
2024-06-28,OIL,px,48.75975503798682
2024-06-28,QQQ,px,149.1577787200918
2024-06-28,RATES_US10Y,yield,0.01230896993252501
2024-06-28,SPY,px,228.69915771891704
2024-06-28,TBILL3M_YIELD,yield,0.021766035965521395
2024-06-28,US10Y_YIELD,yield,0.06672706961279279
2024-06-28,US2Y_YIELD,yield,0.05423078651978409
2024-06-28,US30Y_YIELD,yield,0.07787683160504374
2024-06-28,USD,px,101.42830320654907
2024-06-28,USDJPY,px,108.11282464066818
2024-06-28,VIX,px,36.3467621626842
2024-06-28,VOL,px,34.0666659191706
2024-07-01,EURUSD,px,1.1107281358593803
2024-07-01,GOLD,px,1452.914440390929
2024-07-01,HYG,px,68.64935420411788
2024-07-01,LQD,px,116.55428032973099
2024-07-01,MKT_US,px,241.3617672966075
2024-07-01,OIL,px,48.92658850908851
2024-07-01,QQQ,px,151.5081353565978
2024-07-01,RATES_US10Y,yield,0.012324793424344935
2024-07-01,SPY,px,230.27050504212286
2024-07-01,TBILL3M_YIELD,yield,0.021091432126871916
2024-07-01,US10Y_YIELD,yield,0.06655185344089057
2024-07-01,US2Y_YIELD,yield,0.05345403147187109
2024-07-01,US30Y_YIELD,yield,0.07729194824191463
2024-07-01,USD,px,100.56640305428665
2024-07-01,USDJPY,px,107.61614481281437
2024-07-01,VIX,px,36.11997333976452
2024-07-01,VOL,px,33.82336127686916
2024-07-02,EURUSD,px,1.108358428974452
2024-07-02,GOLD,px,1462.3739611998176
2024-07-02,HYG,px,67.98367945935044
2024-07-02,LQD,px,116.64348499978361
2024-07-02,MKT_US,px,237.7893361756031
2024-07-02,OIL,px,49.45641645667256
2024-07-02,QQQ,px,149.4403140809632
2024-07-02,RATES_US10Y,yield,0.01082720894906857
2024-07-02,SPY,px,227.26634877070765
2024-07-02,TBILL3M_YIELD,yield,0.02012566272342403
2024-07-02,US10Y_YIELD,yield,0.06818531480289614
2024-07-02,US2Y_YIELD,yield,0.05431246987786169
2024-07-02,US30Y_YIELD,yield,0.07923642756917082
2024-07-02,USD,px,100.29612257212224
2024-07-02,USDJPY,px,107.5447352223097
2024-07-02,VIX,px,37.433993433762346
2024-07-02,VOL,px,34.95544846344842
2024-07-03,EURUSD,px,1.1049525748205935
2024-07-03,GOLD,px,1461.544621270405
2024-07-03,HYG,px,68.28634141540452
2024-07-03,LQD,px,116.63367424088892
2024-07-03,MKT_US,px,238.4502269026177
2024-07-03,OIL,px,49.64197300510816
2024-07-03,QQQ,px,149.6733913620507
2024-07-03,RATES_US10Y,yield,0.010187001409918158
2024-07-03,SPY,px,228.59053073097635
2024-07-03,TBILL3M_YIELD,yield,0.019489679350270545
2024-07-03,US10Y_YIELD,yield,0.06854633252962841
2024-07-03,US2Y_YIELD,yield,0.054230064747516425
2024-07-03,US30Y_YIELD,yield,0.08
2024-07-03,USD,px,100.79673113463438
2024-07-03,USDJPY,px,107.18000620444715
2024-07-03,VIX,px,37.81830439335877
2024-07-03,VOL,px,35.26634834507489
2024-07-04,EURUSD,px,1.1095633255616189
2024-07-04,GOLD,px,1473.0091069603927
2024-07-04,HYG,px,68.39707113684477
2024-07-04,LQD,px,116.32507186906761
2024-07-04,MKT_US,px,239.35282212647454
2024-07-04,OIL,px,49.16556171311461
2024-07-04,QQQ,px,149.91334510139188
2024-07-04,RATES_US10Y,yield,0.011435406870230366
2024-07-04,SPY,px,229.98189727052707
2024-07-04,TBILL3M_YIELD,yield,0.020576139239793734
2024-07-04,US10Y_YIELD,yield,0.0685639042206793
2024-07-04,US2Y_YIELD,yield,0.05492249056455787
2024-07-04,US30Y_YIELD,yield,0.08
2024-07-04,USD,px,100.20887299767021
2024-07-04,USDJPY,px,106.77532583619458
2024-07-04,VIX,px,37.5013037435979
2024-07-04,VOL,px,35.0389168879338
2024-07-05,EURUSD,px,1.1163384107328709
2024-07-05,GOLD,px,1450.5396759665468
2024-07-05,HYG,px,68.09048656536751
2024-07-05,LQD,px,116.8593521684209
2024-07-05,MKT_US,px,235.8138623534242
2024-07-05,OIL,px,48.682066891169825
2024-07-05,QQQ,px,146.81605799695038
2024-07-05,RATES_US10Y,yield,0.009730868601093939
2024-07-05,SPY,px,226.44878813877602
2024-07-05,TBILL3M_YIELD,yield,0.018443704945706067
2024-07-05,US10Y_YIELD,yield,0.06780240232782281
2024-07-05,US2Y_YIELD,yield,0.05399150179819484
2024-07-05,US30Y_YIELD,yield,0.08
2024-07-05,USD,px,100.40727496431896
2024-07-05,USDJPY,px,106.98180853287984
2024-07-05,VIX,px,38.23117494554336
2024-07-05,VOL,px,35.603363489084714
2024-07-08,EURUSD,px,1.116070482757378
2024-07-08,GOLD,px,1476.041411877645
2024-07-08,HYG,px,67.95975736847183
2024-07-08,LQD,px,116.86105416609772
2024-07-08,MKT_US,px,235.02891616857409
2024-07-08,OIL,px,48.20598873315426
2024-07-08,QQQ,px,145.779260000562
2024-07-08,RATES_US10Y,yield,0.009602153929749538
2024-07-08,SPY,px,225.61840866694143
2024-07-08,TBILL3M_YIELD,yield,0.020271619628517826
2024-07-08,US10Y_YIELD,yield,0.07491443082594439
2024-07-08,US2Y_YIELD,yield,0.059789520484320034
2024-07-08,US30Y_YIELD,yield,0.08
2024-07-08,USD,px,100.56558219364852
2024-07-08,USDJPY,px,107.1302316979275
2024-07-08,VIX,px,40.77022766951563
2024-07-08,VOL,px,38.354701022591875
2024-07-09,EURUSD,px,1.1163787291741782
2024-07-09,GOLD,px,1501.3186181763958
2024-07-09,HYG,px,68.78185939633453
2024-07-09,LQD,px,116.86340899312165
2024-07-09,MKT_US,px,239.0863788096799
2024-07-09,OIL,px,48.590902970901666
2024-07-09,QQQ,px,148.28136960174896
2024-07-09,RATES_US10Y,yield,0.009602837051595993
2024-07-09,SPY,px,229.13129870948555
2024-07-09,TBILL3M_YIELD,yield,0.020005246451028698
2024-07-09,US10Y_YIELD,yield,0.07415300518313617
2024-07-09,US2Y_YIELD,yield,0.05872729253405059
2024-07-09,US30Y_YIELD,yield,0.08
2024-07-09,USD,px,100.5297961203331
2024-07-09,USDJPY,px,106.53815697157296
2024-07-09,VIX,px,39.91068800981897
2024-07-09,VOL,px,37.71379311212478
2024-07-10,EURUSD,px,1.1153475845457543
2024-07-10,GOLD,px,1508.8213141417693
2024-07-10,HYG,px,69.2569466663291
2024-07-10,LQD,px,116.96486257649173
2024-07-10,MKT_US,px,239.56102369838615
2024-07-10,OIL,px,47.15425586404982
2024-07-10,QQQ,px,148.76472978645853
2024-07-10,RATES_US10Y,yield,0.009332314904398436
2024-07-10,SPY,px,229.76067250543494
2024-07-10,TBILL3M_YIELD,yield,0.018455866305621724
2024-07-10,US10Y_YIELD,yield,0.07093218574633597
2024-07-10,US2Y_YIELD,yield,0.055636175173337396
2024-07-10,US30Y_YIELD,yield,0.08
2024-07-10,USD,px,100.74239097712277
2024-07-10,USDJPY,px,106.50457364756738
2024-07-10,VIX,px,38.74766837656481
2024-07-10,VOL,px,36.72055721287171
2024-07-11,EURUSD,px,1.1182085139923013
2024-07-11,GOLD,px,1522.9547910026135
2024-07-11,HYG,px,69.13931866919324
2024-07-11,LQD,px,117.14328333595196
2024-07-11,MKT_US,px,237.96212190712703
2024-07-11,OIL,px,47.995641143877165
2024-07-11,QQQ,px,148.99828711014345
2024-07-11,RATES_US10Y,yield,0.00870139795868738
2024-07-11,SPY,px,228.56173755899604
2024-07-11,TBILL3M_YIELD,yield,0.01739929961368696
2024-07-11,US10Y_YIELD,yield,0.07080842657900889
2024-07-11,US2Y_YIELD,yield,0.05528280584513351
2024-07-11,US30Y_YIELD,yield,0.08
2024-07-11,USD,px,100.53763951206105
2024-07-11,USDJPY,px,106.9076214860726
2024-07-11,VIX,px,38.94603009891945
2024-07-11,VOL,px,36.80666007390904
2024-07-12,EURUSD,px,1.1118908542628796
2024-07-12,GOLD,px,1504.0701929219572
2024-07-12,HYG,px,69.14784248916581
2024-07-12,LQD,px,117.24554839065117
2024-07-12,MKT_US,px,236.81299167803886
2024-07-12,OIL,px,47.94390207540275
2024-07-12,QQQ,px,148.7926671090124
2024-07-12,RATES_US10Y,yield,0.008695871107017547
2024-07-12,SPY,px,228.38867922968785
2024-07-12,TBILL3M_YIELD,yield,0.017108031915052495
2024-07-12,US10Y_YIELD,yield,0.07064366581600806
2024-07-12,US2Y_YIELD,yield,0.055195162102650616
2024-07-12,US30Y_YIELD,yield,0.08
2024-07-12,USD,px,101.06136077772992
2024-07-12,USDJPY,px,107.13324901351571
2024-07-12,VIX,px,39.20969280742398
2024-07-12,VOL,px,36.968592744785816
2024-07-15,EURUSD,px,1.1135468691344046
2024-07-15,GOLD,px,1504.533215341909
2024-07-15,HYG,px,69.17043255184542
2024-07-15,LQD,px,117.43560679789385
2024-07-15,MKT_US,px,234.07645354944694
2024-07-15,OIL,px,47.39156838506527
2024-07-15,QQQ,px,147.32689003129144
2024-07-15,RATES_US10Y,yield,0.008460708984271233
2024-07-15,SPY,px,226.43434687595686
2024-07-15,TBILL3M_YIELD,yield,0.017202881850169903
2024-07-15,US10Y_YIELD,yield,0.0705189870430882
2024-07-15,US2Y_YIELD,yield,0.055161751019865285
2024-07-15,US30Y_YIELD,yield,0.08
2024-07-15,USD,px,101.12342473566613
2024-07-15,USDJPY,px,106.92616944574849
2024-07-15,VIX,px,39.03141960926479
2024-07-15,VOL,px,36.896610561149416
2024-07-16,EURUSD,px,1.1103054938021573
2024-07-16,GOLD,px,1497.2198258254016
2024-07-16,HYG,px,69.78466043866663
2024-07-16,LQD,px,117.01351369797658
2024-07-16,MKT_US,px,236.4579508074918
2024-07-16,OIL,px,47.744719700483415
2024-07-16,QQQ,px,149.15771387164912
2024-07-16,RATES_US10Y,yield,0.008495415366945067
2024-07-16,SPY,px,228.75356010724187
2024-07-16,TBILL3M_YIELD,yield,0.016858936707270324
2024-07-16,US10Y_YIELD,yield,0.06997344350168111
2024-07-16,US2Y_YIELD,yield,0.05449727398371081
2024-07-16,US30Y_YIELD,yield,0.08
2024-07-16,USD,px,101.06737872367941
2024-07-16,USDJPY,px,106.5885719585658
2024-07-16,VIX,px,38.625833612851515
2024-07-16,VOL,px,36.78290521994832
2024-07-17,EURUSD,px,1.1054172900620076
2024-07-17,GOLD,px,1490.8047850908322
2024-07-17,HYG,px,69.25319389417271
2024-07-17,LQD,px,116.84598547434449
2024-07-17,MKT_US,px,234.3073542038839
2024-07-17,OIL,px,48.44446735250267
2024-07-17,QQQ,px,147.233841819966
2024-07-17,RATES_US10Y,yield,0.006761115291248215
2024-07-17,SPY,px,227.13783331638837
2024-07-17,TBILL3M_YIELD,yield,0.015895859059933945
2024-07-17,US10Y_YIELD,yield,0.07156884722656634
2024-07-17,US2Y_YIELD,yield,0.05497140597062936
2024-07-17,US30Y_YIELD,yield,0.08
2024-07-17,USD,px,102.12989069336973
2024-07-17,USDJPY,px,107.85887176549991
2024-07-17,VIX,px,39.95838335000989
2024-07-17,VOL,px,37.793461775512895
2024-07-18,EURUSD,px,1.098803502541545
2024-07-18,GOLD,px,1498.928063833614
2024-07-18,HYG,px,69.16204992038139
2024-07-18,LQD,px,115.95398338771354
2024-07-18,MKT_US,px,236.44372989931844
2024-07-18,OIL,px,48.696630161399064
2024-07-18,QQQ,px,147.9715385847349
2024-07-18,RATES_US10Y,yield,0.006573102922669714
2024-07-18,SPY,px,227.57518332208303
2024-07-18,TBILL3M_YIELD,yield,0.015462220987326799
2024-07-18,US10Y_YIELD,yield,0.07066848138370688
2024-07-18,US2Y_YIELD,yield,0.05440556976282749
2024-07-18,US30Y_YIELD,yield,0.08
2024-07-18,USD,px,103.18267521062772
2024-07-18,USDJPY,px,109.01821832075711
2024-07-18,VIX,px,39.74934418610521
2024-07-18,VOL,px,37.44737688023116
2024-07-19,EURUSD,px,1.0945893746191266
2024-07-19,GOLD,px,1482.4736350512683
2024-07-19,HYG,px,68.96088064584657
2024-07-19,LQD,px,116.32450485222101
2024-07-19,MKT_US,px,236.01579808550127
2024-07-19,OIL,px,49.033661592522755
2024-07-19,QQQ,px,147.56209199088278
2024-07-19,RATES_US10Y,yield,0.005859499359613402
2024-07-19,SPY,px,227.37094989720535
2024-07-19,TBILL3M_YIELD,yield,0.014120338334421605
2024-07-19,US10Y_YIELD,yield,0.06828254799907783
2024-07-19,US2Y_YIELD,yield,0.052280608228818505
2024-07-19,US30Y_YIELD,yield,0.08
2024-07-19,USD,px,103.68658980651404
2024-07-19,USDJPY,px,109.7867773969639
2024-07-19,VIX,px,39.4080623924575
2024-07-19,VOL,px,36.88375894017159
2024-07-22,EURUSD,px,1.0944270734052273
2024-07-22,GOLD,px,1484.9303056195286
2024-07-22,HYG,px,68.2771295784166
2024-07-22,LQD,px,116.6381125648271
2024-07-22,MKT_US,px,233.68127409534617
2024-07-22,OIL,px,49.24092370799171
2024-07-22,QQQ,px,146.2796153361885
2024-07-22,RATES_US10Y,yield,0.005767626659241526
2024-07-22,SPY,px,224.0650433523152
2024-07-22,TBILL3M_YIELD,yield,0.014412220352648804
2024-07-22,US10Y_YIELD,yield,0.069754352737188
2024-07-22,US2Y_YIELD,yield,0.053740576442365226
2024-07-22,US30Y_YIELD,yield,0.08
2024-07-22,USD,px,103.47205855140538
2024-07-22,USDJPY,px,110.13358980520059
2024-07-22,VIX,px,40.3188329309816
2024-07-22,VOL,px,37.942529036302645
2024-07-23,EURUSD,px,1.092974504410058
2024-07-23,GOLD,px,1461.6480251477371
2024-07-23,HYG,px,67.52189541376985
2024-07-23,LQD,px,116.86603751761157
2024-07-23,MKT_US,px,231.000003678038
2024-07-23,OIL,px,50.013504083039464
2024-07-23,QQQ,px,142.24012795872093
2024-07-23,RATES_US10Y,yield,0.006020722214181647
2024-07-23,SPY,px,221.10153544254803
2024-07-23,TBILL3M_YIELD,yield,0.015476118072729491
2024-07-23,US10Y_YIELD,yield,0.07244195159345942
2024-07-23,US2Y_YIELD,yield,0.056103803594409946
2024-07-23,US30Y_YIELD,yield,0.08
2024-07-23,USD,px,103.52415859115625
2024-07-23,USDJPY,px,110.11032901808213
2024-07-23,VIX,px,41.49841565108395
2024-07-23,VOL,px,38.990956851254325
2024-07-24,EURUSD,px,1.089710638793761
2024-07-24,GOLD,px,1461.0111704528642
2024-07-24,HYG,px,67.86739042491769
2024-07-24,LQD,px,116.86257571138793
2024-07-24,MKT_US,px,232.49275222870946
2024-07-24,OIL,px,50.93430693835008
2024-07-24,QQQ,px,143.85816847738505
2024-07-24,RATES_US10Y,yield,0.006369069677508056
2024-07-24,SPY,px,222.67413892978962
2024-07-24,TBILL3M_YIELD,yield,0.016395828413710185
2024-07-24,US10Y_YIELD,yield,0.07392612110130846
2024-07-24,US2Y_YIELD,yield,0.05754338683059776
2024-07-24,US30Y_YIELD,yield,0.08
2024-07-24,USD,px,104.09963320987504
2024-07-24,USDJPY,px,110.49064930214871
2024-07-24,VIX,px,41.741634717837435
2024-07-24,VOL,px,39.305357424980706
2024-07-25,EURUSD,px,1.091590706695419
2024-07-25,GOLD,px,1461.187888115227
2024-07-25,HYG,px,68.31599338542684
2024-07-25,LQD,px,117.27415595120395
2024-07-25,MKT_US,px,234.07253303963694
2024-07-25,OIL,px,50.78453152272239
2024-07-25,QQQ,px,145.3769937490809
2024-07-25,RATES_US10Y,yield,0.00681952515332882
2024-07-25,SPY,px,223.4057456269736
2024-07-25,TBILL3M_YIELD,yield,0.01610750488438943
2024-07-25,US10Y_YIELD,yield,0.07092592290632843
2024-07-25,US2Y_YIELD,yield,0.055494227643376075
2024-07-25,US30Y_YIELD,yield,0.08
2024-07-25,USD,px,104.24548599293797
2024-07-25,USDJPY,px,110.40160005078943
2024-07-25,VIX,px,40.30232088800839
2024-07-25,VOL,px,37.79261116771517
2024-07-26,EURUSD,px,1.0970373040393055
2024-07-26,GOLD,px,1456.8957720368185
2024-07-26,HYG,px,68.70045391213631
2024-07-26,LQD,px,117.38067195054808
2024-07-26,MKT_US,px,237.164375061479
2024-07-26,OIL,px,51.86056809497635
2024-07-26,QQQ,px,148.2103236584459
2024-07-26,RATES_US10Y,yield,0.006470877780647911
2024-07-26,SPY,px,225.40800263343388
2024-07-26,TBILL3M_YIELD,yield,0.015102796578879179
2024-07-26,US10Y_YIELD,yield,0.06982007035985638
2024-07-26,US2Y_YIELD,yield,0.054045374697700536
2024-07-26,US30Y_YIELD,yield,0.08
2024-07-26,USD,px,103.95303840917927
2024-07-26,USDJPY,px,110.04629764369527
2024-07-26,VIX,px,39.94323747861727
2024-07-26,VOL,px,37.292750317305334
2024-07-29,EURUSD,px,1.0946233805518135
2024-07-29,GOLD,px,1447.7052855365841
2024-07-29,HYG,px,68.6158356219109
2024-07-29,LQD,px,117.1707098105378
2024-07-29,MKT_US,px,237.1821674858363
2024-07-29,OIL,px,52.040288350513215
2024-07-29,QQQ,px,147.82082605613962
2024-07-29,RATES_US10Y,yield,0.006990512325161709
2024-07-29,SPY,px,225.73328590831736
2024-07-29,TBILL3M_YIELD,yield,0.016530741806038016
2024-07-29,US10Y_YIELD,yield,0.07172580547840932
2024-07-29,US2Y_YIELD,yield,0.056019094212856724
2024-07-29,US30Y_YIELD,yield,0.08
2024-07-29,USD,px,104.5422036334568
2024-07-29,USDJPY,px,109.83434082312435
2024-07-29,VIX,px,40.47165266517642
2024-07-29,VOL,px,37.77921027636614
2024-07-30,EURUSD,px,1.0932412686010993
2024-07-30,GOLD,px,1478.913564423927
2024-07-30,HYG,px,68.6505897028288
2024-07-30,LQD,px,116.37997911560856
2024-07-30,MKT_US,px,236.14476354717212
2024-07-30,OIL,px,52.17083144069706
2024-07-30,QQQ,px,146.02618593085901
2024-07-30,RATES_US10Y,yield,0.008228693755028457
2024-07-30,SPY,px,224.93670486522362
2024-07-30,TBILL3M_YIELD,yield,0.017722058703083066
2024-07-30,US10Y_YIELD,yield,0.07254468208331971
2024-07-30,US2Y_YIELD,yield,0.05683643547222556
2024-07-30,US30Y_YIELD,yield,0.08
2024-07-30,USD,px,104.9902804104391
2024-07-30,USDJPY,px,109.74227417792817
2024-07-30,VIX,px,40.58682962582627
2024-07-30,VOL,px,37.78303370945967
2024-07-31,EURUSD,px,1.1009231095995349
2024-07-31,GOLD,px,1468.4402028355175
2024-07-31,HYG,px,68.22154329766241
2024-07-31,LQD,px,115.71528872624872
2024-07-31,MKT_US,px,233.8177637056262
2024-07-31,OIL,px,51.887042281839584
2024-07-31,QQQ,px,144.73722783706654
2024-07-31,RATES_US10Y,yield,0.008489951509923795
2024-07-31,SPY,px,222.46876435982693
2024-07-31,TBILL3M_YIELD,yield,0.019694687461642154
2024-07-31,US10Y_YIELD,yield,0.07618813515889912
2024-07-31,US2Y_YIELD,yield,0.06012154331263742
2024-07-31,US30Y_YIELD,yield,0.08
2024-07-31,USD,px,105.1141191169774
2024-07-31,USDJPY,px,109.76035318462039
2024-07-31,VIX,px,41.96625181270699
2024-07-31,VOL,px,38.768539266356
2024-08-01,EURUSD,px,1.102928441679216
2024-08-01,GOLD,px,1457.9406554973614
2024-08-01,HYG,px,68.69033834601969
2024-08-01,LQD,px,115.58878096552112
2024-08-01,MKT_US,px,233.1558360194684
2024-08-01,OIL,px,51.6624824764939
2024-08-01,QQQ,px,144.80459296696253
2024-08-01,RATES_US10Y,yield,0.00946750634004655
2024-08-01,SPY,px,222.06988010458812
2024-08-01,TBILL3M_YIELD,yield,0.020461467385106145
2024-08-01,US10Y_YIELD,yield,0.07424522696091682
2024-08-01,US2Y_YIELD,yield,0.059433952214671015
2024-08-01,US30Y_YIELD,yield,0.08
2024-08-01,USD,px,104.18877586389357
2024-08-01,USDJPY,px,109.28063521228088
2024-08-01,VIX,px,40.86578556318215
2024-08-01,VOL,px,37.77958473270398
2024-08-02,EURUSD,px,1.1048112405927313
2024-08-02,GOLD,px,1448.9390672195627
2024-08-02,HYG,px,68.78114575475439
2024-08-02,LQD,px,115.97773097444045
2024-08-02,MKT_US,px,232.42914209912306
2024-08-02,OIL,px,52.35595955647506
2024-08-02,QQQ,px,143.70561758326937
2024-08-02,RATES_US10Y,yield,0.008891467187046774
2024-08-02,SPY,px,221.74718984691367
2024-08-02,TBILL3M_YIELD,yield,0.02082095559674546
2024-08-02,US10Y_YIELD,yield,0.07556886923676547
2024-08-02,US2Y_YIELD,yield,0.06058538837940591
2024-08-02,US30Y_YIELD,yield,0.08
2024-08-02,USD,px,103.46252631171295
2024-08-02,USDJPY,px,108.20209513369312
2024-08-02,VIX,px,41.447878156633735
2024-08-02,VOL,px,38.191556815436655
2024-08-05,EURUSD,px,1.1026409201767957
2024-08-05,GOLD,px,1465.1403806618305
2024-08-05,HYG,px,68.94663506327855
2024-08-05,LQD,px,116.70335966793718
2024-08-05,MKT_US,px,231.88906314236309
2024-08-05,OIL,px,51.52181943558341
2024-08-05,QQQ,px,143.25723907610026
2024-08-05,RATES_US10Y,yield,0.008958874368374291
2024-08-05,SPY,px,221.06209539392296
2024-08-05,TBILL3M_YIELD,yield,0.020256544144531673
2024-08-05,US10Y_YIELD,yield,0.07405657354491084
2024-08-05,US2Y_YIELD,yield,0.05915977901753608
2024-08-05,US30Y_YIELD,yield,0.08
2024-08-05,USD,px,103.95558659436222
2024-08-05,USDJPY,px,108.39861343793255
2024-08-05,VIX,px,40.895182719716345
2024-08-05,VOL,px,37.928917427610656
2024-08-06,EURUSD,px,1.10788341085812
2024-08-06,GOLD,px,1487.4308145718717
2024-08-06,HYG,px,68.42092795576583
2024-08-06,LQD,px,116.26317925432754
2024-08-06,MKT_US,px,230.60056562946465
2024-08-06,OIL,px,52.07396933213477
2024-08-06,QQQ,px,142.4034507600559
2024-08-06,RATES_US10Y,yield,0.009376263735380254
2024-08-06,SPY,px,220.55116139042238
2024-08-06,TBILL3M_YIELD,yield,0.02176094374945984
2024-08-06,US10Y_YIELD,yield,0.07730863022251613
2024-08-06,US2Y_YIELD,yield,0.06182591102200384
2024-08-06,US30Y_YIELD,yield,0.08
2024-08-06,USD,px,103.67321853581413
2024-08-06,USDJPY,px,108.66333253786715
2024-08-06,VIX,px,42.0274182768799
2024-08-06,VOL,px,38.926800639365204
2024-08-07,EURUSD,px,1.1101603260535253
2024-08-07,GOLD,px,1494.896142038744
2024-08-07,HYG,px,67.9615343458132
2024-08-07,LQD,px,116.52174774113658
2024-08-07,MKT_US,px,228.0441630979389
2024-08-07,OIL,px,52.15460920008142
2024-08-07,QQQ,px,141.1259489441467
2024-08-07,RATES_US10Y,yield,0.008716517940927732
2024-08-07,SPY,px,217.29088157051987
2024-08-07,TBILL3M_YIELD,yield,0.020456396582469998
2024-08-07,US10Y_YIELD,yield,0.07560652708667609
2024-08-07,US2Y_YIELD,yield,0.060290503435465895
2024-08-07,US30Y_YIELD,yield,0.08
2024-08-07,USD,px,103.81401697576598
2024-08-07,USDJPY,px,108.45895454927141
2024-08-07,VIX,px,42.052591076260924
2024-08-07,VOL,px,39.12439681765048
2024-08-08,EURUSD,px,1.109852369083922
2024-08-08,GOLD,px,1484.3954579934436
2024-08-08,HYG,px,67.39102435808996
2024-08-08,LQD,px,116.5030202757399
2024-08-08,MKT_US,px,226.03502427844458
2024-08-08,OIL,px,52.47149955735651
2024-08-08,QQQ,px,139.65014083745913
2024-08-08,RATES_US10Y,yield,0.008752007810003824
2024-08-08,SPY,px,213.86649147685975
2024-08-08,TBILL3M_YIELD,yield,0.021790027166994547
2024-08-08,US10Y_YIELD,yield,0.07774827475387554
2024-08-08,US2Y_YIELD,yield,0.061834880719014856
2024-08-08,US30Y_YIELD,yield,0.08
2024-08-08,USD,px,103.98452194007255
2024-08-08,USDJPY,px,108.69235080374479
2024-08-08,VIX,px,43.05516284028174
2024-08-08,VOL,px,40.018063191979145
2024-08-09,EURUSD,px,1.1058220001025463
2024-08-09,GOLD,px,1479.2983200579708
2024-08-09,HYG,px,67.71314391608232
2024-08-09,LQD,px,116.3874244399778
2024-08-09,MKT_US,px,228.50584650408334
2024-08-09,OIL,px,51.31941105804651
2024-08-09,QQQ,px,141.77448054017137
2024-08-09,RATES_US10Y,yield,0.008578410265440723
2024-08-09,SPY,px,216.7827262322719
2024-08-09,TBILL3M_YIELD,yield,0.02067596732871417
2024-08-09,US10Y_YIELD,yield,0.07660584188363535
2024-08-09,US2Y_YIELD,yield,0.06022354343304408
2024-08-09,US30Y_YIELD,yield,0.08
2024-08-09,USD,px,104.0523858936061
2024-08-09,USDJPY,px,108.29186638508152
2024-08-09,VIX,px,42.16360977351462
2024-08-09,VOL,px,39.55790194418123
2024-08-12,EURUSD,px,1.1033850143268635
2024-08-12,GOLD,px,1486.81383557355
2024-08-12,HYG,px,67.59733383326737
2024-08-12,LQD,px,116.0192216315387
2024-08-12,MKT_US,px,229.2523674631819
2024-08-12,OIL,px,51.151489719829755
2024-08-12,QQQ,px,142.94324364266478
2024-08-12,RATES_US10Y,yield,0.008351211435562824
2024-08-12,SPY,px,216.83113565782287
2024-08-12,TBILL3M_YIELD,yield,0.019130681705013208
2024-08-12,US10Y_YIELD,yield,0.07297243810514972
2024-08-12,US2Y_YIELD,yield,0.05772212193923221
2024-08-12,US30Y_YIELD,yield,0.08
2024-08-12,USD,px,104.45023266582977
2024-08-12,USDJPY,px,108.38310301365516
2024-08-12,VIX,px,40.884451289948515
2024-08-12,VOL,px,38.40740133915545
2024-08-13,EURUSD,px,1.0957103079123425
2024-08-13,GOLD,px,1478.7865769354407
2024-08-13,HYG,px,67.73049741177388
2024-08-13,LQD,px,116.10818162748186
2024-08-13,MKT_US,px,227.7411150304062
2024-08-13,OIL,px,51.57097423222103
2024-08-13,QQQ,px,141.8317926015191
2024-08-13,RATES_US10Y,yield,0.007348959935180165
2024-08-13,SPY,px,216.1218844907216
2024-08-13,TBILL3M_YIELD,yield,0.016475784886645972
2024-08-13,US10Y_YIELD,yield,0.06911108510724732
2024-08-13,US2Y_YIELD,yield,0.05447946368905486
2024-08-13,US30Y_YIELD,yield,0.08
2024-08-13,USD,px,105.02260969701118
2024-08-13,USDJPY,px,108.1425232730893
2024-08-13,VIX,px,40.153008284129655
2024-08-13,VOL,px,37.55338509023109
2024-08-14,EURUSD,px,1.0955810410401912
2024-08-14,GOLD,px,1492.55153122845
2024-08-14,HYG,px,68.25092993062496
2024-08-14,LQD,px,115.80959025490021
2024-08-14,MKT_US,px,227.81387540690918
2024-08-14,OIL,px,51.162300302414785
2024-08-14,QQQ,px,142.68899147368003
2024-08-14,RATES_US10Y,yield,0.0067223172072685584
2024-08-14,SPY,px,217.6575687738763
2024-08-14,TBILL3M_YIELD,yield,0.014985861888665616
2024-08-14,US10Y_YIELD,yield,0.06766085304685798
2024-08-14,US2Y_YIELD,yield,0.052869522205269734
2024-08-14,US30Y_YIELD,yield,0.07836660074149956
2024-08-14,USD,px,104.16645259354792
2024-08-14,USDJPY,px,107.4131247324457
2024-08-14,VIX,px,39.673423146384394
2024-08-14,VOL,px,37.15111591324862
2024-08-15,EURUSD,px,1.0951090504657233
2024-08-15,GOLD,px,1502.3454887625792
2024-08-15,HYG,px,68.69021587706007
2024-08-15,LQD,px,115.79200887868652
2024-08-15,MKT_US,px,230.3621380084294
2024-08-15,OIL,px,51.063483961615866
2024-08-15,QQQ,px,144.7567915527586
2024-08-15,RATES_US10Y,yield,0.006136048342867554
2024-08-15,SPY,px,222.40521929045173
2024-08-15,TBILL3M_YIELD,yield,0.01409234304343746
2024-08-15,US10Y_YIELD,yield,0.0660621479377694
2024-08-15,US2Y_YIELD,yield,0.05135848718772854
2024-08-15,US30Y_YIELD,yield,0.07695598513787921
2024-08-15,USD,px,103.82780367375759
2024-08-15,USDJPY,px,107.06821468892241
2024-08-15,VIX,px,38.63529327709641
2024-08-15,VOL,px,36.19563345546459
2024-08-16,EURUSD,px,1.0974374654396568
2024-08-16,GOLD,px,1507.8000791168718
2024-08-16,HYG,px,68.08101311715693
2024-08-16,LQD,px,115.47644610649134
2024-08-16,MKT_US,px,226.16985068706316
2024-08-16,OIL,px,49.69529999264763
2024-08-16,QQQ,px,142.40853238790888
2024-08-16,RATES_US10Y,yield,0.006612922001731629
2024-08-16,SPY,px,218.33117369118258
2024-08-16,TBILL3M_YIELD,yield,0.015504682474395164
2024-08-16,US10Y_YIELD,yield,0.06838268095201128
2024-08-16,US2Y_YIELD,yield,0.05384106485086834
2024-08-16,US30Y_YIELD,yield,0.07938611773507301
2024-08-16,USD,px,103.41481880934585
2024-08-16,USDJPY,px,107.63883293548923
2024-08-16,VIX,px,39.695398573727445
2024-08-16,VOL,px,37.18394889123503
2024-08-19,EURUSD,px,1.0977287415272203
2024-08-19,GOLD,px,1509.8844971431813
2024-08-19,HYG,px,67.70314400847712
2024-08-19,LQD,px,115.21810515615132
2024-08-19,MKT_US,px,225.36437010161006
2024-08-19,OIL,px,50.34570613437706
2024-08-19,QQQ,px,141.33757019483286
2024-08-19,RATES_US10Y,yield,0.007002594763374297
2024-08-19,SPY,px,216.41888280352993
2024-08-19,TBILL3M_YIELD,yield,0.01751273481853266
2024-08-19,US10Y_YIELD,yield,0.07160741738813747
2024-08-19,US2Y_YIELD,yield,0.056918286754992165
2024-08-19,US30Y_YIELD,yield,0.08
2024-08-19,USD,px,104.10080888973026
2024-08-19,USDJPY,px,107.87218471668201
2024-08-19,VIX,px,40.67523729193182
2024-08-19,VOL,px,38.066514740480585
2024-08-20,EURUSD,px,1.0933979768871012
2024-08-20,GOLD,px,1513.881180676912
2024-08-20,HYG,px,67.57812555789458
2024-08-20,LQD,px,115.16176838866932
2024-08-20,MKT_US,px,224.47492078006493
2024-08-20,OIL,px,49.86849107562997
2024-08-20,QQQ,px,140.6341947147906
2024-08-20,RATES_US10Y,yield,0.00711837112548409
2024-08-20,SPY,px,213.85493067846448
2024-08-20,TBILL3M_YIELD,yield,0.017759708601603707
2024-08-20,US10Y_YIELD,yield,0.07188695166033807
2024-08-20,US2Y_YIELD,yield,0.05697413514841333
2024-08-20,US30Y_YIELD,yield,0.08
2024-08-20,USD,px,104.07169678294285
2024-08-20,USDJPY,px,107.49896689245018
2024-08-20,VIX,px,41.2218819381287
2024-08-20,VOL,px,38.24865302909688
2024-08-21,EURUSD,px,1.0933102285313234
2024-08-21,GOLD,px,1532.8557893085037
2024-08-21,HYG,px,67.11581786356142
2024-08-21,LQD,px,115.31276958913753
2024-08-21,MKT_US,px,221.45131413654497
2024-08-21,OIL,px,50.01714294673917
2024-08-21,QQQ,px,139.10137426097958
2024-08-21,RATES_US10Y,yield,0.007080327576946599
2024-08-21,SPY,px,212.01937887635853
2024-08-21,TBILL3M_YIELD,yield,0.017232063693302203
2024-08-21,US10Y_YIELD,yield,0.0689540545891957
2024-08-21,US2Y_YIELD,yield,0.054813721333343834
2024-08-21,US30Y_YIELD,yield,0.07935862576257102
2024-08-21,USD,px,103.34566085933079
2024-08-21,USDJPY,px,107.42159543495673
2024-08-21,VIX,px,40.36961485121331
2024-08-21,VOL,px,37.17322721291581
2024-08-22,EURUSD,px,1.0931186954195544
2024-08-22,GOLD,px,1513.518616921382
2024-08-22,HYG,px,67.12095907480695
2024-08-22,LQD,px,115.03642580708863
2024-08-22,MKT_US,px,222.92195503147937
2024-08-22,OIL,px,48.98391866452875
2024-08-22,QQQ,px,140.10386321896908
2024-08-22,RATES_US10Y,yield,0.006492456673306448
2024-08-22,SPY,px,213.74276998893723
2024-08-22,TBILL3M_YIELD,yield,0.016433623836570592
2024-08-22,US10Y_YIELD,yield,0.06850234140674727
2024-08-22,US2Y_YIELD,yield,0.05393206179005371
2024-08-22,US30Y_YIELD,yield,0.0788203404134635
2024-08-22,USD,px,103.46263260492965
2024-08-22,USDJPY,px,107.33896219407539
2024-08-22,VIX,px,40.42056280417895
2024-08-22,VOL,px,37.1361760073555
2024-08-23,EURUSD,px,1.0979167308239306
2024-08-23,GOLD,px,1528.360609251639
2024-08-23,HYG,px,67.04953370706168
2024-08-23,LQD,px,115.19814382683867
2024-08-23,MKT_US,px,223.420354922304
2024-08-23,OIL,px,49.270709938430606
2024-08-23,QQQ,px,140.66755227553259
2024-08-23,RATES_US10Y,yield,0.006852793128490823
2024-08-23,SPY,px,214.19504039548417
2024-08-23,TBILL3M_YIELD,yield,0.016344476669200438
2024-08-23,US10Y_YIELD,yield,0.0670573816666528
2024-08-23,US2Y_YIELD,yield,0.053317336786128135
2024-08-23,US30Y_YIELD,yield,0.07772837252345019
2024-08-23,USD,px,103.31141970496311
2024-08-23,USDJPY,px,107.74364774776642
2024-08-23,VIX,px,39.78386470884733
2024-08-23,VOL,px,36.71133650018243
2024-08-26,EURUSD,px,1.0974977672930069
2024-08-26,GOLD,px,1523.7269786640775
2024-08-26,HYG,px,65.99192230212265
2024-08-26,LQD,px,114.40999215528242
2024-08-26,MKT_US,px,221.1823835748454
2024-08-26,OIL,px,49.480056202578254
2024-08-26,QQQ,px,138.927511095736
2024-08-26,RATES_US10Y,yield,0.006709342024408222
2024-08-26,SPY,px,213.75152581439903
2024-08-26,TBILL3M_YIELD,yield,0.01716928695225796
2024-08-26,US10Y_YIELD,yield,0.07013791453872673
2024-08-26,US2Y_YIELD,yield,0.05550559731523605
2024-08-26,US30Y_YIELD,yield,0.08
2024-08-26,USD,px,103.9810315543883
2024-08-26,USDJPY,px,107.63395453951863
2024-08-26,VIX,px,41.01305375283146
2024-08-26,VOL,px,37.82775472214212
2024-08-27,EURUSD,px,1.102107928968163
2024-08-27,GOLD,px,1513.7821051501655
2024-08-27,HYG,px,65.83346373017064
2024-08-27,LQD,px,114.33602284290612
2024-08-27,MKT_US,px,218.90934048461074
2024-08-27,OIL,px,49.96236245192084
2024-08-27,QQQ,px,138.28067119537377
2024-08-27,RATES_US10Y,yield,0.00701744822468264
2024-08-27,SPY,px,212.481123375089
2024-08-27,TBILL3M_YIELD,yield,0.017868099186780066
2024-08-27,US10Y_YIELD,yield,0.07102149111231144
2024-08-27,US2Y_YIELD,yield,0.056134046343565946
2024-08-27,US30Y_YIELD,yield,0.08
2024-08-27,USD,px,103.4184332786658
2024-08-27,USDJPY,px,106.69535084247835
2024-08-27,VIX,px,41.32567723065178
2024-08-27,VOL,px,38.10519142618877
2024-08-28,EURUSD,px,1.109702012518263
2024-08-28,GOLD,px,1517.6859921162434
2024-08-28,HYG,px,65.75379295589035
2024-08-28,LQD,px,114.1562614156844
2024-08-28,MKT_US,px,217.90766979733846
2024-08-28,OIL,px,49.46700584295254
2024-08-28,QQQ,px,138.95203476505253
2024-08-28,RATES_US10Y,yield,0.008607237113652981
2024-08-28,SPY,px,213.7748422406223
2024-08-28,TBILL3M_YIELD,yield,0.019926886957190817
2024-08-28,US10Y_YIELD,yield,0.07323981396803038
2024-08-28,US2Y_YIELD,yield,0.058337205574107154
2024-08-28,US30Y_YIELD,yield,0.08
2024-08-28,USD,px,103.30544235439834
2024-08-28,USDJPY,px,106.28941792096614
2024-08-28,VIX,px,41.64980991269569
2024-08-28,VOL,px,38.44089689286298
2024-08-29,EURUSD,px,1.1103442345529855
2024-08-29,GOLD,px,1517.755445180282
2024-08-29,HYG,px,65.19734619524893
2024-08-29,LQD,px,113.86873205113687
2024-08-29,MKT_US,px,216.7360447320503
2024-08-29,OIL,px,48.97785670174743
2024-08-29,QQQ,px,138.3586659128039
2024-08-29,RATES_US10Y,yield,0.008622481695639875
2024-08-29,SPY,px,213.36776079861886
2024-08-29,TBILL3M_YIELD,yield,0.019413773756682302
2024-08-29,US10Y_YIELD,yield,0.0724931148156754
2024-08-29,US2Y_YIELD,yield,0.057954761163162345
2024-08-29,US30Y_YIELD,yield,0.08
2024-08-29,USD,px,103.41351638184318
2024-08-29,USDJPY,px,106.28296717813681
2024-08-29,VIX,px,41.4987475729926
2024-08-29,VOL,px,38.1537816012574
2024-08-30,EURUSD,px,1.0962094741787725
2024-08-30,GOLD,px,1498.5044139549557
2024-08-30,HYG,px,66.01546579484003
2024-08-30,LQD,px,113.80335397527125
2024-08-30,MKT_US,px,216.4654416641721
2024-08-30,OIL,px,50.2235367545282
2024-08-30,QQQ,px,139.56746253324584
2024-08-30,RATES_US10Y,yield,0.007530086863103264
2024-08-30,SPY,px,214.26608482205947
2024-08-30,TBILL3M_YIELD,yield,0.016875294926339234
2024-08-30,US10Y_YIELD,yield,0.06746638817046426
2024-08-30,US2Y_YIELD,yield,0.053258424124345276
2024-08-30,US30Y_YIELD,yield,0.07694802663867184
2024-08-30,USD,px,104.74895553526981
2024-08-30,USDJPY,px,107.01886757586884
2024-08-30,VIX,px,39.98424826888818
2024-08-30,VOL,px,36.77982769676958
2024-09-02,EURUSD,px,1.0954788637794002
2024-09-02,GOLD,px,1478.605478867772
2024-09-02,HYG,px,65.91837584736304
2024-09-02,LQD,px,114.16428762937196
2024-09-02,MKT_US,px,214.69169240707433
2024-09-02,OIL,px,49.55626844477578
2024-09-02,QQQ,px,138.70173934462687
2024-09-02,RATES_US10Y,yield,0.006641505821022103
2024-09-02,SPY,px,212.48470361299354
2024-09-02,TBILL3M_YIELD,yield,0.01570596565353495
2024-09-02,US10Y_YIELD,yield,0.06518977941695174
2024-09-02,US2Y_YIELD,yield,0.051159264748038884
2024-09-02,US30Y_YIELD,yield,0.07398748651481402
2024-09-02,USD,px,104.99533965619901
2024-09-02,USDJPY,px,107.63668317173175
2024-09-02,VIX,px,39.45318030287073
2024-09-02,VOL,px,36.17442456660639
2024-09-03,EURUSD,px,1.0957908118401576
2024-09-03,GOLD,px,1470.5052403196273
2024-09-03,HYG,px,65.86682995266446
2024-09-03,LQD,px,114.1514758183862
2024-09-03,MKT_US,px,212.95091515824564
2024-09-03,OIL,px,48.91110262866291
2024-09-03,QQQ,px,138.51629765489363
2024-09-03,RATES_US10Y,yield,0.005495320747062497
2024-09-03,SPY,px,210.3471641808974
2024-09-03,TBILL3M_YIELD,yield,0.013407335420508676
2024-09-03,US10Y_YIELD,yield,0.061215743765576675
2024-09-03,US2Y_YIELD,yield,0.04782635827668597
2024-09-03,US30Y_YIELD,yield,0.06926874159197768
2024-09-03,USD,px,105.27862929996299
2024-09-03,USDJPY,px,107.10184770338616
2024-09-03,VIX,px,38.59931648070668
2024-09-03,VOL,px,35.42892925054066
2024-09-04,EURUSD,px,1.1000602306662077
2024-09-04,GOLD,px,1488.2032205484843
2024-09-04,HYG,px,65.88950799036755
2024-09-04,LQD,px,114.42642781645014
2024-09-04,MKT_US,px,214.39366055610006
2024-09-04,OIL,px,48.80823077102318
2024-09-04,QQQ,px,140.16042214175522
2024-09-04,RATES_US10Y,yield,0.004652088308835211
2024-09-04,SPY,px,211.0504694772433
2024-09-04,TBILL3M_YIELD,yield,0.012305473165698726
2024-09-04,US10Y_YIELD,yield,0.06200262021671217
2024-09-04,US2Y_YIELD,yield,0.047889322489796736
2024-09-04,US30Y_YIELD,yield,0.07027025761786773
2024-09-04,USD,px,105.64927046200204
2024-09-04,USDJPY,px,107.01229694420743
2024-09-04,VIX,px,39.013690822829346
2024-09-04,VOL,px,35.76943543692622
2024-09-05,EURUSD,px,1.0952194504178632
2024-09-05,GOLD,px,1506.019821737116
2024-09-05,HYG,px,65.49528929572757
2024-09-05,LQD,px,114.37752332274172
2024-09-05,MKT_US,px,212.90347447245733
2024-09-05,OIL,px,48.06799768376872
2024-09-05,QQQ,px,139.24308319110685
2024-09-05,RATES_US10Y,yield,0.005524395965314998
2024-09-05,SPY,px,209.92362482779018
2024-09-05,TBILL3M_YIELD,yield,0.013736008373625663
2024-09-05,US10Y_YIELD,yield,0.06292455950836356
2024-09-05,US2Y_YIELD,yield,0.049049443884448214
2024-09-05,US30Y_YIELD,yield,0.0711104509411819
2024-09-05,USD,px,106.13042681447172
2024-09-05,USDJPY,px,107.60714796143887
2024-09-05,VIX,px,39.31214759553481
2024-09-05,VOL,px,35.81624384330667
2024-09-06,EURUSD,px,1.0978963287793069
2024-09-06,GOLD,px,1508.442409517033
2024-09-06,HYG,px,65.82181865808307
2024-09-06,LQD,px,114.54707600741484
2024-09-06,MKT_US,px,214.84873330368794
2024-09-06,OIL,px,48.9292388376954
2024-09-06,QQQ,px,140.05807238806278
2024-09-06,RATES_US10Y,yield,0.0055850360431468574
2024-09-06,SPY,px,211.7929771268711
2024-09-06,TBILL3M_YIELD,yield,0.013528167773821697
2024-09-06,US10Y_YIELD,yield,0.06118159458274132
2024-09-06,US2Y_YIELD,yield,0.0479169156258768
2024-09-06,US30Y_YIELD,yield,0.06973980069696259
2024-09-06,USD,px,105.91180469142498
2024-09-06,USDJPY,px,107.72845330376238
2024-09-06,VIX,px,38.68636235287866
2024-09-06,VOL,px,35.27283812962
2024-09-09,EURUSD,px,1.0991638460949367
2024-09-09,GOLD,px,1516.5797493909413
2024-09-09,HYG,px,65.66981713773788
2024-09-09,LQD,px,114.69858223422806
2024-09-09,MKT_US,px,214.89451846993333
2024-09-09,OIL,px,49.76907849168197
2024-09-09,QQQ,px,139.75512452327192
2024-09-09,RATES_US10Y,yield,0.0045037527057479945
2024-09-09,SPY,px,213.5287995224988
2024-09-09,TBILL3M_YIELD,yield,0.011862633865156721
2024-09-09,US10Y_YIELD,yield,0.05949033178585883
2024-09-09,US2Y_YIELD,yield,0.04577259835691841
2024-09-09,US30Y_YIELD,yield,0.06801641335571959
2024-09-09,USD,px,105.655754698535
2024-09-09,USDJPY,px,107.7353086024722
2024-09-09,VIX,px,38.365867245329866
2024-09-09,VOL,px,35.02386153327933
2024-09-10,EURUSD,px,1.0920118803749261
2024-09-10,GOLD,px,1509.2433648338601
2024-09-10,HYG,px,65.15228377356742
2024-09-10,LQD,px,114.85324581734226
2024-09-10,MKT_US,px,212.95772907936828
2024-09-10,OIL,px,49.392708355999005
2024-09-10,QQQ,px,137.7575994502859
2024-09-10,RATES_US10Y,yield,0.004740418041209208
2024-09-10,SPY,px,211.23605272219373
2024-09-10,TBILL3M_YIELD,yield,0.013496959234061608
2024-09-10,US10Y_YIELD,yield,0.0628508007804462
2024-09-10,US2Y_YIELD,yield,0.04871011997115213
2024-09-10,US30Y_YIELD,yield,0.07155908795756158
2024-09-10,USD,px,106.32478361510636
2024-09-10,USDJPY,px,108.07834126018611
2024-09-10,VIX,px,39.67413045586549
2024-09-10,VOL,px,36.08876836416001
2024-09-11,EURUSD,px,1.0907344233688991
2024-09-11,GOLD,px,1509.0956126256565
2024-09-11,HYG,px,65.94945356666221
2024-09-11,LQD,px,114.99822305735051
2024-09-11,MKT_US,px,213.4041409386313
2024-09-11,OIL,px,48.21637909796799
2024-09-11,QQQ,px,137.68230303839502
2024-09-11,RATES_US10Y,yield,0.0056167098955728825
2024-09-11,SPY,px,210.78040567650697
2024-09-11,TBILL3M_YIELD,yield,0.01431965487522252
2024-09-11,US10Y_YIELD,yield,0.06141113108962434
2024-09-11,US2Y_YIELD,yield,0.04832790340508361
2024-09-11,US30Y_YIELD,yield,0.06963658841751141
2024-09-11,USD,px,106.76056477596015
2024-09-11,USDJPY,px,107.85350429601927
2024-09-11,VIX,px,38.98754830724719
2024-09-11,VOL,px,35.655164901837296
2024-09-12,EURUSD,px,1.087733344953233
2024-09-12,GOLD,px,1512.1677655472329
2024-09-12,HYG,px,66.70931907643534
2024-09-12,LQD,px,114.80994903122698
2024-09-12,MKT_US,px,215.86830025936837
2024-09-12,OIL,px,48.6790214766675
2024-09-12,QQQ,px,139.08325678155356
2024-09-12,RATES_US10Y,yield,0.00506351789329469
2024-09-12,SPY,px,212.00233587438507
2024-09-12,TBILL3M_YIELD,yield,0.013085792664301028
2024-09-12,US10Y_YIELD,yield,0.05953962658982795
2024-09-12,US2Y_YIELD,yield,0.046800616449379294
2024-09-12,US30Y_YIELD,yield,0.06776484800516028
2024-09-12,USD,px,106.69674793712215
2024-09-12,USDJPY,px,108.24054131385165
2024-09-12,VIX,px,38.36800910945284
2024-09-12,VOL,px,34.96460040120778
2024-09-13,EURUSD,px,1.0912580393756461
2024-09-13,GOLD,px,1502.1371697118145
2024-09-13,HYG,px,66.62246308198984
2024-09-13,LQD,px,114.9842229526689
2024-09-13,MKT_US,px,215.9955305315309
2024-09-13,OIL,px,49.56013213530652
2024-09-13,QQQ,px,138.99335358295184
2024-09-13,RATES_US10Y,yield,0.0044194142258843425
2024-09-13,SPY,px,212.5287689777523
2024-09-13,TBILL3M_YIELD,yield,0.012173426077247761
2024-09-13,US10Y_YIELD,yield,0.05809762992964275
2024-09-13,US2Y_YIELD,yield,0.04554818806725239
2024-09-13,US30Y_YIELD,yield,0.06650646462243837
2024-09-13,USD,px,106.71827700194893
2024-09-13,USDJPY,px,108.37738673660857
2024-09-13,VIX,px,38.120460410417884
2024-09-13,VOL,px,34.980177970081485
2024-09-16,EURUSD,px,1.0826597426132294
2024-09-16,GOLD,px,1494.1334769270786
2024-09-16,HYG,px,66.64086128835075
2024-09-16,LQD,px,115.2396012469926
2024-09-16,MKT_US,px,215.97025926094634
2024-09-16,OIL,px,49.68734542774229
2024-09-16,QQQ,px,139.56062338508343
2024-09-16,RATES_US10Y,yield,0.004035492519445596
2024-09-16,SPY,px,213.08513862617434
2024-09-16,TBILL3M_YIELD,yield,0.011035805991361326
2024-09-16,US10Y_YIELD,yield,0.056531428419624635
2024-09-16,US2Y_YIELD,yield,0.04444866654948587
2024-09-16,US30Y_YIELD,yield,0.06466745559752315
2024-09-16,USD,px,107.52855357621358
2024-09-16,USDJPY,px,109.78664284597325
2024-09-16,VIX,px,37.61715221228293
2024-09-16,VOL,px,34.603412531371575
2024-09-17,EURUSD,px,1.0732164676255227
2024-09-17,GOLD,px,1491.0141735389002
2024-09-17,HYG,px,66.82795678309746
2024-09-17,LQD,px,115.29670744286463
2024-09-17,MKT_US,px,215.65085671827444
2024-09-17,OIL,px,50.565296075389014
2024-09-17,QQQ,px,140.0518297978031
2024-09-17,RATES_US10Y,yield,0.0043923171632293135
2024-09-17,SPY,px,213.1072655782755
2024-09-17,TBILL3M_YIELD,yield,0.011428515171711118
2024-09-17,US10Y_YIELD,yield,0.05584610458290434
2024-09-17,US2Y_YIELD,yield,0.043957517099723925
2024-09-17,US30Y_YIELD,yield,0.06371510893110216
2024-09-17,USD,px,107.93089543735172
2024-09-17,USDJPY,px,110.21649317551424
2024-09-17,VIX,px,37.21627405906872
2024-09-17,VOL,px,34.10820452906424
2024-09-18,EURUSD,px,1.0692502187671922
2024-09-18,GOLD,px,1486.0109152043565
2024-09-18,HYG,px,67.0897448410058
2024-09-18,LQD,px,115.24405696186096
2024-09-18,MKT_US,px,216.70890583504573
2024-09-18,OIL,px,49.90692726034786
2024-09-18,QQQ,px,141.33234705454896
2024-09-18,RATES_US10Y,yield,0.004925674937125701
2024-09-18,SPY,px,214.95859880050773
2024-09-18,TBILL3M_YIELD,yield,0.012692900586890748
2024-09-18,US10Y_YIELD,yield,0.05778051943450904
2024-09-18,US2Y_YIELD,yield,0.04531852262961249
2024-09-18,US30Y_YIELD,yield,0.06602634708960953
2024-09-18,USD,px,108.45297355233363
2024-09-18,USDJPY,px,110.89295276869444
2024-09-18,VIX,px,37.66524692093947
2024-09-18,VOL,px,34.49968931449872
2024-09-19,EURUSD,px,1.0711375419177611
2024-09-19,GOLD,px,1474.9511975188354
2024-09-19,HYG,px,66.48375612661269
2024-09-19,LQD,px,114.79054008161854
2024-09-19,MKT_US,px,216.07331293656145
2024-09-19,OIL,px,49.93132496026953
2024-09-19,QQQ,px,141.30245731167443
2024-09-19,RATES_US10Y,yield,0.005759914102975454
2024-09-19,SPY,px,214.95286422362716
2024-09-19,TBILL3M_YIELD,yield,0.015111191111658717
2024-09-19,US10Y_YIELD,yield,0.06264455278131793
2024-09-19,US2Y_YIELD,yield,0.049221673928646806
2024-09-19,US30Y_YIELD,yield,0.07137791129030518
2024-09-19,USD,px,108.50937603980229
2024-09-19,USDJPY,px,110.78608129506256
2024-09-19,VIX,px,39.15094790306434
2024-09-19,VOL,px,35.82476103745432
2024-09-20,EURUSD,px,1.0814084946854938
2024-09-20,GOLD,px,1486.5805472329525
2024-09-20,HYG,px,67.08412499884172
2024-09-20,LQD,px,114.83663273621693
2024-09-20,MKT_US,px,218.28716807874383
2024-09-20,OIL,px,49.38971124489476
2024-09-20,QQQ,px,143.2261638810251
2024-09-20,RATES_US10Y,yield,0.006382681849906943
2024-09-20,SPY,px,215.92130537978022
2024-09-20,TBILL3M_YIELD,yield,0.01553324349705012
2024-09-20,US10Y_YIELD,yield,0.06010312400451
2024-09-20,US2Y_YIELD,yield,0.04732843492049259
2024-09-20,US30Y_YIELD,yield,0.06785930962866221
2024-09-20,USD,px,107.25584672521829
2024-09-20,USDJPY,px,109.83900355469108
2024-09-20,VIX,px,37.74712967462331
2024-09-20,VOL,px,34.65591492148181
2024-09-23,EURUSD,px,1.077352627523236
2024-09-23,GOLD,px,1474.2656887424782
2024-09-23,HYG,px,67.49672924102951
2024-09-23,LQD,px,114.42239896134139
2024-09-23,MKT_US,px,217.26372269447668
2024-09-23,OIL,px,48.22928473444652
2024-09-23,QQQ,px,142.36862343768502
2024-09-23,RATES_US10Y,yield,0.007129115358639238
2024-09-23,SPY,px,215.21496799801423
2024-09-23,TBILL3M_YIELD,yield,0.01716214412715454
2024-09-23,US10Y_YIELD,yield,0.06054341330513567
2024-09-23,US2Y_YIELD,yield,0.04808796457468713
2024-09-23,US30Y_YIELD,yield,0.06873451911564123
2024-09-23,USD,px,107.7809866230149
2024-09-23,USDJPY,px,109.83014046263503
2024-09-23,VIX,px,37.85577165251342
2024-09-23,VOL,px,34.55450332429237
2024-09-24,EURUSD,px,1.0782758124081013
2024-09-24,GOLD,px,1486.1961209388155
2024-09-24,HYG,px,67.40139861269732
2024-09-24,LQD,px,113.72932811149906
2024-09-24,MKT_US,px,215.56391042665354
2024-09-24,OIL,px,48.55897615816119
2024-09-24,QQQ,px,140.72090525450432
2024-09-24,RATES_US10Y,yield,0.008227016360966469
2024-09-24,SPY,px,213.01179056556634
2024-09-24,TBILL3M_YIELD,yield,0.018799246096851074
2024-09-24,US10Y_YIELD,yield,0.060839569746649516
2024-09-24,US2Y_YIELD,yield,0.048949220369733294
2024-09-24,US30Y_YIELD,yield,0.06885311727680463
2024-09-24,USD,px,107.99527524896834
2024-09-24,USDJPY,px,109.67443467816615
2024-09-24,VIX,px,38.18394967759594
2024-09-24,VOL,px,34.6110225264792
2024-09-25,EURUSD,px,1.081631296907094
2024-09-25,GOLD,px,1487.2215298491628
2024-09-25,HYG,px,67.35451122318615
2024-09-25,LQD,px,114.03251962518962
2024-09-25,MKT_US,px,217.21168159227335
2024-09-25,OIL,px,48.38901009323123
2024-09-25,QQQ,px,141.2953687019304
2024-09-25,RATES_US10Y,yield,0.008920499776505528
2024-09-25,SPY,px,214.3326125935426
2024-09-25,TBILL3M_YIELD,yield,0.019119303825904564
2024-09-25,US10Y_YIELD,yield,0.061510472843154196
2024-09-25,US2Y_YIELD,yield,0.04950664082137377
2024-09-25,US30Y_YIELD,yield,0.06962225633325599
2024-09-25,USD,px,107.97656954549109
2024-09-25,USDJPY,px,109.4683595537305
2024-09-25,VIX,px,38.00918861553003
2024-09-25,VOL,px,34.434900994523645
2024-09-26,EURUSD,px,1.0767842423864502
2024-09-26,GOLD,px,1483.1153794441773
2024-09-26,HYG,px,67.29348157686968
2024-09-26,LQD,px,114.06161217242173
2024-09-26,MKT_US,px,220.271074531385
2024-09-26,OIL,px,49.783933605198804
2024-09-26,QQQ,px,143.38762621915924
2024-09-26,RATES_US10Y,yield,0.007561428941735757
2024-09-26,SPY,px,216.13315046757936
2024-09-26,TBILL3M_YIELD,yield,0.017352584871367482
2024-09-26,US10Y_YIELD,yield,0.06067901277034028
2024-09-26,US2Y_YIELD,yield,0.04797517276414507
2024-09-26,US30Y_YIELD,yield,0.06870941234766073
2024-09-26,USD,px,108.62261371746101
2024-09-26,USDJPY,px,109.43822888659777
2024-09-26,VIX,px,37.683961868427325
2024-09-26,VOL,px,34.20484879354475
2024-09-27,EURUSD,px,1.076385719836117
2024-09-27,GOLD,px,1494.04383659396
2024-09-27,HYG,px,67.26177629400742
2024-09-27,LQD,px,114.21473027597516
2024-09-27,MKT_US,px,221.02113450712704
2024-09-27,OIL,px,49.73434303553798
2024-09-27,QQQ,px,142.92485842571665
2024-09-27,RATES_US10Y,yield,0.0073805199471600556
2024-09-27,SPY,px,217.35649228632948
2024-09-27,TBILL3M_YIELD,yield,0.01653434973912999
2024-09-27,US10Y_YIELD,yield,0.05973908806594058
2024-09-27,US2Y_YIELD,yield,0.04694663574711777
2024-09-27,US30Y_YIELD,yield,0.06775286586067919
2024-09-27,USD,px,108.80824935892561
2024-09-27,USDJPY,px,109.29024394733342
2024-09-27,VIX,px,37.56806498493778
2024-09-27,VOL,px,33.95101749442535
2024-09-30,EURUSD,px,1.0807596703140816
2024-09-30,GOLD,px,1500.5894158289937
2024-09-30,HYG,px,66.88435639752409
2024-09-30,LQD,px,113.42448864809319
2024-09-30,MKT_US,px,220.7643311881441
2024-09-30,OIL,px,49.441884252005885
2024-09-30,QQQ,px,143.39748565341503
2024-09-30,RATES_US10Y,yield,0.007613334964468079
2024-09-30,SPY,px,218.49891095066764
2024-09-30,TBILL3M_YIELD,yield,0.017297793938354226
2024-09-30,US10Y_YIELD,yield,0.06197871954343054
2024-09-30,US2Y_YIELD,yield,0.04901465586406294
2024-09-30,US30Y_YIELD,yield,0.07058878576298533
2024-09-30,USD,px,107.91480119580368
2024-09-30,USDJPY,px,108.66253946517547
2024-09-30,VIX,px,38.348928996988406
2024-09-30,VOL,px,34.66057966508448
2024-10-01,EURUSD,px,1.083162928306162
2024-10-01,GOLD,px,1495.5728480594978
2024-10-01,HYG,px,67.37579425743391
2024-10-01,LQD,px,113.61465496620274
2024-10-01,MKT_US,px,223.15144254032046
2024-10-01,OIL,px,49.785612909384355
2024-10-01,QQQ,px,144.87348614753034
2024-10-01,RATES_US10Y,yield,0.007404236896682438
2024-10-01,SPY,px,221.5827389001568
2024-10-01,TBILL3M_YIELD,yield,0.016361781675100048
2024-10-01,US10Y_YIELD,yield,0.061291398252379545
2024-10-01,US2Y_YIELD,yield,0.04796833412901794
2024-10-01,US30Y_YIELD,yield,0.06940454912175645
2024-10-01,USD,px,108.73021908647291
2024-10-01,USDJPY,px,108.9116602802637
2024-10-01,VIX,px,37.909296732592196
2024-10-01,VOL,px,34.501880797881064
2024-10-02,EURUSD,px,1.0873516391966354
2024-10-02,GOLD,px,1488.1328146432727
2024-10-02,HYG,px,67.52936009796284
2024-10-02,LQD,px,113.20854829530919
2024-10-02,MKT_US,px,222.7788665167131
2024-10-02,OIL,px,50.93207837990903
2024-10-02,QQQ,px,146.78133464297863
2024-10-02,RATES_US10Y,yield,0.008036384466598264
2024-10-02,SPY,px,222.7260150847138
2024-10-02,TBILL3M_YIELD,yield,0.017234550874172007
2024-10-02,US10Y_YIELD,yield,0.06202792576618611
2024-10-02,US2Y_YIELD,yield,0.048913376526369894
2024-10-02,US30Y_YIELD,yield,0.06976933450633421
2024-10-02,USD,px,108.39708789231757
2024-10-02,USDJPY,px,108.6049828185181
2024-10-02,VIX,px,37.91351827901565
2024-10-02,VOL,px,34.45174167984924
2024-10-03,EURUSD,px,1.087809542903667
2024-10-03,GOLD,px,1498.3284839355845
2024-10-03,HYG,px,67.26725382502607
2024-10-03,LQD,px,114.18172689150087
2024-10-03,MKT_US,px,225.37853812652452
2024-10-03,OIL,px,51.502561725138904
2024-10-03,QQQ,px,148.15225797450077
2024-10-03,RATES_US10Y,yield,0.007904006832109484
2024-10-03,SPY,px,224.00519864917013
2024-10-03,TBILL3M_YIELD,yield,0.01692809086288084
2024-10-03,US10Y_YIELD,yield,0.06214740464972382
2024-10-03,US2Y_YIELD,yield,0.048871489825773794
2024-10-03,US30Y_YIELD,yield,0.07014061573001384
2024-10-03,USD,px,108.33500140605207
2024-10-03,USDJPY,px,108.45447713946112
2024-10-03,VIX,px,37.86676017902902
2024-10-03,VOL,px,34.559665257065724
2024-10-04,EURUSD,px,1.0843946006751994
2024-10-04,GOLD,px,1504.2943263010945
2024-10-04,HYG,px,67.53116126062758
2024-10-04,LQD,px,114.152065359142
2024-10-04,MKT_US,px,224.74581790785476
2024-10-04,OIL,px,50.697172969522086
2024-10-04,QQQ,px,146.98835519857747
2024-10-04,RATES_US10Y,yield,0.0069740327564856396
2024-10-04,SPY,px,223.57161668992683
2024-10-04,TBILL3M_YIELD,yield,0.015828859156568866
2024-10-04,US10Y_YIELD,yield,0.06197018270729944
2024-10-04,US2Y_YIELD,yield,0.048323165290774295
2024-10-04,US30Y_YIELD,yield,0.06960756937334564
2024-10-04,USD,px,107.31166372032565
2024-10-04,USDJPY,px,108.7583070915508
2024-10-04,VIX,px,37.79768354908022
2024-10-04,VOL,px,34.51536360839395
2024-10-07,EURUSD,px,1.0861398217453653
2024-10-07,GOLD,px,1518.1125211659917
2024-10-07,HYG,px,67.82987305184433
2024-10-07,LQD,px,113.51063190617529
2024-10-07,MKT_US,px,227.91948865623516
2024-10-07,OIL,px,51.00618502494545
2024-10-07,QQQ,px,149.78586196279622
2024-10-07,RATES_US10Y,yield,0.00827374139857132
2024-10-07,SPY,px,225.67339320521813
2024-10-07,TBILL3M_YIELD,yield,0.017180052576180875
2024-10-07,US10Y_YIELD,yield,0.06300397911727469
2024-10-07,US2Y_YIELD,yield,0.04954553851932071
2024-10-07,US30Y_YIELD,yield,0.07032971823689609
2024-10-07,USD,px,107.37745889885552
2024-10-07,USDJPY,px,108.66834550533868
2024-10-07,VIX,px,37.58125251774288
2024-10-07,VOL,px,34.28408719442032
2024-10-08,EURUSD,px,1.0983338654755521
2024-10-08,GOLD,px,1505.231813132191
2024-10-08,HYG,px,67.05362577831995
2024-10-08,LQD,px,113.51817508362555
2024-10-08,MKT_US,px,223.59851209438096
2024-10-08,OIL,px,52.06866539321127
2024-10-08,QQQ,px,147.61374712303862
2024-10-08,RATES_US10Y,yield,0.008515293502992353
2024-10-08,SPY,px,222.503902538615
2024-10-08,TBILL3M_YIELD,yield,0.018528502304289086
2024-10-08,US10Y_YIELD,yield,0.06501957383600442
2024-10-08,US2Y_YIELD,yield,0.051775018307376665
2024-10-08,US30Y_YIELD,yield,0.07197461862734925
2024-10-08,USD,px,106.20093979972631
2024-10-08,USDJPY,px,108.12609430193618
2024-10-08,VIX,px,38.458361264496276
2024-10-08,VOL,px,34.92865346381901
2024-10-09,EURUSD,px,1.0931766930076652
2024-10-09,GOLD,px,1497.454553323049
2024-10-09,HYG,px,67.17050805727342
2024-10-09,LQD,px,113.88156255426806
2024-10-09,MKT_US,px,226.90225521969043
2024-10-09,OIL,px,52.09318560990171
2024-10-09,QQQ,px,148.83051989185265
2024-10-09,RATES_US10Y,yield,0.008672947925752468
2024-10-09,SPY,px,222.67931308961613
2024-10-09,TBILL3M_YIELD,yield,0.018715789624002475
2024-10-09,US10Y_YIELD,yield,0.06514322147720555
2024-10-09,US2Y_YIELD,yield,0.05201784312290745
2024-10-09,US30Y_YIELD,yield,0.0724975524747506
2024-10-09,USD,px,106.86823448395444
2024-10-09,USDJPY,px,108.44146784933614
2024-10-09,VIX,px,38.59984833945823
2024-10-09,VOL,px,35.102669216345646
2024-10-10,EURUSD,px,1.091285264083168
2024-10-10,GOLD,px,1495.6272769790974
2024-10-10,HYG,px,66.9833367476012
2024-10-10,LQD,px,112.81233136054726
2024-10-10,MKT_US,px,227.46416092644782
2024-10-10,OIL,px,51.5548189064305
2024-10-10,QQQ,px,149.4182070439953
2024-10-10,RATES_US10Y,yield,0.009413981988459937
2024-10-10,SPY,px,224.5368158397527
2024-10-10,TBILL3M_YIELD,yield,0.019751137308464416
2024-10-10,US10Y_YIELD,yield,0.06628427202146327
2024-10-10,US2Y_YIELD,yield,0.05295067065646192
2024-10-10,US30Y_YIELD,yield,0.07369715216591322
2024-10-10,USD,px,106.43824110639832
2024-10-10,USDJPY,px,108.51866416937415
2024-10-10,VIX,px,38.69719409552282
2024-10-10,VOL,px,35.09013638817699
2024-10-11,EURUSD,px,1.0895766170039218
2024-10-11,GOLD,px,1502.8171726341377
2024-10-11,HYG,px,67.010810751319
2024-10-11,LQD,px,112.65087596256778
2024-10-11,MKT_US,px,229.00572608151293
2024-10-11,OIL,px,52.26142607130229
2024-10-11,QQQ,px,151.17576643252852
2024-10-11,RATES_US10Y,yield,0.010372578771622851
2024-10-11,SPY,px,226.9123379096692
2024-10-11,TBILL3M_YIELD,yield,0.020348692693908876
2024-10-11,US10Y_YIELD,yield,0.06740411025968482
2024-10-11,US2Y_YIELD,yield,0.05397441519453622
2024-10-11,US30Y_YIELD,yield,0.07477932433311547
2024-10-11,USD,px,107.29175204132339
2024-10-11,USDJPY,px,108.98940963007752
2024-10-11,VIX,px,38.56308291700313
2024-10-11,VOL,px,34.89496353769172
2024-10-14,EURUSD,px,1.0782776084297314
2024-10-14,GOLD,px,1498.4702199061157
2024-10-14,HYG,px,67.26479170181389
2024-10-14,LQD,px,112.85449120496882
2024-10-14,MKT_US,px,234.21659166437178
2024-10-14,OIL,px,52.27370642794921
2024-10-14,QQQ,px,154.9994511454527
2024-10-14,RATES_US10Y,yield,0.010776420429765886
2024-10-14,SPY,px,231.4442018688104
2024-10-14,TBILL3M_YIELD,yield,0.020010209127984596
2024-10-14,US10Y_YIELD,yield,0.06662864567628213
2024-10-14,US2Y_YIELD,yield,0.05239615707290336
2024-10-14,US30Y_YIELD,yield,0.07336780042389235
2024-10-14,USD,px,108.62614397201187
2024-10-14,USDJPY,px,109.1796783358633
2024-10-14,VIX,px,37.686768407214906
2024-10-14,VOL,px,34.1961170038097
2024-10-15,EURUSD,px,1.0786118772489042
2024-10-15,GOLD,px,1492.636029008005
2024-10-15,HYG,px,67.77166991518851
2024-10-15,LQD,px,112.82294141931101
2024-10-15,MKT_US,px,237.66115376133638
2024-10-15,OIL,px,51.51262386768377
2024-10-15,QQQ,px,157.9580533528842
2024-10-15,RATES_US10Y,yield,0.009215201487977172
2024-10-15,SPY,px,235.00180525083164
2024-10-15,TBILL3M_YIELD,yield,0.01708348560997868
2024-10-15,US10Y_YIELD,yield,0.06358888746204402
2024-10-15,US2Y_YIELD,yield,0.04916727371080979
2024-10-15,US30Y_YIELD,yield,0.07094915164411827
2024-10-15,USD,px,109.26107599923583
2024-10-15,USDJPY,px,109.42546939594618
2024-10-15,VIX,px,36.97180498906552
2024-10-15,VOL,px,33.751395245834914
2024-10-16,EURUSD,px,1.085302748704948
2024-10-16,GOLD,px,1493.142064610024
2024-10-16,HYG,px,67.60385277882158
2024-10-16,LQD,px,113.25299317381365
2024-10-16,MKT_US,px,235.86799561350222
2024-10-16,OIL,px,51.14136762472927
2024-10-16,QQQ,px,156.4223507644062
2024-10-16,RATES_US10Y,yield,0.008978699116428302
2024-10-16,SPY,px,233.6359010694586
2024-10-16,TBILL3M_YIELD,yield,0.015789042091516842
2024-10-16,US10Y_YIELD,yield,0.0607384385673331
2024-10-16,US2Y_YIELD,yield,0.04678321737882947
2024-10-16,US30Y_YIELD,yield,0.06734804393053173
2024-10-16,USD,px,107.52969257490238
2024-10-16,USDJPY,px,109.35024529261008
2024-10-16,VIX,px,36.16000979471496
2024-10-16,VOL,px,32.89533391877737
2024-10-17,EURUSD,px,1.0848867550419157
2024-10-17,GOLD,px,1500.865098994469
2024-10-17,HYG,px,67.41146986416972
2024-10-17,LQD,px,113.13997204601316
2024-10-17,MKT_US,px,232.99407548485857
2024-10-17,OIL,px,50.54138518932844
2024-10-17,QQQ,px,153.6053178470009
2024-10-17,RATES_US10Y,yield,0.008623708330169202
2024-10-17,SPY,px,230.02075652624342
2024-10-17,TBILL3M_YIELD,yield,0.015121988346174548
2024-10-17,US10Y_YIELD,yield,0.06029841701283374
2024-10-17,US2Y_YIELD,yield,0.046353878261937174
2024-10-17,US30Y_YIELD,yield,0.06650768429522771
2024-10-17,USD,px,107.34343823685961
2024-10-17,USDJPY,px,109.5243498675573
2024-10-17,VIX,px,36.470095102081714
2024-10-17,VOL,px,32.99965895163803
2024-10-18,EURUSD,px,1.0867263208401747
2024-10-18,GOLD,px,1493.4816198249662
2024-10-18,HYG,px,68.11080720494843
2024-10-18,LQD,px,113.12493794265599
2024-10-18,MKT_US,px,234.4610358278504
2024-10-18,OIL,px,50.47843626416266
2024-10-18,QQQ,px,155.5581560459088
2024-10-18,RATES_US10Y,yield,0.008071028249984832
2024-10-18,SPY,px,232.81159218424025
2024-10-18,TBILL3M_YIELD,yield,0.013599153672560645
2024-10-18,US10Y_YIELD,yield,0.05849225884054257
2024-10-18,US2Y_YIELD,yield,0.044778468020060275
2024-10-18,US30Y_YIELD,yield,0.06467329787161219
2024-10-18,USD,px,106.94582365859308
2024-10-18,USDJPY,px,108.90536757273658
2024-10-18,VIX,px,35.85752835821323
2024-10-18,VOL,px,32.40548891261053
2024-10-21,EURUSD,px,1.0873270951550402
2024-10-21,GOLD,px,1505.5868863124788
2024-10-21,HYG,px,68.16549036434928
2024-10-21,LQD,px,113.15358677042451
2024-10-21,MKT_US,px,234.08723439524306
2024-10-21,OIL,px,50.1663418833453
2024-10-21,QQQ,px,155.73807484513983
2024-10-21,RATES_US10Y,yield,0.008496965700981613
2024-10-21,SPY,px,231.43506941369012
2024-10-21,TBILL3M_YIELD,yield,0.013217283178071852
2024-10-21,US10Y_YIELD,yield,0.05661784834477725
2024-10-21,US2Y_YIELD,yield,0.04323190010447754
2024-10-21,US30Y_YIELD,yield,0.06186582479434338
2024-10-21,USD,px,105.77906117745384
2024-10-21,USDJPY,px,108.2099695718396
2024-10-21,VIX,px,35.348293263873316
2024-10-21,VOL,px,31.860373762574536
2024-10-22,EURUSD,px,1.0868125756284959
2024-10-22,GOLD,px,1514.2565765614288
2024-10-22,HYG,px,68.27406056644968
2024-10-22,LQD,px,112.87488548089213
2024-10-22,MKT_US,px,233.93981563224824
2024-10-22,OIL,px,50.77072180668222
2024-10-22,QQQ,px,155.77583346193555
2024-10-22,RATES_US10Y,yield,0.009181225855344513
2024-10-22,SPY,px,232.16509593766693
2024-10-22,TBILL3M_YIELD,yield,0.014410270205434124
2024-10-22,US10Y_YIELD,yield,0.05793221142919103
2024-10-22,US2Y_YIELD,yield,0.04463787623269365
2024-10-22,US30Y_YIELD,yield,0.06320942084650472
2024-10-22,USD,px,105.59031491769473
2024-10-22,USDJPY,px,108.10166108798522
2024-10-22,VIX,px,35.78458046758233
2024-10-22,VOL,px,32.0785252935057
2024-10-23,EURUSD,px,1.09508626423551
2024-10-23,GOLD,px,1514.1222115564142
2024-10-23,HYG,px,68.62112592867973
2024-10-23,LQD,px,112.46357296672012
2024-10-23,MKT_US,px,235.83675986032287
2024-10-23,OIL,px,51.31215250687559
2024-10-23,QQQ,px,156.78441008049785
2024-10-23,RATES_US10Y,yield,0.008569456526695428
2024-10-23,SPY,px,233.19982940420243
2024-10-23,TBILL3M_YIELD,yield,0.014344040310769846
2024-10-23,US10Y_YIELD,yield,0.0588057396219613
2024-10-23,US2Y_YIELD,yield,0.045124269510967936
2024-10-23,US30Y_YIELD,yield,0.06484599123154289
2024-10-23,USD,px,104.73089597711005
2024-10-23,USDJPY,px,107.53420691838886
2024-10-23,VIX,px,35.97862623633998
2024-10-23,VOL,px,32.44453565629449
2024-10-24,EURUSD,px,1.0909233242378518
2024-10-24,GOLD,px,1516.3065985120707
2024-10-24,HYG,px,68.37110919919391
2024-10-24,LQD,px,113.53958414408028
2024-10-24,MKT_US,px,233.53111956903174
2024-10-24,OIL,px,50.38520949146671
2024-10-24,QQQ,px,156.1511903583857
2024-10-24,RATES_US10Y,yield,0.0075778682542565045
2024-10-24,SPY,px,230.89813460384119
2024-10-24,TBILL3M_YIELD,yield,0.011928718901090204
2024-10-24,US10Y_YIELD,yield,0.053928288319661455
2024-10-24,US2Y_YIELD,yield,0.04131921640040611
2024-10-24,US30Y_YIELD,yield,0.05892651880026358
2024-10-24,USD,px,105.33181914874876
2024-10-24,USDJPY,px,107.84713861451692
2024-10-24,VIX,px,34.77965577477623
2024-10-24,VOL,px,31.318964407164792
2024-10-25,EURUSD,px,1.0974720940694171
2024-10-25,GOLD,px,1516.2268447873992
2024-10-25,HYG,px,67.42975956586841
2024-10-25,LQD,px,112.95923741705957
2024-10-25,MKT_US,px,228.94876979533802
2024-10-25,OIL,px,50.57374034812564
2024-10-25,QQQ,px,151.8356195897412
2024-10-25,RATES_US10Y,yield,0.00926050195039426
2024-10-25,SPY,px,226.5993315232602
2024-10-25,TBILL3M_YIELD,yield,0.014998725942060902
2024-10-25,US10Y_YIELD,yield,0.057508191665757324
2024-10-25,US2Y_YIELD,yield,0.04525031352992563
2024-10-25,US30Y_YIELD,yield,0.06287906618655062
2024-10-25,USD,px,104.44629595038337
2024-10-25,USDJPY,px,107.52459194131781
2024-10-25,VIX,px,36.07640564899072
2024-10-25,VOL,px,32.37472200733311
2024-10-28,EURUSD,px,1.093414330485357
2024-10-28,GOLD,px,1523.176192813735
2024-10-28,HYG,px,67.71637456268616
2024-10-28,LQD,px,112.71715948609979
2024-10-28,MKT_US,px,229.60131262662446
2024-10-28,OIL,px,51.11051484919602
2024-10-28,QQQ,px,152.20799615395882
2024-10-28,RATES_US10Y,yield,0.009175187712420462
2024-10-28,SPY,px,227.0018905121206
2024-10-28,TBILL3M_YIELD,yield,0.014515199746123506
2024-10-28,US10Y_YIELD,yield,0.05769014950176024
2024-10-28,US2Y_YIELD,yield,0.04488025113870853
2024-10-28,US30Y_YIELD,yield,0.062616469565722
2024-10-28,USD,px,104.64518846497653
2024-10-28,USDJPY,px,107.49972102973094
2024-10-28,VIX,px,36.0161734398968
2024-10-28,VOL,px,32.410128621080155
2024-10-29,EURUSD,px,1.0914734154302899
2024-10-29,GOLD,px,1516.8040868434825
2024-10-29,HYG,px,67.37058908357977
2024-10-29,LQD,px,113.14170154066979
2024-10-29,MKT_US,px,231.17557799513207
2024-10-29,OIL,px,51.49380056722691
2024-10-29,QQQ,px,152.4855139247904
2024-10-29,RATES_US10Y,yield,0.008238386291879642
2024-10-29,SPY,px,227.63570081803178
2024-10-29,TBILL3M_YIELD,yield,0.013595616725411309
2024-10-29,US10Y_YIELD,yield,0.05684637492339059
2024-10-29,US2Y_YIELD,yield,0.04383974653371292
2024-10-29,US30Y_YIELD,yield,0.06158778987345185
2024-10-29,USD,px,104.59172838498816
2024-10-29,USDJPY,px,107.93002226867529
2024-10-29,VIX,px,35.87223042031143
2024-10-29,VOL,px,32.282532021612205
2024-10-30,EURUSD,px,1.0949951411165866
2024-10-30,GOLD,px,1510.2890076863575
2024-10-30,HYG,px,67.15214602663625
2024-10-30,LQD,px,113.0824918478508
2024-10-30,MKT_US,px,229.28008450554202
2024-10-30,OIL,px,52.30211693599144
2024-10-30,QQQ,px,150.754347653152
2024-10-30,RATES_US10Y,yield,0.008445777878089278
2024-10-30,SPY,px,226.13317509120006
2024-10-30,TBILL3M_YIELD,yield,0.01441394655330105
2024-10-30,US10Y_YIELD,yield,0.05897409621638361
2024-10-30,US2Y_YIELD,yield,0.04583193526118536
2024-10-30,US30Y_YIELD,yield,0.0640642158710231
2024-10-30,USD,px,104.58552203682767
2024-10-30,USDJPY,px,107.69324400636523
2024-10-30,VIX,px,36.683515012021864
2024-10-30,VOL,px,32.89545559135008
2024-10-31,EURUSD,px,1.0989329649768107
2024-10-31,GOLD,px,1500.2922061231557
2024-10-31,HYG,px,66.95994759313626
2024-10-31,LQD,px,113.51431234309945
2024-10-31,MKT_US,px,230.59682132897439
2024-10-31,OIL,px,51.95231764461273
2024-10-31,QQQ,px,151.19793668297208
2024-10-31,RATES_US10Y,yield,0.008828521821462156
2024-10-31,SPY,px,224.56260271239876
2024-10-31,TBILL3M_YIELD,yield,0.014781402994070776
2024-10-31,US10Y_YIELD,yield,0.0595620346405101
2024-10-31,US2Y_YIELD,yield,0.046729875060881505
2024-10-31,US30Y_YIELD,yield,0.0643986054947051
2024-10-31,USD,px,104.44105528527427
2024-10-31,USDJPY,px,108.00235628119471
2024-10-31,VIX,px,36.86177832362499
2024-10-31,VOL,px,32.83639714677285
2024-11-01,EURUSD,px,1.1039672371536693
2024-11-01,GOLD,px,1491.9561730984321
2024-11-01,HYG,px,67.00149134017558
2024-11-01,LQD,px,113.60970865703834
2024-11-01,MKT_US,px,230.0647197173623
2024-11-01,OIL,px,51.29953243805269
2024-11-01,QQQ,px,150.6212013002449
2024-11-01,RATES_US10Y,yield,0.008529545696722764
2024-11-01,SPY,px,223.8732559051313
2024-11-01,TBILL3M_YIELD,yield,0.013814722020477371
2024-11-01,US10Y_YIELD,yield,0.05763540380107182
2024-11-01,US2Y_YIELD,yield,0.04499085386992194
2024-11-01,US30Y_YIELD,yield,0.062215230516837895
2024-11-01,USD,px,104.50562241058807
2024-11-01,USDJPY,px,108.11503198178316
2024-11-01,VIX,px,36.36247639344434
2024-11-01,VOL,px,32.444770048557615
2024-11-04,EURUSD,px,1.1045793048463248
2024-11-04,GOLD,px,1500.1670528316567
2024-11-04,HYG,px,65.57462505448929
2024-11-04,LQD,px,113.40739352253138
2024-11-04,MKT_US,px,225.85539661233472
2024-11-04,OIL,px,52.224897895666885
2024-11-04,QQQ,px,146.8091057918318
2024-11-04,RATES_US10Y,yield,0.008719063679901353
2024-11-04,SPY,px,218.53144081457145
2024-11-04,TBILL3M_YIELD,yield,0.015859991371803543
2024-11-04,US10Y_YIELD,yield,0.06237926463009387
2024-11-04,US2Y_YIELD,yield,0.048537078999435046
2024-11-04,US30Y_YIELD,yield,0.06716233727381424
2024-11-04,USD,px,104.56484879043828
2024-11-04,USDJPY,px,107.70618377727457
2024-11-04,VIX,px,37.9672122663313
2024-11-04,VOL,px,33.823478840517645
2024-11-05,EURUSD,px,1.113448125915987
2024-11-05,GOLD,px,1496.786468756709
2024-11-05,HYG,px,65.71587021328727
2024-11-05,LQD,px,113.70336848803397
2024-11-05,MKT_US,px,226.02073141052466
2024-11-05,OIL,px,51.47136941679257
2024-11-05,QQQ,px,146.92268944797664
2024-11-05,RATES_US10Y,yield,0.008266279488422816
2024-11-05,SPY,px,219.89501790317257
2024-11-05,TBILL3M_YIELD,yield,0.014735064046914052
2024-11-05,US10Y_YIELD,yield,0.05970430275193192
2024-11-05,US2Y_YIELD,yield,0.04652009491547228
2024-11-05,US30Y_YIELD,yield,0.06436939436206993
2024-11-05,USD,px,103.45198546936074
2024-11-05,USDJPY,px,107.21623782425607
2024-11-05,VIX,px,36.98030163315182
2024-11-05,VOL,px,33.19027489144055
2024-11-06,EURUSD,px,1.1149851637547346
2024-11-06,GOLD,px,1500.9078283566155
2024-11-06,HYG,px,65.2341869172167
2024-11-06,LQD,px,113.7793262478433
2024-11-06,MKT_US,px,224.74259943639683
2024-11-06,OIL,px,50.044294108644344
2024-11-06,QQQ,px,145.63448215511139
2024-11-06,RATES_US10Y,yield,0.007565419495829933
2024-11-06,SPY,px,216.9844554799775
2024-11-06,TBILL3M_YIELD,yield,0.013249433449425611
2024-11-06,US10Y_YIELD,yield,0.05821687640013001
2024-11-06,US2Y_YIELD,yield,0.04569470769202588
2024-11-06,US30Y_YIELD,yield,0.06309973798345199
2024-11-06,USD,px,103.79880946380109
2024-11-06,USDJPY,px,107.05789732383072
2024-11-06,VIX,px,37.127515795484044
2024-11-06,VOL,px,32.92461701602027
2024-11-07,EURUSD,px,1.1068629650273907
2024-11-07,GOLD,px,1491.7092236630247
2024-11-07,HYG,px,64.61090091130815
2024-11-07,LQD,px,113.56071833527865
2024-11-07,MKT_US,px,221.51141500162032
2024-11-07,OIL,px,50.38547616705801
2024-11-07,QQQ,px,143.33139206919853
2024-11-07,RATES_US10Y,yield,0.007746130725158376
2024-11-07,SPY,px,212.22549767384186
2024-11-07,TBILL3M_YIELD,yield,0.01399757127571391
2024-11-07,US10Y_YIELD,yield,0.05896838263705191
2024-11-07,US2Y_YIELD,yield,0.04690487675977661
2024-11-07,US30Y_YIELD,yield,0.06452717883762633
2024-11-07,USD,px,104.34562490831753
2024-11-07,USDJPY,px,107.4287696684925
2024-11-07,VIX,px,38.07300924266879
2024-11-07,VOL,px,33.544097125136744
2024-11-08,EURUSD,px,1.0997465738287682
2024-11-08,GOLD,px,1452.3045470631666
2024-11-08,HYG,px,64.91886835613269
2024-11-08,LQD,px,113.40265998795991
2024-11-08,MKT_US,px,222.794134716793
2024-11-08,OIL,px,49.96537604558985
2024-11-08,QQQ,px,144.4686579517839
2024-11-08,RATES_US10Y,yield,0.008295146023281649
2024-11-08,SPY,px,214.0441211812481
2024-11-08,TBILL3M_YIELD,yield,0.014153898768385539
2024-11-08,US10Y_YIELD,yield,0.05751845795444285
2024-11-08,US2Y_YIELD,yield,0.04624551672867393
2024-11-08,US30Y_YIELD,yield,0.06269758281793822
2024-11-08,USD,px,105.10090507051564
2024-11-08,USDJPY,px,107.3402800531056
2024-11-08,VIX,px,37.061319741650735
2024-11-08,VOL,px,32.886581538046634
2024-11-11,EURUSD,px,1.0969485048394894
2024-11-11,GOLD,px,1452.3877514917579
2024-11-11,HYG,px,65.03907347403162
2024-11-11,LQD,px,114.07960323211864
2024-11-11,MKT_US,px,221.98603100041743
2024-11-11,OIL,px,49.72825537808417
2024-11-11,QQQ,px,143.92774860672222
2024-11-11,RATES_US10Y,yield,0.007786169113005717
2024-11-11,SPY,px,214.144182483426
2024-11-11,TBILL3M_YIELD,yield,0.013161782233761337
2024-11-11,US10Y_YIELD,yield,0.05653149234129236
2024-11-11,US2Y_YIELD,yield,0.04590952156623855
2024-11-11,US30Y_YIELD,yield,0.06225648611747046
2024-11-11,USD,px,106.02658221758105
2024-11-11,USDJPY,px,107.23000007248139
2024-11-11,VIX,px,36.820906846804796
2024-11-11,VOL,px,32.93745426160287
2024-11-12,EURUSD,px,1.100668438150619
2024-11-12,GOLD,px,1431.0902895997117
2024-11-12,HYG,px,65.09000567280674
2024-11-12,LQD,px,113.67604481259664
2024-11-12,MKT_US,px,221.83814453250875
2024-11-12,OIL,px,49.20940294822776
2024-11-12,QQQ,px,144.34220224892957
2024-11-12,RATES_US10Y,yield,0.008068058428431833
2024-11-12,SPY,px,214.3949621171413
2024-11-12,TBILL3M_YIELD,yield,0.014004873607569059
2024-11-12,US10Y_YIELD,yield,0.05767128311472468
2024-11-12,US2Y_YIELD,yield,0.04673478720339772
2024-11-12,US30Y_YIELD,yield,0.06369764090639153
2024-11-12,USD,px,106.37000387960795
2024-11-12,USDJPY,px,107.57114410836562
2024-11-12,VIX,px,37.09534305692812
2024-11-12,VOL,px,33.17003612802008
2024-11-13,EURUSD,px,1.1015483201932479
2024-11-13,GOLD,px,1435.5964020530098
2024-11-13,HYG,px,64.43821705605002
2024-11-13,LQD,px,113.34188856507599
2024-11-13,MKT_US,px,218.9653383202564
2024-11-13,OIL,px,48.474897974055594
2024-11-13,QQQ,px,140.58566272046437
2024-11-13,RATES_US10Y,yield,0.007507781473277445
2024-11-13,SPY,px,209.78838547544058
2024-11-13,TBILL3M_YIELD,yield,0.01529264216331764
2024-11-13,US10Y_YIELD,yield,0.062106231300034995
2024-11-13,US2Y_YIELD,yield,0.05024279044441659
2024-11-13,US30Y_YIELD,yield,0.06900227161461187
2024-11-13,USD,px,106.27797902462682
2024-11-13,USDJPY,px,107.43287318418061
2024-11-13,VIX,px,39.15220454732191
2024-11-13,VOL,px,34.65153814384588
2024-11-14,EURUSD,px,1.0961320127269145
2024-11-14,GOLD,px,1437.0700070399153
2024-11-14,HYG,px,64.73215064598138
2024-11-14,LQD,px,112.91179739390356
2024-11-14,MKT_US,px,218.6998377104493
2024-11-14,OIL,px,47.84424387173981
2024-11-14,QQQ,px,139.25612891016456
2024-11-14,RATES_US10Y,yield,0.010066550356586868
2024-11-14,SPY,px,209.69252352708196
2024-11-14,TBILL3M_YIELD,yield,0.017676070889794532
2024-11-14,US10Y_YIELD,yield,0.06195181568956709
2024-11-14,US2Y_YIELD,yield,0.05082432237618235
2024-11-14,US30Y_YIELD,yield,0.06805933434068445
2024-11-14,USD,px,107.15876115968082
2024-11-14,USDJPY,px,107.91551845184749
2024-11-14,VIX,px,38.64836505765244
2024-11-14,VOL,px,33.94805870447712
2024-11-15,EURUSD,px,1.0948563694397906
2024-11-15,GOLD,px,1436.956576037213
2024-11-15,HYG,px,64.23255759591368
2024-11-15,LQD,px,113.13325864254665
2024-11-15,MKT_US,px,217.62473318467352
2024-11-15,OIL,px,47.733556356164165
2024-11-15,QQQ,px,137.77887576929683
2024-11-15,RATES_US10Y,yield,0.009722844964618466
2024-11-15,SPY,px,207.10258249743774
2024-11-15,TBILL3M_YIELD,yield,0.016633327644777166
2024-11-15,US10Y_YIELD,yield,0.060774695830166384
2024-11-15,US2Y_YIELD,yield,0.050106626048331486
2024-11-15,US30Y_YIELD,yield,0.06674095373977185
2024-11-15,USD,px,107.34010675250664
2024-11-15,USDJPY,px,107.59253832052164
2024-11-15,VIX,px,38.73756799932279
2024-11-15,VOL,px,34.02918281519273
2024-11-18,EURUSD,px,1.0942855783577152
2024-11-18,GOLD,px,1430.9133770163037
2024-11-18,HYG,px,63.76276166673201
2024-11-18,LQD,px,112.95832975494126
2024-11-18,MKT_US,px,215.70903179617207
2024-11-18,OIL,px,48.1819336711836
2024-11-18,QQQ,px,135.93237370577125
2024-11-18,RATES_US10Y,yield,0.01085610232329473
2024-11-18,SPY,px,204.87449187134246
2024-11-18,TBILL3M_YIELD,yield,0.01814946799665102
2024-11-18,US10Y_YIELD,yield,0.06296018738419225
2024-11-18,US2Y_YIELD,yield,0.052331276425545435
2024-11-18,US30Y_YIELD,yield,0.0683115134389237
2024-11-18,USD,px,107.15108886321443
2024-11-18,USDJPY,px,107.54170767769267
2024-11-18,VIX,px,39.42652118612371
2024-11-18,VOL,px,34.4511056260555
2024-11-19,EURUSD,px,1.099326945407693
2024-11-19,GOLD,px,1436.1536593344006
2024-11-19,HYG,px,64.1748215663445
2024-11-19,LQD,px,113.14808546293654
2024-11-19,MKT_US,px,216.05346392326993
2024-11-19,OIL,px,46.71022712377377
2024-11-19,QQQ,px,135.94904056117255
2024-11-19,RATES_US10Y,yield,0.010689613518846336
2024-11-19,SPY,px,204.39108513910614
2024-11-19,TBILL3M_YIELD,yield,0.018022062474980054
2024-11-19,US10Y_YIELD,yield,0.06313095048682137
2024-11-19,US2Y_YIELD,yield,0.05257460282159207
2024-11-19,US30Y_YIELD,yield,0.0689776131268883
2024-11-19,USD,px,106.7352494113464
2024-11-19,USDJPY,px,107.3557522535393
2024-11-19,VIX,px,39.52183376117334
2024-11-19,VOL,px,34.46679394913831
2024-11-20,EURUSD,px,1.0995170783852461
2024-11-20,GOLD,px,1437.0625071460079
2024-11-20,HYG,px,64.82453712534824
2024-11-20,LQD,px,112.8419272446385
2024-11-20,MKT_US,px,215.88685308717854
2024-11-20,OIL,px,47.268542164991544
2024-11-20,QQQ,px,135.57774491356008
2024-11-20,RATES_US10Y,yield,0.010675785193933071
2024-11-20,SPY,px,203.9516499200931
2024-11-20,TBILL3M_YIELD,yield,0.016855279560798898
2024-11-20,US10Y_YIELD,yield,0.06037951584685265
2024-11-20,US2Y_YIELD,yield,0.05016483682985623
2024-11-20,US30Y_YIELD,yield,0.06565889511256212
2024-11-20,USD,px,107.00633160133349
2024-11-20,USDJPY,px,106.84396715317001
2024-11-20,VIX,px,38.6015931733268
2024-11-20,VOL,px,33.5914245413132
2024-11-21,EURUSD,px,1.0985706767296044
2024-11-21,GOLD,px,1427.0746254776118
2024-11-21,HYG,px,64.97803048612248
2024-11-21,LQD,px,112.80354518556605
2024-11-21,MKT_US,px,215.87720127682897
2024-11-21,OIL,px,46.645948358094785
2024-11-21,QQQ,px,135.89939583495567
2024-11-21,RATES_US10Y,yield,0.011568701645502532
2024-11-21,SPY,px,204.62910404456187
2024-11-21,TBILL3M_YIELD,yield,0.017948505488821043
2024-11-21,US10Y_YIELD,yield,0.06204765130807127
2024-11-21,US2Y_YIELD,yield,0.05132465836358354
2024-11-21,US30Y_YIELD,yield,0.06733062560131022
2024-11-21,USD,px,107.07689586821452
2024-11-21,USDJPY,px,106.19535602222666
2024-11-21,VIX,px,39.11902966010499
2024-11-21,VOL,px,33.861580019484016
2024-11-22,EURUSD,px,1.09828304128313
2024-11-22,GOLD,px,1424.6768693196695
2024-11-22,HYG,px,65.16112557369564
2024-11-22,LQD,px,112.60012726808219
2024-11-22,MKT_US,px,217.18359262316173
2024-11-22,OIL,px,46.061889617727786
2024-11-22,QQQ,px,136.1663560347629
2024-11-22,RATES_US10Y,yield,0.012537414465014215
2024-11-22,SPY,px,204.60067762871972
2024-11-22,TBILL3M_YIELD,yield,0.019118029232265868
2024-11-22,US10Y_YIELD,yield,0.06276406961366993
2024-11-22,US2Y_YIELD,yield,0.0520077058997738
2024-11-22,US30Y_YIELD,yield,0.06824626361416705
2024-11-22,USD,px,107.16975045830215
2024-11-22,USDJPY,px,106.29104779361515
2024-11-22,VIX,px,39.18220682387244
2024-11-22,VOL,px,33.913173313130706
2024-11-25,EURUSD,px,1.105497661810064
2024-11-25,GOLD,px,1418.205101605013
2024-11-25,HYG,px,65.28236497570333
2024-11-25,LQD,px,112.06701496336147
2024-11-25,MKT_US,px,220.45474687318273
2024-11-25,OIL,px,46.5067556977145
2024-11-25,QQQ,px,138.41711284340226
2024-11-25,RATES_US10Y,yield,0.01343460279129261
2024-11-25,SPY,px,208.12565304273224
2024-11-25,TBILL3M_YIELD,yield,0.02058130614331255
2024-11-25,US10Y_YIELD,yield,0.06517070003129881
2024-11-25,US2Y_YIELD,yield,0.053777345886685264
2024-11-25,US30Y_YIELD,yield,0.0710676901085138
2024-11-25,USD,px,106.65974196035786
2024-11-25,USDJPY,px,105.94788549851451
2024-11-25,VIX,px,39.221312571457375
2024-11-25,VOL,px,34.06286130462251
2024-11-26,EURUSD,px,1.1022540941806134
2024-11-26,GOLD,px,1430.5297556079445
2024-11-26,HYG,px,64.47516784445926
2024-11-26,LQD,px,111.8986729928647
2024-11-26,MKT_US,px,217.17721191822986
2024-11-26,OIL,px,46.42045497378989
2024-11-26,QQQ,px,135.63911152239228
2024-11-26,RATES_US10Y,yield,0.013423841358861939
2024-11-26,SPY,px,205.30457388867075
2024-11-26,TBILL3M_YIELD,yield,0.021275930703148295
2024-11-26,US10Y_YIELD,yield,0.06762925152702487
2024-11-26,US2Y_YIELD,yield,0.055364006688124454
2024-11-26,US30Y_YIELD,yield,0.07376164667622885
2024-11-26,USD,px,106.78847138144052
2024-11-26,USDJPY,px,105.66859887502898
2024-11-26,VIX,px,40.20818120620367
2024-11-26,VOL,px,34.78300770644949
2024-11-27,EURUSD,px,1.0978364147539585
2024-11-27,GOLD,px,1431.0417237189445
2024-11-27,HYG,px,64.78107693824758
2024-11-27,LQD,px,111.25612177311508
2024-11-27,MKT_US,px,216.91751428756194
2024-11-27,OIL,px,45.5889732658667
2024-11-27,QQQ,px,136.1910381196411
2024-11-27,RATES_US10Y,yield,0.013030576191173236
2024-11-27,SPY,px,204.5024614866656
2024-11-27,TBILL3M_YIELD,yield,0.021167058992750044
2024-11-27,US10Y_YIELD,yield,0.06956624912467918
2024-11-27,US2Y_YIELD,yield,0.05629744170222254
2024-11-27,US30Y_YIELD,yield,0.07613033996162039
2024-11-27,USD,px,107.77328774548356
2024-11-27,USDJPY,px,106.33141368056515
2024-11-27,VIX,px,40.76644958680094
2024-11-27,VOL,px,35.60073399652706
2024-11-28,EURUSD,px,1.0981287558236745
2024-11-28,GOLD,px,1444.5027306270217
2024-11-28,HYG,px,64.60441485897894
2024-11-28,LQD,px,111.3975753166134
2024-11-28,MKT_US,px,216.61410595097954
2024-11-28,OIL,px,46.31224529847617
2024-11-28,QQQ,px,136.28749381439926
2024-11-28,RATES_US10Y,yield,0.012593001607453747
2024-11-28,SPY,px,203.51384399530727
2024-11-28,TBILL3M_YIELD,yield,0.020627518800505368
2024-11-28,US10Y_YIELD,yield,0.0697632459476162
2024-11-28,US2Y_YIELD,yield,0.05644730086509305
2024-11-28,US30Y_YIELD,yield,0.07674522748131979
2024-11-28,USD,px,107.317537002138
2024-11-28,USDJPY,px,106.53846910474735
2024-11-28,VIX,px,41.1227797883993
2024-11-28,VOL,px,36.04548772101822
2024-11-29,EURUSD,px,1.099826135933772
2024-11-29,GOLD,px,1440.3586682042046
2024-11-29,HYG,px,64.63917923780141
2024-11-29,LQD,px,111.41993803023223
2024-11-29,MKT_US,px,215.87318799487542
2024-11-29,OIL,px,45.925924973484406
2024-11-29,QQQ,px,136.42635372496918
2024-11-29,RATES_US10Y,yield,0.01310866040344768
2024-11-29,SPY,px,202.92642827878882
2024-11-29,TBILL3M_YIELD,yield,0.02137471799900343
2024-11-29,US10Y_YIELD,yield,0.07069136141280724
2024-11-29,US2Y_YIELD,yield,0.057458472562200456
2024-11-29,US30Y_YIELD,yield,0.07775791539798034
2024-11-29,USD,px,107.32046810114761
2024-11-29,USDJPY,px,107.05304094018466
2024-11-29,VIX,px,41.52850666553893
2024-11-29,VOL,px,36.25839745787565
2024-12-02,EURUSD,px,1.096231304478585
2024-12-02,GOLD,px,1437.7498893292004
2024-12-02,HYG,px,64.8812622091953
2024-12-02,LQD,px,110.85034605827096
2024-12-02,MKT_US,px,213.9941250971906
2024-12-02,OIL,px,45.96692482488798
2024-12-02,QQQ,px,135.57016226130565
2024-12-02,RATES_US10Y,yield,0.01326718968411698
2024-12-02,SPY,px,201.09701216607726
2024-12-02,TBILL3M_YIELD,yield,0.021353856037410378
2024-12-02,US10Y_YIELD,yield,0.06821123421153188
2024-12-02,US2Y_YIELD,yield,0.05608682896246627
2024-12-02,US30Y_YIELD,yield,0.0744087657387904
2024-12-02,USD,px,107.72696627664983
2024-12-02,USDJPY,px,106.91558927951318
2024-12-02,VIX,px,40.62473833296714
2024-12-02,VOL,px,35.41826922764375
2024-12-03,EURUSD,px,1.0986715164716523
2024-12-03,GOLD,px,1435.6712569092394
2024-12-03,HYG,px,64.46890202617219
2024-12-03,LQD,px,110.64885231963201
2024-12-03,MKT_US,px,214.00165355374855
2024-12-03,OIL,px,45.92416706868207
2024-12-03,QQQ,px,133.7316619646923
2024-12-03,RATES_US10Y,yield,0.014206127453188907
2024-12-03,SPY,px,200.62283481685054
2024-12-03,TBILL3M_YIELD,yield,0.02264826053525018
2024-12-03,US10Y_YIELD,yield,0.06849232522060156
2024-12-03,US2Y_YIELD,yield,0.05696931698758548
2024-12-03,US30Y_YIELD,yield,0.07435726317392388
2024-12-03,USD,px,108.29870734310134
2024-12-03,USDJPY,px,107.32387141094057
2024-12-03,VIX,px,40.70946672316158
2024-12-03,VOL,px,35.46454982923337
2024-12-04,EURUSD,px,1.103999123086149
2024-12-04,GOLD,px,1437.9150832235596
2024-12-04,HYG,px,64.49523402155218
2024-12-04,LQD,px,110.99815188717757
2024-12-04,MKT_US,px,214.36864635709387
2024-12-04,OIL,px,46.753233463831656
2024-12-04,QQQ,px,134.27978417862624
2024-12-04,RATES_US10Y,yield,0.014546907112067317
2024-12-04,SPY,px,200.72253214112524
2024-12-04,TBILL3M_YIELD,yield,0.02322671561579845
2024-12-04,US10Y_YIELD,yield,0.06944718342373228
2024-12-04,US2Y_YIELD,yield,0.05765442857426666
2024-12-04,US30Y_YIELD,yield,0.07539591354328701
2024-12-04,USD,px,107.54539654077155
2024-12-04,USDJPY,px,107.6306839301627
2024-12-04,VIX,px,41.085203339545686
2024-12-04,VOL,px,35.60393558339118
2024-12-05,EURUSD,px,1.103030219915184
2024-12-05,GOLD,px,1446.6443210348596
2024-12-05,HYG,px,64.27281881971805
2024-12-05,LQD,px,110.75269960854732
2024-12-05,MKT_US,px,214.43944434515242
2024-12-05,OIL,px,46.797975420330204
2024-12-05,QQQ,px,134.3129967841499
2024-12-05,RATES_US10Y,yield,0.015196137982054695
2024-12-05,SPY,px,201.28529061292795
2024-12-05,TBILL3M_YIELD,yield,0.024299609398846927
2024-12-05,US10Y_YIELD,yield,0.06935834660957209
2024-12-05,US2Y_YIELD,yield,0.057888776190408164
2024-12-05,US30Y_YIELD,yield,0.07491222464270259
2024-12-05,USD,px,107.2309377926596
2024-12-05,USDJPY,px,107.55744593860346
2024-12-05,VIX,px,40.82296343941931
2024-12-05,VOL,px,35.19953054725802
2024-12-06,EURUSD,px,1.1051615700983901
2024-12-06,GOLD,px,1447.7964070746557
2024-12-06,HYG,px,64.14862479941509
2024-12-06,LQD,px,110.72337156673146
2024-12-06,MKT_US,px,214.90868838915532
2024-12-06,OIL,px,47.42440905697144
2024-12-06,QQQ,px,134.45340390738383
2024-12-06,RATES_US10Y,yield,0.016455871002918343
2024-12-06,SPY,px,201.8286285233948
2024-12-06,TBILL3M_YIELD,yield,0.02628367336964533
2024-12-06,US10Y_YIELD,yield,0.07065309377388425
2024-12-06,US2Y_YIELD,yield,0.05945029315423118
2024-12-06,US30Y_YIELD,yield,0.07594414392848287
2024-12-06,USD,px,107.7486249687794
2024-12-06,USDJPY,px,108.29375111024221
2024-12-06,VIX,px,40.764499023182076
2024-12-06,VOL,px,35.256476061198576
2024-12-09,EURUSD,px,1.101174930884722
2024-12-09,GOLD,px,1436.7103199222634
2024-12-09,HYG,px,64.42442418369193
2024-12-09,LQD,px,110.76110840446184
2024-12-09,MKT_US,px,215.87969738716743
2024-12-09,OIL,px,46.90339340837073
2024-12-09,QQQ,px,133.9673567428117
2024-12-09,RATES_US10Y,yield,0.01635055303662536
2024-12-09,SPY,px,201.83106924188988
2024-12-09,TBILL3M_YIELD,yield,0.025849303866346714
2024-12-09,US10Y_YIELD,yield,0.06912056147918094
2024-12-09,US2Y_YIELD,yield,0.05816127231589776
2024-12-09,US30Y_YIELD,yield,0.0740555098581748
2024-12-09,USD,px,107.73721234981868
2024-12-09,USDJPY,px,107.50487066671137
2024-12-09,VIX,px,40.033893652165965
2024-12-09,VOL,px,34.75083409162093
2024-12-10,EURUSD,px,1.1015778121999698
2024-12-10,GOLD,px,1427.5378295450334
2024-12-10,HYG,px,64.03238370425603
2024-12-10,LQD,px,110.48874188339488
2024-12-10,MKT_US,px,216.20559521770497
2024-12-10,OIL,px,47.899816736282276
2024-12-10,QQQ,px,135.08656800661313
2024-12-10,RATES_US10Y,yield,0.015071063565198176
2024-12-10,SPY,px,201.7672534171514
2024-12-10,TBILL3M_YIELD,yield,0.025346612806406085
2024-12-10,US10Y_YIELD,yield,0.07126244600366727
2024-12-10,US2Y_YIELD,yield,0.059564597287146664
2024-12-10,US30Y_YIELD,yield,0.07731680360041912
2024-12-10,USD,px,107.78484120273416
2024-12-10,USDJPY,px,108.04066919470372
2024-12-10,VIX,px,41.137561302987535
2024-12-10,VOL,px,35.998276268461815
2024-12-11,EURUSD,px,1.0931570097045518
2024-12-11,GOLD,px,1446.7474483975864
2024-12-11,HYG,px,63.41504127981835
2024-12-11,LQD,px,110.13314010906892
2024-12-11,MKT_US,px,214.52553975412482
2024-12-11,OIL,px,47.44402974919809
2024-12-11,QQQ,px,133.60769199847624
2024-12-11,RATES_US10Y,yield,0.014175022343151543
2024-12-11,SPY,px,199.74464859121272
2024-12-11,TBILL3M_YIELD,yield,0.025344154170675117
2024-12-11,US10Y_YIELD,yield,0.07443271908882647
2024-12-11,US2Y_YIELD,yield,0.06195133302336439
2024-12-11,US30Y_YIELD,yield,0.08
2024-12-11,USD,px,108.77892898916927
2024-12-11,USDJPY,px,108.6401538963462
2024-12-11,VIX,px,42.79630779671018
2024-12-11,VOL,px,37.52934383711096
2024-12-12,EURUSD,px,1.0968892453609422
2024-12-12,GOLD,px,1447.6734615060514
2024-12-12,HYG,px,62.791564134256056
2024-12-12,LQD,px,110.15013938750717
2024-12-12,MKT_US,px,211.2958879915427
2024-12-12,OIL,px,47.12689219399033
2024-12-12,QQQ,px,130.87274608695967
2024-12-12,RATES_US10Y,yield,0.013323718575066791
2024-12-12,SPY,px,196.26684159315872
2024-12-12,TBILL3M_YIELD,yield,0.02338131839449836
2024-12-12,US10Y_YIELD,yield,0.07193771108370728
2024-12-12,US2Y_YIELD,yield,0.05966065224356501
2024-12-12,US30Y_YIELD,yield,0.07921172613669089
2024-12-12,USD,px,108.62962789221417
2024-12-12,USDJPY,px,107.89797156956813
2024-12-12,VIX,px,42.54126539656098
2024-12-12,VOL,px,37.29794646349361
2024-12-13,EURUSD,px,1.0971795183594817
2024-12-13,GOLD,px,1446.533797541579
2024-12-13,HYG,px,62.248347638303414
2024-12-13,LQD,px,110.14770460085153
2024-12-13,MKT_US,px,209.06769014215968
2024-12-13,OIL,px,48.130123061774015
2024-12-13,QQQ,px,129.92254629522768
2024-12-13,RATES_US10Y,yield,0.014376396329713858
2024-12-13,SPY,px,195.4261014564663
2024-12-13,TBILL3M_YIELD,yield,0.02554104932231397
2024-12-13,US10Y_YIELD,yield,0.07349272145006833
2024-12-13,US2Y_YIELD,yield,0.06153493798841085
2024-12-13,US30Y_YIELD,yield,0.08
2024-12-13,USD,px,109.27822524663367
2024-12-13,USDJPY,px,108.21706877153666
2024-12-13,VIX,px,42.9332851141012
2024-12-13,VOL,px,37.56273880593938
2024-12-16,EURUSD,px,1.0986846161878143
2024-12-16,GOLD,px,1458.1813365414084
2024-12-16,HYG,px,61.800174887186586
2024-12-16,LQD,px,110.60682765151913
2024-12-16,MKT_US,px,204.64564036968244
2024-12-16,OIL,px,48.202802514554584
2024-12-16,QQQ,px,127.54445268668685
2024-12-16,RATES_US10Y,yield,0.013666567469756311
2024-12-16,SPY,px,192.54028762878357
2024-12-16,TBILL3M_YIELD,yield,0.024581263180170725
2024-12-16,US10Y_YIELD,yield,0.07190239397689084
2024-12-16,US2Y_YIELD,yield,0.059903720510313826
2024-12-16,US30Y_YIELD,yield,0.07848800901733353
2024-12-16,USD,px,109.16416719128313
2024-12-16,USDJPY,px,108.45416531620572
2024-12-16,VIX,px,42.92404276925477
2024-12-16,VOL,px,37.51308439132917
2024-12-17,EURUSD,px,1.0917829772769558
2024-12-17,GOLD,px,1472.508976340814
2024-12-17,HYG,px,60.65827159552573
2024-12-17,LQD,px,110.02629485909159
2024-12-17,MKT_US,px,197.2168182137594
2024-12-17,OIL,px,48.29587770133627
2024-12-17,QQQ,px,122.50201738391284
2024-12-17,RATES_US10Y,yield,0.014679423732215993
2024-12-17,SPY,px,186.93193730631745
2024-12-17,TBILL3M_YIELD,yield,0.026652466524400745
2024-12-17,US10Y_YIELD,yield,0.07406064031468831
2024-12-17,US2Y_YIELD,yield,0.06265606069811169
2024-12-17,US30Y_YIELD,yield,0.07979723171901405
2024-12-17,USD,px,110.3987871328701
2024-12-17,USDJPY,px,109.51091488297716
2024-12-17,VIX,px,44.46020343410762
2024-12-17,VOL,px,38.5028066348546
2024-12-18,EURUSD,px,1.0989524029774542
2024-12-18,GOLD,px,1481.6661498887067
2024-12-18,HYG,px,59.918014292840155
2024-12-18,LQD,px,110.0578812568226
2024-12-18,MKT_US,px,196.40156132917963
2024-12-18,OIL,px,49.72249615273628
2024-12-18,QQQ,px,122.00645210954838
2024-12-18,RATES_US10Y,yield,0.0151288741018989
2024-12-18,SPY,px,185.9569022441645
2024-12-18,TBILL3M_YIELD,yield,0.027591309569055016
2024-12-18,US10Y_YIELD,yield,0.07484651097576527
2024-12-18,US2Y_YIELD,yield,0.06343747655873273
2024-12-18,US30Y_YIELD,yield,0.08
2024-12-18,USD,px,109.90861312473959
2024-12-18,USDJPY,px,109.34094532458327
2024-12-18,VIX,px,44.757113066274755
2024-12-18,VOL,px,38.87014715593887
2024-12-19,EURUSD,px,1.1002002408861427
2024-12-19,GOLD,px,1480.881399305894
2024-12-19,HYG,px,60.09496076793229
2024-12-19,LQD,px,109.65463704748882
2024-12-19,MKT_US,px,198.50880357825991
2024-12-19,OIL,px,49.900605763846656
2024-12-19,QQQ,px,123.4408330005346
2024-12-19,RATES_US10Y,yield,0.016225384438214398
2024-12-19,SPY,px,188.8102821897237
2024-12-19,TBILL3M_YIELD,yield,0.029398117661292168
2024-12-19,US10Y_YIELD,yield,0.07685398478274552
2024-12-19,US2Y_YIELD,yield,0.0653108019884367
2024-12-19,US30Y_YIELD,yield,0.08
2024-12-19,USD,px,110.47190929847046
2024-12-19,USDJPY,px,109.06371534494376
2024-12-19,VIX,px,44.94771351419001
2024-12-19,VOL,px,38.819890515112505
2024-12-20,EURUSD,px,1.0994426105091906
2024-12-20,GOLD,px,1510.6917969279018
2024-12-20,HYG,px,59.90987632708772
2024-12-20,LQD,px,109.28769447138475
2024-12-20,MKT_US,px,197.94591216313523
2024-12-20,OIL,px,49.396708513392994
2024-12-20,QQQ,px,123.08388865424952
2024-12-20,RATES_US10Y,yield,0.016947762973733592
2024-12-20,SPY,px,187.63387201810815
2024-12-20,TBILL3M_YIELD,yield,0.03009846655286714
2024-12-20,US10Y_YIELD,yield,0.07692758756591674
2024-12-20,US2Y_YIELD,yield,0.06552259839199377
2024-12-20,US30Y_YIELD,yield,0.08
2024-12-20,USD,px,110.26417556495338
2024-12-20,USDJPY,px,108.63685731612374
2024-12-20,VIX,px,44.897568227016635
2024-12-20,VOL,px,38.61175356289651
2024-12-23,EURUSD,px,1.0972377790998866
2024-12-23,GOLD,px,1510.3878197666443
2024-12-23,HYG,px,59.981963179329824
2024-12-23,LQD,px,109.55117150844389
2024-12-23,MKT_US,px,195.61431352021998
2024-12-23,OIL,px,49.80458908894622
2024-12-23,QQQ,px,121.41306295635769
2024-12-23,RATES_US10Y,yield,0.016826970108935628
2024-12-23,SPY,px,185.24504535971698
2024-12-23,TBILL3M_YIELD,yield,0.03041357281694262
2024-12-23,US10Y_YIELD,yield,0.07670088658713428
2024-12-23,US2Y_YIELD,yield,0.06576240574580908
2024-12-23,US30Y_YIELD,yield,0.08
2024-12-23,USD,px,110.54999581978163
2024-12-23,USDJPY,px,108.7411410158806
2024-12-23,VIX,px,45.27150675962635
2024-12-23,VOL,px,38.67382565524599
2024-12-24,EURUSD,px,1.093232795208701
2024-12-24,GOLD,px,1513.3215334841436
2024-12-24,HYG,px,60.16926181930314
2024-12-24,LQD,px,109.4716386465149
2024-12-24,MKT_US,px,194.6869810800456
2024-12-24,OIL,px,48.95776452056316
2024-12-24,QQQ,px,120.81523128936314
2024-12-24,RATES_US10Y,yield,0.016800080863665696
2024-12-24,SPY,px,184.67540969865183
2024-12-24,TBILL3M_YIELD,yield,0.029775042076364472
2024-12-24,US10Y_YIELD,yield,0.07444511810024815
2024-12-24,US2Y_YIELD,yield,0.06402264321105511
2024-12-24,US30Y_YIELD,yield,0.07969220324249512
2024-12-24,USD,px,111.2736017409621
2024-12-24,USDJPY,px,108.88083596760832
2024-12-24,VIX,px,44.40085571586352
2024-12-24,VOL,px,37.512509170609405
2024-12-25,EURUSD,px,1.0946689534340126
2024-12-25,GOLD,px,1508.2956943535107
2024-12-25,HYG,px,60.22950611029083
2024-12-25,LQD,px,108.93064458249252
2024-12-25,MKT_US,px,195.71049136631103
2024-12-25,OIL,px,49.68950010962121
2024-12-25,QQQ,px,121.33470693869762
2024-12-25,RATES_US10Y,yield,0.01688363997673739
2024-12-25,SPY,px,185.03641379980454
2024-12-25,TBILL3M_YIELD,yield,0.03031423775113888
2024-12-25,US10Y_YIELD,yield,0.07675121379926343
2024-12-25,US2Y_YIELD,yield,0.0651888878306601
2024-12-25,US30Y_YIELD,yield,0.08
2024-12-25,USD,px,111.74650022336301
2024-12-25,USDJPY,px,109.42285995497298
2024-12-25,VIX,px,45.130637911937455
2024-12-25,VOL,px,38.11902671497753
2024-12-26,EURUSD,px,1.0976666421405699
2024-12-26,GOLD,px,1490.5730814118176
2024-12-26,HYG,px,60.409743372033
2024-12-26,LQD,px,109.23111489668818
2024-12-26,MKT_US,px,196.49932861567396
2024-12-26,OIL,px,50.298828296988184
2024-12-26,QQQ,px,122.59223647189988
2024-12-26,RATES_US10Y,yield,0.01685006477314504
2024-12-26,SPY,px,186.4995128883842
2024-12-26,TBILL3M_YIELD,yield,0.030254722274581064
2024-12-26,US10Y_YIELD,yield,0.07550291210925524
2024-12-26,US2Y_YIELD,yield,0.06412647506599542
2024-12-26,US30Y_YIELD,yield,0.08
2024-12-26,USD,px,110.91402999734508
2024-12-26,USDJPY,px,108.72462523228604
2024-12-26,VIX,px,44.44082128117117
2024-12-26,VOL,px,37.57852453118373
2024-12-27,EURUSD,px,1.0936546730521461
2024-12-27,GOLD,px,1484.933806982256
2024-12-27,HYG,px,60.26027721271585
2024-12-27,LQD,px,108.6396090705627
2024-12-27,MKT_US,px,197.48634207144732
2024-12-27,OIL,px,49.8729028966551
2024-12-27,QQQ,px,121.90540300066999
2024-12-27,RATES_US10Y,yield,0.016383675831036525
2024-12-27,SPY,px,185.40930411627684
2024-12-27,TBILL3M_YIELD,yield,0.030267260443150628
2024-12-27,US10Y_YIELD,yield,0.07637223038651031
2024-12-27,US2Y_YIELD,yield,0.06431185840152312
2024-12-27,US30Y_YIELD,yield,0.08
2024-12-27,USD,px,111.35290006627531
2024-12-27,USDJPY,px,108.99225165806187
2024-12-27,VIX,px,45.171906951082114
2024-12-27,VOL,px,37.96069582103374
2024-12-30,EURUSD,px,1.0914983142875057
2024-12-30,GOLD,px,1493.631734203801
2024-12-30,HYG,px,59.93017863673099
2024-12-30,LQD,px,108.83264090433553
2024-12-30,MKT_US,px,196.82674067628437
2024-12-30,OIL,px,49.51713557406512
2024-12-30,QQQ,px,122.40970789153872
2024-12-30,RATES_US10Y,yield,0.016278049388170016
2024-12-30,SPY,px,185.22712753780775
2024-12-30,TBILL3M_YIELD,yield,0.030262600263737376
2024-12-30,US10Y_YIELD,yield,0.07665734060602684
2024-12-30,US2Y_YIELD,yield,0.06447144519802961
2024-12-30,US30Y_YIELD,yield,0.08
2024-12-30,USD,px,111.37132006963206
2024-12-30,USDJPY,px,109.18526128969235
2024-12-30,VIX,px,45.45381261270202
2024-12-30,VOL,px,38.02021935805047
2024-12-31,EURUSD,px,1.0997447767611832
2024-12-31,GOLD,px,1492.7389971826217
2024-12-31,HYG,px,59.7075161983999
2024-12-31,LQD,px,107.99854933977257
2024-12-31,MKT_US,px,196.11250262849506
2024-12-31,OIL,px,49.53965739771682
2024-12-31,QQQ,px,122.16959680123405
2024-12-31,RATES_US10Y,yield,0.017472122107246503
2024-12-31,SPY,px,184.02713989831426
2024-12-31,TBILL3M_YIELD,yield,0.03271851758427016
2024-12-31,US10Y_YIELD,yield,0.08
2024-12-31,US2Y_YIELD,yield,0.06766617486861354
2024-12-31,US30Y_YIELD,yield,0.08
2024-12-31,USD,px,110.63478042132661
2024-12-31,USDJPY,px,109.14672547406364
2024-12-31,VIX,px,46.344217335453145
2024-12-31,VOL,px,38.86599601928338
2025-01-01,EURUSD,px,1.0941938685081107
2025-01-01,GOLD,px,1491.3362866346588
2025-01-01,HYG,px,59.436281162003695
2025-01-01,LQD,px,108.27044115868628
2025-01-01,MKT_US,px,196.92770835582974
2025-01-01,OIL,px,49.63942710264458
2025-01-01,QQQ,px,122.78200967862261
2025-01-01,RATES_US10Y,yield,0.01634904709071914
2025-01-01,SPY,px,184.95214432944124
2025-01-01,TBILL3M_YIELD,yield,0.030847964078809322
2025-01-01,US10Y_YIELD,yield,0.07874007831538848
2025-01-01,US2Y_YIELD,yield,0.06686458468900958
2025-01-01,US30Y_YIELD,yield,0.08
2025-01-01,USD,px,110.98283948719197
2025-01-01,USDJPY,px,110.00564073632191
2025-01-01,VIX,px,46.18916920297731
2025-01-01,VOL,px,38.88122256809766
2025-01-02,EURUSD,px,1.1018605891216977
2025-01-02,GOLD,px,1479.437215064361
2025-01-02,HYG,px,59.23236735627372
2025-01-02,LQD,px,108.02275466053626
2025-01-02,MKT_US,px,196.61262836730901
2025-01-02,OIL,px,49.11841716268376
2025-01-02,QQQ,px,122.89819618702843
2025-01-02,RATES_US10Y,yield,0.01636741092385852
2025-01-02,SPY,px,185.09972190698716
2025-01-02,TBILL3M_YIELD,yield,0.03185385519200467
2025-01-02,US10Y_YIELD,yield,0.08
2025-01-02,US2Y_YIELD,yield,0.06852570491932705
2025-01-02,US30Y_YIELD,yield,0.08
2025-01-02,USD,px,110.49772502419457
2025-01-02,USDJPY,px,110.45484657077553
2025-01-02,VIX,px,47.36017861997471
2025-01-02,VOL,px,39.53496279982764
2025-01-03,EURUSD,px,1.113948093592406
2025-01-03,GOLD,px,1470.3844724249964
2025-01-03,HYG,px,59.73328455459009
2025-01-03,LQD,px,108.25654036459999
2025-01-03,MKT_US,px,197.14686537946545
2025-01-03,OIL,px,49.309591931255376
2025-01-03,QQQ,px,124.33864198033729
2025-01-03,RATES_US10Y,yield,0.015692779983411613
2025-01-03,SPY,px,186.30199997613178
2025-01-03,TBILL3M_YIELD,yield,0.030289026750710577
2025-01-03,US10Y_YIELD,yield,0.07879122843612248
2025-01-03,US2Y_YIELD,yield,0.0665782526790761
2025-01-03,US30Y_YIELD,yield,0.08
2025-01-03,USD,px,109.5999607130522
2025-01-03,USDJPY,px,109.36456779186732
2025-01-03,VIX,px,46.62367720970249
2025-01-03,VOL,px,38.82752196652346
2025-01-06,EURUSD,px,1.1146246922970886
2025-01-06,GOLD,px,1468.6774823874268
2025-01-06,HYG,px,59.300039345767516
2025-01-06,LQD,px,107.57541574970209
2025-01-06,MKT_US,px,194.89467996508313
2025-01-06,OIL,px,48.027337495179154
2025-01-06,QQQ,px,122.61185135997935
2025-01-06,RATES_US10Y,yield,0.015879297121860314
2025-01-06,SPY,px,183.903872411768
2025-01-06,TBILL3M_YIELD,yield,0.03132960898454379
2025-01-06,US10Y_YIELD,yield,0.07982873034147235
2025-01-06,US2Y_YIELD,yield,0.06742374868834836
2025-01-06,US30Y_YIELD,yield,0.08
2025-01-06,USD,px,109.52088057621336
2025-01-06,USDJPY,px,109.14480379131712
2025-01-06,VIX,px,47.30516081530486
2025-01-06,VOL,px,39.31775400295886
2025-01-07,EURUSD,px,1.123177315071688
2025-01-07,GOLD,px,1454.478687301304
2025-01-07,HYG,px,59.43307385487207
2025-01-07,LQD,px,107.41627983147562
2025-01-07,MKT_US,px,195.536564501073
2025-01-07,OIL,px,47.739467042997674
2025-01-07,QQQ,px,123.0152060632865
2025-01-07,RATES_US10Y,yield,0.016673902775577575
2025-01-07,SPY,px,186.1217526291746
2025-01-07,TBILL3M_YIELD,yield,0.03199729712892817
2025-01-07,US10Y_YIELD,yield,0.08
2025-01-07,US2Y_YIELD,yield,0.06790925729751013
2025-01-07,US30Y_YIELD,yield,0.08
2025-01-07,USD,px,108.8304507389357
2025-01-07,USDJPY,px,108.224001592396
2025-01-07,VIX,px,47.078146875311916
2025-01-07,VOL,px,39.14612790904199
2025-01-08,EURUSD,px,1.1182308943346437
2025-01-08,GOLD,px,1465.281007587705
2025-01-08,HYG,px,59.040133546889514
2025-01-08,LQD,px,107.29422330668336
2025-01-08,MKT_US,px,194.52586211660622
2025-01-08,OIL,px,47.48033735801438
2025-01-08,QQQ,px,122.15390673842907
2025-01-08,RATES_US10Y,yield,0.016677993475068136
2025-01-08,SPY,px,184.94656292037502
2025-01-08,TBILL3M_YIELD,yield,0.03214819881966508
2025-01-08,US10Y_YIELD,yield,0.08
2025-01-08,US2Y_YIELD,yield,0.0682431584061673
2025-01-08,US30Y_YIELD,yield,0.08
2025-01-08,USD,px,108.92276161885854
2025-01-08,USDJPY,px,107.69057410857323
2025-01-08,VIX,px,47.38080356798573
2025-01-08,VOL,px,39.12942504186926
2025-01-09,EURUSD,px,1.116419463934655
2025-01-09,GOLD,px,1478.4008046670854
2025-01-09,HYG,px,59.84319013643807
2025-01-09,LQD,px,107.04712980913915
2025-01-09,MKT_US,px,196.30685473001358
2025-01-09,OIL,px,47.38649280950916
2025-01-09,QQQ,px,124.11101822051847
2025-01-09,RATES_US10Y,yield,0.01758908193597928
2025-01-09,SPY,px,185.8884693751415
2025-01-09,TBILL3M_YIELD,yield,0.03308722204323261
2025-01-09,US10Y_YIELD,yield,0.08
2025-01-09,US2Y_YIELD,yield,0.06929419767822673
2025-01-09,US30Y_YIELD,yield,0.08
2025-01-09,USD,px,109.27026756173608
2025-01-09,USDJPY,px,107.92399090535304
2025-01-09,VIX,px,47.22826410801543
2025-01-09,VOL,px,39.1706524508005
2025-01-10,EURUSD,px,1.1095108104509175
2025-01-10,GOLD,px,1509.1242999814226
2025-01-10,HYG,px,59.185744747082275
2025-01-10,LQD,px,107.10246704825175
2025-01-10,MKT_US,px,193.06466125103123
2025-01-10,OIL,px,47.53023508791971
2025-01-10,QQQ,px,121.46231484670106
2025-01-10,RATES_US10Y,yield,0.016477562123412788
2025-01-10,SPY,px,183.76900632942395
2025-01-10,TBILL3M_YIELD,yield,0.031904423277558575
2025-01-10,US10Y_YIELD,yield,0.08
2025-01-10,US2Y_YIELD,yield,0.06934049430904825
2025-01-10,US30Y_YIELD,yield,0.08
2025-01-10,USD,px,109.37286455811063
2025-01-10,USDJPY,px,107.809171537969
2025-01-10,VIX,px,48.25279086778106
2025-01-10,VOL,px,39.762907389610724
2025-01-13,EURUSD,px,1.1013141025087265
2025-01-13,GOLD,px,1512.50485500991
2025-01-13,HYG,px,60.240749067921996
2025-01-13,LQD,px,107.55797764366675
2025-01-13,MKT_US,px,195.56229827817376
2025-01-13,OIL,px,46.606525162388294
2025-01-13,QQQ,px,122.61360377230261
2025-01-13,RATES_US10Y,yield,0.01738966287491316
2025-01-13,SPY,px,185.2348534521923
2025-01-13,TBILL3M_YIELD,yield,0.03203394262711445
2025-01-13,US10Y_YIELD,yield,0.07855203718010757
2025-01-13,US2Y_YIELD,yield,0.06697643365605088
2025-01-13,US30Y_YIELD,yield,0.08
2025-01-13,USD,px,110.12224853253521
2025-01-13,USDJPY,px,107.82178625010721
2025-01-13,VIX,px,46.279366817486206
2025-01-13,VOL,px,38.228670208053416
2025-01-14,EURUSD,px,1.1023945019309322
2025-01-14,GOLD,px,1506.3772432977903
2025-01-14,HYG,px,60.66532341141269
2025-01-14,LQD,px,107.53525283659508
2025-01-14,MKT_US,px,194.59887633580098
2025-01-14,OIL,px,47.15481302352457
2025-01-14,QQQ,px,122.48030855739506
2025-01-14,RATES_US10Y,yield,0.01690145439580437
2025-01-14,SPY,px,185.76046983380616
2025-01-14,TBILL3M_YIELD,yield,0.031569502824283266
2025-01-14,US10Y_YIELD,yield,0.07870799402760653
2025-01-14,US2Y_YIELD,yield,0.06698385083629103
2025-01-14,US30Y_YIELD,yield,0.08
2025-01-14,USD,px,110.40460151782511
2025-01-14,USDJPY,px,107.68768684726804
2025-01-14,VIX,px,46.53358838887486
2025-01-14,VOL,px,38.62554258006021
2025-01-15,EURUSD,px,1.1030589847513823
2025-01-15,GOLD,px,1498.9531877814302
2025-01-15,HYG,px,60.58716253095472
2025-01-15,LQD,px,107.58937246820226
2025-01-15,MKT_US,px,193.91284573593907
2025-01-15,OIL,px,47.075984500182464
2025-01-15,QQQ,px,121.90213417927981
2025-01-15,RATES_US10Y,yield,0.01714316120362956
2025-01-15,SPY,px,186.0151134922009
2025-01-15,TBILL3M_YIELD,yield,0.031235648714147107
2025-01-15,US10Y_YIELD,yield,0.07566167581550037
2025-01-15,US2Y_YIELD,yield,0.06493499043568357
2025-01-15,US30Y_YIELD,yield,0.08
2025-01-15,USD,px,110.0157822401854
2025-01-15,USDJPY,px,107.43054134938717
2025-01-15,VIX,px,45.38358611553993
2025-01-15,VOL,px,37.58444877862313
2025-01-16,EURUSD,px,1.1119495030459456
2025-01-16,GOLD,px,1461.1830776257991
2025-01-16,HYG,px,60.43335963526067
2025-01-16,LQD,px,107.07754737272268
2025-01-16,MKT_US,px,196.96043591586104
2025-01-16,OIL,px,46.8575730208037
2025-01-16,QQQ,px,123.13658496184186
2025-01-16,RATES_US10Y,yield,0.01728769057502125
2025-01-16,SPY,px,187.2330268169742
2025-01-16,TBILL3M_YIELD,yield,0.03214329978543526
2025-01-16,US10Y_YIELD,yield,0.07914274010606481
2025-01-16,US2Y_YIELD,yield,0.06754143020735853
2025-01-16,US30Y_YIELD,yield,0.08
2025-01-16,USD,px,110.12806704307276
2025-01-16,USDJPY,px,107.08567315798201
2025-01-16,VIX,px,46.180846159593976
2025-01-16,VOL,px,38.46544996502775
2025-01-17,EURUSD,px,1.12388332804842
2025-01-17,GOLD,px,1463.793335041828
2025-01-17,HYG,px,60.01909426727322
2025-01-17,LQD,px,107.36986799995289
2025-01-17,MKT_US,px,194.72802048581383
2025-01-17,OIL,px,46.53276375004914
2025-01-17,QQQ,px,121.55852414639638
2025-01-17,RATES_US10Y,yield,0.015566698041517078
2025-01-17,SPY,px,186.0384193221372
2025-01-17,TBILL3M_YIELD,yield,0.032404023111204855
2025-01-17,US10Y_YIELD,yield,0.08
2025-01-17,US2Y_YIELD,yield,0.07365850243733232
2025-01-17,US30Y_YIELD,yield,0.08
2025-01-17,USD,px,109.70825114767247
2025-01-17,USDJPY,px,106.96110452337307
2025-01-17,VIX,px,51.21307888369996
2025-01-17,VOL,px,42.634922657067996
2025-01-20,EURUSD,px,1.1291482717697698
2025-01-20,GOLD,px,1466.2662327143494
2025-01-20,HYG,px,59.17372719494925
2025-01-20,LQD,px,107.39627440245272
2025-01-20,MKT_US,px,193.0181649694721
2025-01-20,OIL,px,46.02442464717709
2025-01-20,QQQ,px,120.04635964873367
2025-01-20,RATES_US10Y,yield,0.015095858875272249
2025-01-20,SPY,px,184.24985763835738
2025-01-20,TBILL3M_YIELD,yield,0.03321703864271223
2025-01-20,US10Y_YIELD,yield,0.08
2025-01-20,US2Y_YIELD,yield,0.07651709093511967
2025-01-20,US30Y_YIELD,yield,0.08
2025-01-20,USD,px,109.24978802436772
2025-01-20,USDJPY,px,107.04330661833885
2025-01-20,VIX,px,53.7093132651777
2025-01-20,VOL,px,44.56325015783242
2025-01-21,EURUSD,px,1.1243878319354716
2025-01-21,GOLD,px,1471.2390667177367
2025-01-21,HYG,px,59.87460289513519
2025-01-21,LQD,px,108.35078530244894
2025-01-21,MKT_US,px,196.3703741899488
2025-01-21,OIL,px,46.14046455853107
2025-01-21,QQQ,px,122.17646062985622
2025-01-21,RATES_US10Y,yield,0.01527445421570577
2025-01-21,SPY,px,186.6191095359592
2025-01-21,TBILL3M_YIELD,yield,0.03256094827018246
2025-01-21,US10Y_YIELD,yield,0.08
2025-01-21,US2Y_YIELD,yield,0.07389103130898884
2025-01-21,US30Y_YIELD,yield,0.08
2025-01-21,USD,px,110.12947543054234
2025-01-21,USDJPY,px,107.17269244305707
2025-01-21,VIX,px,51.97864740951068
2025-01-21,VOL,px,43.141057575930546
2025-01-22,EURUSD,px,1.124190561876661
2025-01-22,GOLD,px,1483.7945260808008
2025-01-22,HYG,px,59.644746844229196
2025-01-22,LQD,px,108.38321438590886
2025-01-22,MKT_US,px,195.88161887880148
2025-01-22,OIL,px,45.72002137295528
2025-01-22,QQQ,px,121.26038041031234
2025-01-22,RATES_US10Y,yield,0.016295007481300056
2025-01-22,SPY,px,186.02327619096218
2025-01-22,TBILL3M_YIELD,yield,0.035364241392407514
2025-01-22,US10Y_YIELD,yield,0.08
2025-01-22,US2Y_YIELD,yield,0.07768138489689959
2025-01-22,US30Y_YIELD,yield,0.08
2025-01-22,USD,px,109.86396223533261
2025-01-22,USDJPY,px,107.20283798084982
2025-01-22,VIX,px,53.821114766511265
2025-01-22,VOL,px,44.493446443542254
2025-01-23,EURUSD,px,1.1276910022191051
2025-01-23,GOLD,px,1484.9672489848924
2025-01-23,HYG,px,59.38128547404437
2025-01-23,LQD,px,108.6563284857747
2025-01-23,MKT_US,px,191.73024640639082
2025-01-23,OIL,px,45.97909081584315
2025-01-23,QQQ,px,119.69002079787838
2025-01-23,RATES_US10Y,yield,0.016335520515831262
2025-01-23,SPY,px,181.60937286437033
2025-01-23,TBILL3M_YIELD,yield,0.03461398666651147
2025-01-23,US10Y_YIELD,yield,0.08
2025-01-23,US2Y_YIELD,yield,0.07527790958789092
2025-01-23,US30Y_YIELD,yield,0.08
2025-01-23,USD,px,109.57708814282712
2025-01-23,USDJPY,px,106.92874045735384
2025-01-23,VIX,px,52.99450780779841
2025-01-23,VOL,px,43.29442145144948
2025-01-24,EURUSD,px,1.1322243034248252
2025-01-24,GOLD,px,1485.0027001404735
2025-01-24,HYG,px,59.30908958936714
2025-01-24,LQD,px,109.04477883450022
2025-01-24,MKT_US,px,192.86453957483656
2025-01-24,OIL,px,46.716225824198936
2025-01-24,QQQ,px,119.47712435424835
2025-01-24,RATES_US10Y,yield,0.016454720138645997
2025-01-24,SPY,px,181.63737745076747
2025-01-24,TBILL3M_YIELD,yield,0.034998749264654586
2025-01-24,US10Y_YIELD,yield,0.08
2025-01-24,US2Y_YIELD,yield,0.07594262223245311
2025-01-24,US30Y_YIELD,yield,0.08
2025-01-24,USD,px,110.19139192297264
2025-01-24,USDJPY,px,106.80590282007579
2025-01-24,VIX,px,53.19896199911458
2025-01-24,VOL,px,43.07785689305107
2025-01-27,EURUSD,px,1.129543653322172
2025-01-27,GOLD,px,1487.659281784411
2025-01-27,HYG,px,59.46329220705533
2025-01-27,LQD,px,109.08228772260905
2025-01-27,MKT_US,px,193.23776061675562
2025-01-27,OIL,px,47.420272206959815
2025-01-27,QQQ,px,120.02877795326611
2025-01-27,RATES_US10Y,yield,0.015551876637918509
2025-01-27,SPY,px,183.0208726425677
2025-01-27,TBILL3M_YIELD,yield,0.033031878201884364
2025-01-27,US10Y_YIELD,yield,0.08
2025-01-27,US2Y_YIELD,yield,0.07433007899043081
2025-01-27,US30Y_YIELD,yield,0.08
2025-01-27,USD,px,110.03323290047504
2025-01-27,USDJPY,px,106.79927634123344
2025-01-27,VIX,px,52.76672059426522
2025-01-27,VOL,px,42.51409580537708
2025-01-28,EURUSD,px,1.1274579906727906
2025-01-28,GOLD,px,1501.968821746185
2025-01-28,HYG,px,59.661690257879066
2025-01-28,LQD,px,109.3696056360032
2025-01-28,MKT_US,px,194.43676664425715
2025-01-28,OIL,px,48.17840720363893
2025-01-28,QQQ,px,121.32858042170636
2025-01-28,RATES_US10Y,yield,0.016732992191799818
2025-01-28,SPY,px,183.58821681169547
2025-01-28,TBILL3M_YIELD,yield,0.03346367593152885
2025-01-28,US10Y_YIELD,yield,0.08
2025-01-28,US2Y_YIELD,yield,0.07294472346403101
2025-01-28,US30Y_YIELD,yield,0.08
2025-01-28,USD,px,109.76382550384349
2025-01-28,USDJPY,px,106.5785238642897
2025-01-28,VIX,px,50.878014969435355
2025-01-28,VOL,px,40.918285107714034
2025-01-29,EURUSD,px,1.1237612197873132
2025-01-29,GOLD,px,1488.2278004823238
2025-01-29,HYG,px,59.40147446344612
2025-01-29,LQD,px,108.90882023938856
2025-01-29,MKT_US,px,193.7852154792557
2025-01-29,OIL,px,48.03720208260419
2025-01-29,QQQ,px,120.7416259086741
2025-01-29,RATES_US10Y,yield,0.017364267949402715
2025-01-29,SPY,px,181.95354152814042
2025-01-29,TBILL3M_YIELD,yield,0.035405195817286274
2025-01-29,US10Y_YIELD,yield,0.08
2025-01-29,US2Y_YIELD,yield,0.07350694074600912
2025-01-29,US30Y_YIELD,yield,0.08
2025-01-29,USD,px,110.05060803817737
2025-01-29,USDJPY,px,106.94809007257973
2025-01-29,VIX,px,50.767965575659794
2025-01-29,VOL,px,40.58022915129146
2025-01-30,EURUSD,px,1.1242995362606552
2025-01-30,GOLD,px,1483.9037769045963
2025-01-30,HYG,px,59.77464346987621
2025-01-30,LQD,px,108.81422921483893
2025-01-30,MKT_US,px,192.42772781621537
2025-01-30,OIL,px,47.74846417982599
2025-01-30,QQQ,px,120.11504072017111
2025-01-30,RATES_US10Y,yield,0.017497336327771788
2025-01-30,SPY,px,181.08558221852616
2025-01-30,TBILL3M_YIELD,yield,0.035875903366322945
2025-01-30,US10Y_YIELD,yield,0.08
2025-01-30,US2Y_YIELD,yield,0.07456365583232591
2025-01-30,US30Y_YIELD,yield,0.08
2025-01-30,USD,px,110.12989340717105
2025-01-30,USDJPY,px,107.44012198218338
2025-01-30,VIX,px,51.35419458060443
2025-01-30,VOL,px,41.26856874923188
2025-01-31,EURUSD,px,1.1251584317979972
2025-01-31,GOLD,px,1470.8167412093662
2025-01-31,HYG,px,59.95645343629933
2025-01-31,LQD,px,109.13653045448875
2025-01-31,MKT_US,px,192.92328316949437
2025-01-31,OIL,px,48.38512124809963
2025-01-31,QQQ,px,120.49198856052034
2025-01-31,RATES_US10Y,yield,0.017547165711605316
2025-01-31,SPY,px,181.41712629003842
2025-01-31,TBILL3M_YIELD,yield,0.03549115843846086
2025-01-31,US10Y_YIELD,yield,0.08
2025-01-31,US2Y_YIELD,yield,0.07382215166005143
2025-01-31,US30Y_YIELD,yield,0.08
2025-01-31,USD,px,109.94681923888312
2025-01-31,USDJPY,px,107.10779647896595
2025-01-31,VIX,px,51.16394270955942
2025-01-31,VOL,px,40.95518715914444
2025-02-03,EURUSD,px,1.1214207814470811
2025-02-03,GOLD,px,1480.8577266245766
2025-02-03,HYG,px,59.84118459867379
2025-02-03,LQD,px,109.30106409156562
2025-02-03,MKT_US,px,193.7076028018387
2025-02-03,OIL,px,48.80186735225035
2025-02-03,QQQ,px,121.24463122133136
2025-02-03,RATES_US10Y,yield,0.01665211778089331
2025-02-03,SPY,px,183.25867413486895
2025-02-03,TBILL3M_YIELD,yield,0.03457148157201488
2025-02-03,US10Y_YIELD,yield,0.08
2025-02-03,US2Y_YIELD,yield,0.0742495645550891
2025-02-03,US30Y_YIELD,yield,0.08
2025-02-03,USD,px,109.95612164198543
2025-02-03,USDJPY,px,107.90394489476205
2025-02-03,VIX,px,52.11962365320126
2025-02-03,VOL,px,41.572655215363405
2025-02-04,EURUSD,px,1.1136103539563247
2025-02-04,GOLD,px,1495.203468823873
2025-02-04,HYG,px,60.011952183970166
2025-02-04,LQD,px,109.62563110166926
2025-02-04,MKT_US,px,194.82721729637638
2025-02-04,OIL,px,49.64163972813796
2025-02-04,QQQ,px,122.24316277683874
2025-02-04,RATES_US10Y,yield,0.017340015299307437
2025-02-04,SPY,px,183.10433649174433
2025-02-04,TBILL3M_YIELD,yield,0.03547565244772615
2025-02-04,US10Y_YIELD,yield,0.08
2025-02-04,US2Y_YIELD,yield,0.07472742986829334
2025-02-04,US30Y_YIELD,yield,0.08
2025-02-04,USD,px,110.56653999258393
2025-02-04,USDJPY,px,107.61382771793352
2025-02-04,VIX,px,51.708891621896264
2025-02-04,VOL,px,41.34609044872752
2025-02-05,EURUSD,px,1.1102640744848593
2025-02-05,GOLD,px,1499.4865299281894
2025-02-05,HYG,px,59.877795276468504
2025-02-05,LQD,px,108.63869042670139
2025-02-05,MKT_US,px,194.17105646878187
2025-02-05,OIL,px,49.74205844672362
2025-02-05,QQQ,px,122.3530867446424
2025-02-05,RATES_US10Y,yield,0.019356234550889126
2025-02-05,SPY,px,183.06788621392332
2025-02-05,TBILL3M_YIELD,yield,0.03867849591991451
2025-02-05,US10Y_YIELD,yield,0.08
2025-02-05,US2Y_YIELD,yield,0.07712826398253525
2025-02-05,US30Y_YIELD,yield,0.08
2025-02-05,USD,px,110.80726761652477
2025-02-05,USDJPY,px,108.09540300891271
2025-02-05,VIX,px,51.800814548497016
2025-02-05,VOL,px,41.23434178741869
2025-02-06,EURUSD,px,1.1134275513829854
2025-02-06,GOLD,px,1484.8361881641965
2025-02-06,HYG,px,60.197363387857294
2025-02-06,LQD,px,108.46301613347343
2025-02-06,MKT_US,px,196.6241662949454
2025-02-06,OIL,px,50.73586731614465
2025-02-06,QQQ,px,125.28691062977404
2025-02-06,RATES_US10Y,yield,0.01976936382117764
2025-02-06,SPY,px,186.21990419317757
2025-02-06,TBILL3M_YIELD,yield,0.038820158977419236
2025-02-06,US10Y_YIELD,yield,0.08
2025-02-06,US2Y_YIELD,yield,0.07753865859443544
2025-02-06,US30Y_YIELD,yield,0.08
2025-02-06,USD,px,111.03108731877829
2025-02-06,USDJPY,px,108.1842843543533
2025-02-06,VIX,px,51.06764533487792
2025-02-06,VOL,px,40.899508920129726
2025-02-07,EURUSD,px,1.1182746168294155
2025-02-07,GOLD,px,1488.4071042217772
2025-02-07,HYG,px,60.15608751820901
2025-02-07,LQD,px,108.14443080589182
2025-02-07,MKT_US,px,194.93547389916077
2025-02-07,OIL,px,51.30251635035273
2025-02-07,QQQ,px,124.28121781905982
2025-02-07,RATES_US10Y,yield,0.020633403469996824
2025-02-07,SPY,px,184.6084929971319
2025-02-07,TBILL3M_YIELD,yield,0.040410354559786726
2025-02-07,US10Y_YIELD,yield,0.08
2025-02-07,US2Y_YIELD,yield,0.07903071425133824
2025-02-07,US30Y_YIELD,yield,0.08
2025-02-07,USD,px,110.54953417965925
2025-02-07,USDJPY,px,107.50403976073983
2025-02-07,VIX,px,51.71517694010559
2025-02-07,VOL,px,41.20323417900177
2025-02-10,EURUSD,px,1.1227224386130497
2025-02-10,GOLD,px,1492.3598996622047
2025-02-10,HYG,px,59.292145871409055
2025-02-10,LQD,px,107.6909621926483
2025-02-10,MKT_US,px,192.43787380408403
2025-02-10,OIL,px,51.90905141034758
2025-02-10,QQQ,px,123.15780661947672
2025-02-10,RATES_US10Y,yield,0.021110034431337993
2025-02-10,SPY,px,182.71649200712255
2025-02-10,TBILL3M_YIELD,yield,0.04202730498422706
2025-02-10,US10Y_YIELD,yield,0.08
2025-02-10,US2Y_YIELD,yield,0.08
2025-02-10,US30Y_YIELD,yield,0.08
2025-02-10,USD,px,110.59062893958924
2025-02-10,USDJPY,px,107.23009414310565
2025-02-10,VIX,px,53.689413834888164
2025-02-10,VOL,px,42.80095588948863
2025-02-11,EURUSD,px,1.1208626944471252
2025-02-11,GOLD,px,1497.14626042919
2025-02-11,HYG,px,58.70365490522481
2025-02-11,LQD,px,107.13527993628395
2025-02-11,MKT_US,px,189.4945415138157
2025-02-11,OIL,px,52.07875329448727
2025-02-11,QQQ,px,121.03696760420725
2025-02-11,RATES_US10Y,yield,0.020206878710597186
2025-02-11,SPY,px,180.91035598424313
2025-02-11,TBILL3M_YIELD,yield,0.041027198994734074
2025-02-11,US10Y_YIELD,yield,0.08
2025-02-11,US2Y_YIELD,yield,0.08
2025-02-11,US30Y_YIELD,yield,0.08
2025-02-11,USD,px,110.54120072798719
2025-02-11,USDJPY,px,107.14782220616637
2025-02-11,VIX,px,54.3962488416666
2025-02-11,VOL,px,43.01547400051057
2025-02-12,EURUSD,px,1.1153761881058153
2025-02-12,GOLD,px,1502.6325188286066
2025-02-12,HYG,px,59.0471392441941
2025-02-12,LQD,px,107.16673339391495
2025-02-12,MKT_US,px,191.63807421018947
2025-02-12,OIL,px,52.81041732995249
2025-02-12,QQQ,px,122.85664218744853
2025-02-12,RATES_US10Y,yield,0.02098735530151035
2025-02-12,SPY,px,183.81102210135268
2025-02-12,TBILL3M_YIELD,yield,0.04256211300002902
2025-02-12,US10Y_YIELD,yield,0.08
2025-02-12,US2Y_YIELD,yield,0.08
2025-02-12,US30Y_YIELD,yield,0.08
2025-02-12,USD,px,110.83755940501831
2025-02-12,USDJPY,px,107.13831455872031
2025-02-12,VIX,px,54.41473547166141
2025-02-12,VOL,px,43.299804314104584
2025-02-13,EURUSD,px,1.1223506516417456
2025-02-13,GOLD,px,1509.5642907069441
2025-02-13,HYG,px,59.74703054909855
2025-02-13,LQD,px,107.38872985628595
2025-02-13,MKT_US,px,193.71165080873612
2025-02-13,OIL,px,53.032407341335286
2025-02-13,QQQ,px,124.26778329786222
2025-02-13,RATES_US10Y,yield,0.020157205280495274
2025-02-13,SPY,px,186.10769179438617
2025-02-13,TBILL3M_YIELD,yield,0.0406539756311078
2025-02-13,US10Y_YIELD,yield,0.08
2025-02-13,US2Y_YIELD,yield,0.08
2025-02-13,US30Y_YIELD,yield,0.08
2025-02-13,USD,px,110.18034425233745
2025-02-13,USDJPY,px,106.41815277362218
2025-02-13,VIX,px,53.7875053412532
2025-02-13,VOL,px,42.95578285990324
2025-02-14,EURUSD,px,1.1167187023786767
2025-02-14,GOLD,px,1500.2887252718674
2025-02-14,HYG,px,59.87332060252992
2025-02-14,LQD,px,107.0845526641727
2025-02-14,MKT_US,px,196.49870005373162
2025-02-14,OIL,px,53.17962153916239
2025-02-14,QQQ,px,125.97194581171509
2025-02-14,RATES_US10Y,yield,0.01975043558262281
2025-02-14,SPY,px,186.48990963346446
2025-02-14,TBILL3M_YIELD,yield,0.03952451277914682
2025-02-14,US10Y_YIELD,yield,0.08
2025-02-14,US2Y_YIELD,yield,0.08
2025-02-14,US30Y_YIELD,yield,0.08
2025-02-14,USD,px,110.08717599698781
2025-02-14,USDJPY,px,106.98666158970103
2025-02-14,VIX,px,52.81876605252914
2025-02-14,VOL,px,42.18867331242989
2025-02-17,EURUSD,px,1.116532726923674
2025-02-17,GOLD,px,1509.246202814006
2025-02-17,HYG,px,59.20432774180612
2025-02-17,LQD,px,106.46331164012186
2025-02-17,MKT_US,px,196.3299700097275
2025-02-17,OIL,px,54.14499509018141
2025-02-17,QQQ,px,125.3551968484601
2025-02-17,RATES_US10Y,yield,0.019952001368523996
2025-02-17,SPY,px,186.4035155568821
2025-02-17,TBILL3M_YIELD,yield,0.040506976814869214
2025-02-17,US10Y_YIELD,yield,0.08
2025-02-17,US2Y_YIELD,yield,0.08
2025-02-17,US30Y_YIELD,yield,0.08
2025-02-17,USD,px,110.40993622124236
2025-02-17,USDJPY,px,106.63246361382183
2025-02-17,VIX,px,54.15343970782491
2025-02-17,VOL,px,43.40864984065116
2025-02-18,EURUSD,px,1.1189508606050078
2025-02-18,GOLD,px,1514.3514324774071
2025-02-18,HYG,px,60.01171968619246
2025-02-18,LQD,px,106.36893349385228
2025-02-18,MKT_US,px,196.25685487898895
2025-02-18,OIL,px,53.69981052315066
2025-02-18,QQQ,px,125.7314347365072
2025-02-18,RATES_US10Y,yield,0.020281957650151502
2025-02-18,SPY,px,187.6440299943212
2025-02-18,TBILL3M_YIELD,yield,0.040706159467110196
2025-02-18,US10Y_YIELD,yield,0.08
2025-02-18,US2Y_YIELD,yield,0.08
2025-02-18,US30Y_YIELD,yield,0.08
2025-02-18,USD,px,110.04977019700671
2025-02-18,USDJPY,px,106.18418893055255
2025-02-18,VIX,px,52.66190004831906
2025-02-18,VOL,px,42.57105812970623
2025-02-19,EURUSD,px,1.1259061508361805
2025-02-19,GOLD,px,1518.7375242687049
2025-02-19,HYG,px,60.39813672048312
2025-02-19,LQD,px,106.8957616154515
2025-02-19,MKT_US,px,197.14023214706882
2025-02-19,OIL,px,54.8120505052805
2025-02-19,QQQ,px,127.03797297402048
2025-02-19,RATES_US10Y,yield,0.020606774622801537
2025-02-19,SPY,px,188.81425644462746
2025-02-19,TBILL3M_YIELD,yield,0.04096006097010178
2025-02-19,US10Y_YIELD,yield,0.08
2025-02-19,US2Y_YIELD,yield,0.08
2025-02-19,US30Y_YIELD,yield,0.08
2025-02-19,USD,px,109.34174890479412
2025-02-19,USDJPY,px,105.6012490779655
2025-02-19,VIX,px,51.649260857741666
2025-02-19,VOL,px,41.77611298240804
2025-02-20,EURUSD,px,1.1246487711738367
2025-02-20,GOLD,px,1519.1916343136636
2025-02-20,HYG,px,60.490142978153415
2025-02-20,LQD,px,106.86890388087501
2025-02-20,MKT_US,px,196.8676815009809
2025-02-20,OIL,px,54.60930049816586
2025-02-20,QQQ,px,126.2416625248619
2025-02-20,RATES_US10Y,yield,0.020879189162157415
2025-02-20,SPY,px,188.4825868247641
2025-02-20,TBILL3M_YIELD,yield,0.04115520983937393
2025-02-20,US10Y_YIELD,yield,0.08
2025-02-20,US2Y_YIELD,yield,0.08
2025-02-20,US30Y_YIELD,yield,0.08
2025-02-20,USD,px,109.77122879544869
2025-02-20,USDJPY,px,104.93223709947746
2025-02-20,VIX,px,51.40969483691787
2025-02-20,VOL,px,41.57398641482737
2025-02-21,EURUSD,px,1.125420544790453
2025-02-21,GOLD,px,1511.5322941193065
2025-02-21,HYG,px,60.58662515318654
2025-02-21,LQD,px,106.78290661447927
2025-02-21,MKT_US,px,197.4976521328798
2025-02-21,OIL,px,55.2355998143589
2025-02-21,QQQ,px,126.89470232053161
2025-02-21,RATES_US10Y,yield,0.020234651597140295
2025-02-21,SPY,px,190.3798174824672
2025-02-21,TBILL3M_YIELD,yield,0.0398578624858955
2025-02-21,US10Y_YIELD,yield,0.08
2025-02-21,US2Y_YIELD,yield,0.0796044945675796
2025-02-21,US30Y_YIELD,yield,0.08
2025-02-21,USD,px,109.31066604455314
2025-02-21,USDJPY,px,104.97413338838466
2025-02-21,VIX,px,51.094746520763294
2025-02-21,VOL,px,41.17013940780994
2025-02-24,EURUSD,px,1.1298281071469864
2025-02-24,GOLD,px,1525.1919811424596
2025-02-24,HYG,px,60.02929683196282
2025-02-24,LQD,px,106.90906963688516
2025-02-24,MKT_US,px,196.6649125954257
2025-02-24,OIL,px,55.23652781546906
2025-02-24,QQQ,px,125.66704288642873
2025-02-24,RATES_US10Y,yield,0.019147818582505888
2025-02-24,SPY,px,188.87900249435108
2025-02-24,TBILL3M_YIELD,yield,0.03927397413414112
2025-02-24,US10Y_YIELD,yield,0.08
2025-02-24,US2Y_YIELD,yield,0.08
2025-02-24,US30Y_YIELD,yield,0.08
2025-02-24,USD,px,108.09499876172156
2025-02-24,USDJPY,px,104.48445173009377
2025-02-24,VIX,px,53.3724360843616
2025-02-24,VOL,px,42.91757589593384
2025-02-25,EURUSD,px,1.1202074376806297
2025-02-25,GOLD,px,1519.674754717949
2025-02-25,HYG,px,60.609568930819265
2025-02-25,LQD,px,107.0443117480069
2025-02-25,MKT_US,px,201.53643209297783
2025-02-25,OIL,px,55.10012274054814
2025-02-25,QQQ,px,129.1355995725432
2025-02-25,RATES_US10Y,yield,0.019089944183193996
2025-02-25,SPY,px,192.40652377499413
2025-02-25,TBILL3M_YIELD,yield,0.03784019476565144
2025-02-25,US10Y_YIELD,yield,0.08
2025-02-25,US2Y_YIELD,yield,0.07816488462260841
2025-02-25,US30Y_YIELD,yield,0.08
2025-02-25,USD,px,108.6493070777709
2025-02-25,USDJPY,px,103.52486740908289
2025-02-25,VIX,px,50.39718048657049
2025-02-25,VOL,px,40.81587123801112
2025-02-26,EURUSD,px,1.123139606314087
2025-02-26,GOLD,px,1524.2857071570882
2025-02-26,HYG,px,60.36671341807679
2025-02-26,LQD,px,107.24068767469213
2025-02-26,MKT_US,px,202.00054276055346
2025-02-26,OIL,px,56.49710568250489
2025-02-26,QQQ,px,129.7727911246276
2025-02-26,RATES_US10Y,yield,0.018159796137044656
2025-02-26,SPY,px,193.40252371812062
2025-02-26,TBILL3M_YIELD,yield,0.03725501876122154
2025-02-26,US10Y_YIELD,yield,0.08
2025-02-26,US2Y_YIELD,yield,0.07831985890938854
2025-02-26,US30Y_YIELD,yield,0.08
2025-02-26,USD,px,108.53887932111226
2025-02-26,USDJPY,px,103.1423913003213
2025-02-26,VIX,px,50.51325592078282
2025-02-26,VOL,px,41.14313665403118
2025-02-27,EURUSD,px,1.1195933635066988
2025-02-27,GOLD,px,1517.3552738130948
2025-02-27,HYG,px,60.113029962835526
2025-02-27,LQD,px,107.56610631135251
2025-02-27,MKT_US,px,201.72929439588245
2025-02-27,OIL,px,56.22592313790733
2025-02-27,QQQ,px,129.39461371763656
2025-02-27,RATES_US10Y,yield,0.017164533832906656
2025-02-27,SPY,px,192.51166621541734
2025-02-27,TBILL3M_YIELD,yield,0.036330847956707615
2025-02-27,US10Y_YIELD,yield,0.08
2025-02-27,US2Y_YIELD,yield,0.07843082439569996
2025-02-27,US30Y_YIELD,yield,0.08
2025-02-27,USD,px,108.28144297731295
2025-02-27,USDJPY,px,103.26949127123905
2025-02-27,VIX,px,51.30787741081047
2025-02-27,VOL,px,41.781047843113065
2025-02-28,EURUSD,px,1.1225049783692258
2025-02-28,GOLD,px,1496.3768914735256
2025-02-28,HYG,px,60.181448483243486
2025-02-28,LQD,px,108.29276165584217
2025-02-28,MKT_US,px,197.52110213265
2025-02-28,OIL,px,55.476960966399155
2025-02-28,QQQ,px,126.68436717235863
2025-02-28,RATES_US10Y,yield,0.016297298573120515
2025-02-28,SPY,px,189.104560852647
2025-02-28,TBILL3M_YIELD,yield,0.03650768946416644
2025-02-28,US10Y_YIELD,yield,0.08
2025-02-28,US2Y_YIELD,yield,0.08
2025-02-28,US30Y_YIELD,yield,0.08
2025-02-28,USD,px,107.87086004328295
2025-02-28,USDJPY,px,103.537005617841
2025-02-28,VIX,px,54.78138196913488
2025-02-28,VOL,px,44.28640475506132
2025-03-03,EURUSD,px,1.1226260564095998
2025-03-03,GOLD,px,1502.7123235630313
2025-03-03,HYG,px,60.28906156248813
2025-03-03,LQD,px,108.70012279481877
2025-03-03,MKT_US,px,197.80899649333693
2025-03-03,OIL,px,54.926293284808295
2025-03-03,QQQ,px,126.16344105316357
2025-03-03,RATES_US10Y,yield,0.016181397080085935
2025-03-03,SPY,px,188.48100177073013
2025-03-03,TBILL3M_YIELD,yield,0.035445615399914636
2025-03-03,US10Y_YIELD,yield,0.08
2025-03-03,US2Y_YIELD,yield,0.08
2025-03-03,US30Y_YIELD,yield,0.08
2025-03-03,USD,px,108.0873201553267
2025-03-03,USDJPY,px,103.35437080013729
2025-03-03,VIX,px,54.22741981843354
2025-03-03,VOL,px,43.792049601758336
2025-03-04,EURUSD,px,1.1188953468749712
2025-03-04,GOLD,px,1495.504992519118
2025-03-04,HYG,px,60.17939719447684
2025-03-04,LQD,px,108.4913772404459
2025-03-04,MKT_US,px,200.2834013418577
2025-03-04,OIL,px,54.723879244459646
2025-03-04,QQQ,px,127.77740197755101
2025-03-04,RATES_US10Y,yield,0.014783335146524159
2025-03-04,SPY,px,190.94335332454764
2025-03-04,TBILL3M_YIELD,yield,0.03329823912847345
2025-03-04,US10Y_YIELD,yield,0.08
2025-03-04,US2Y_YIELD,yield,0.07931567309105744
2025-03-04,US30Y_YIELD,yield,0.08
2025-03-04,USD,px,108.15372408756396
2025-03-04,USDJPY,px,104.04088397157467
2025-03-04,VIX,px,54.55731293276229
2025-03-04,VOL,px,44.25934970132844
2025-03-05,EURUSD,px,1.1125430772830553
2025-03-05,GOLD,px,1502.8833672982057
2025-03-05,HYG,px,59.521808030208355
2025-03-05,LQD,px,108.39709836826273
2025-03-05,MKT_US,px,200.10098879660998
2025-03-05,OIL,px,56.40116856530289
2025-03-05,QQQ,px,127.7443628995148
2025-03-05,RATES_US10Y,yield,0.013802811087400006
2025-03-05,SPY,px,190.64139161282557
2025-03-05,TBILL3M_YIELD,yield,0.03288645779344017
2025-03-05,US10Y_YIELD,yield,0.08
2025-03-05,US2Y_YIELD,yield,0.08
2025-03-05,US30Y_YIELD,yield,0.08
2025-03-05,USD,px,109.48714345473054
2025-03-05,USDJPY,px,105.3110629636168
2025-03-05,VIX,px,56.397916615736115
2025-03-05,VOL,px,45.85957479508326
2025-03-06,EURUSD,px,1.1191632159100442
2025-03-06,GOLD,px,1497.8407134047309
2025-03-06,HYG,px,59.65051573685796
2025-03-06,LQD,px,108.67211721665534
2025-03-06,MKT_US,px,200.71388805004835
2025-03-06,OIL,px,56.61885310376169
2025-03-06,QQQ,px,128.93726820786716
2025-03-06,RATES_US10Y,yield,0.01292079034529129
2025-03-06,SPY,px,190.84862040414762
2025-03-06,TBILL3M_YIELD,yield,0.030295139225944883
2025-03-06,US10Y_YIELD,yield,0.08
2025-03-06,US2Y_YIELD,yield,0.07757531278452975
2025-03-06,US30Y_YIELD,yield,0.08
2025-03-06,USD,px,109.77136628265384
2025-03-06,USDJPY,px,105.28342885730366
2025-03-06,VIX,px,55.47179119775406
2025-03-06,VOL,px,45.14640031799412
2025-03-07,EURUSD,px,1.1193541650182262
2025-03-07,GOLD,px,1478.8113671721626
2025-03-07,HYG,px,59.775491397393175
2025-03-07,LQD,px,108.72004060806564
2025-03-07,MKT_US,px,201.46112186496327
2025-03-07,OIL,px,57.185523176981874
2025-03-07,QQQ,px,130.15164302226248
2025-03-07,RATES_US10Y,yield,0.013377486022131721
2025-03-07,SPY,px,191.63803264899755
2025-03-07,TBILL3M_YIELD,yield,0.028981371055729337
2025-03-07,US10Y_YIELD,yield,0.08
2025-03-07,US2Y_YIELD,yield,0.07505675695121597
2025-03-07,US30Y_YIELD,yield,0.08
2025-03-07,USD,px,110.05672373750954
2025-03-07,USDJPY,px,105.46359120322141
2025-03-07,VIX,px,54.07383763168923
2025-03-07,VOL,px,43.55384553788687
2025-03-10,EURUSD,px,1.117619234961681
2025-03-10,GOLD,px,1463.8865883508743
2025-03-10,HYG,px,59.006406181374246
2025-03-10,LQD,px,108.42734780377809
2025-03-10,MKT_US,px,198.4986791070424
2025-03-10,OIL,px,56.3264017518542
2025-03-10,QQQ,px,128.33200697095666
2025-03-10,RATES_US10Y,yield,0.013565846818991397
2025-03-10,SPY,px,189.45217433337717
2025-03-10,TBILL3M_YIELD,yield,0.0302170283880641
2025-03-10,US10Y_YIELD,yield,0.08
2025-03-10,US2Y_YIELD,yield,0.07689453607069703
2025-03-10,US30Y_YIELD,yield,0.08
2025-03-10,USD,px,109.71194491776153
2025-03-10,USDJPY,px,105.42361690141999
2025-03-10,VIX,px,55.40051343355092
2025-03-10,VOL,px,44.52600889897945
2025-03-11,EURUSD,px,1.113612528156626
2025-03-11,GOLD,px,1468.096895843689
2025-03-11,HYG,px,58.55381856281737
2025-03-11,LQD,px,107.7212759891813
2025-03-11,MKT_US,px,197.52910239835768
2025-03-11,OIL,px,56.729380417137534
2025-03-11,QQQ,px,127.21391532952799
2025-03-11,RATES_US10Y,yield,0.015167914583106033
2025-03-11,SPY,px,187.93071926858087
2025-03-11,TBILL3M_YIELD,yield,0.03333155729633053
2025-03-11,US10Y_YIELD,yield,0.08
2025-03-11,US2Y_YIELD,yield,0.08
2025-03-11,US30Y_YIELD,yield,0.08
2025-03-11,USD,px,110.1972086135923
2025-03-11,USDJPY,px,105.57152755721988
2025-03-11,VIX,px,56.92729758599885
2025-03-11,VOL,px,45.98262159798205
2025-03-12,EURUSD,px,1.1215870386265554
2025-03-12,GOLD,px,1461.318209625263
2025-03-12,HYG,px,58.970244050061794
2025-03-12,LQD,px,107.80227539007598
2025-03-12,MKT_US,px,198.37181668357442
2025-03-12,OIL,px,57.01508749583237
2025-03-12,QQQ,px,127.98791314787657
2025-03-12,RATES_US10Y,yield,0.014341374365385134
2025-03-12,SPY,px,190.3427947894065
2025-03-12,TBILL3M_YIELD,yield,0.031620145056020135
2025-03-12,US10Y_YIELD,yield,0.08
2025-03-12,US2Y_YIELD,yield,0.07964259991135503
2025-03-12,US30Y_YIELD,yield,0.08
2025-03-12,USD,px,109.41721232454552
2025-03-12,USDJPY,px,105.36694075494715
2025-03-12,VIX,px,56.36452239406722
2025-03-12,VOL,px,45.806665137099024
2025-03-13,EURUSD,px,1.1197726593351303
2025-03-13,GOLD,px,1441.763174167486
2025-03-13,HYG,px,59.55707600877326
2025-03-13,LQD,px,108.45993233344154
2025-03-13,MKT_US,px,200.1030252376255
2025-03-13,OIL,px,58.155738121172746
2025-03-13,QQQ,px,129.3342579049557
2025-03-13,RATES_US10Y,yield,0.013960801540256338
2025-03-13,SPY,px,192.15706263616096
2025-03-13,TBILL3M_YIELD,yield,0.029640154118527277
2025-03-13,US10Y_YIELD,yield,0.08
2025-03-13,US2Y_YIELD,yield,0.0758341403911908
2025-03-13,US30Y_YIELD,yield,0.08
2025-03-13,USD,px,109.28271950121295
2025-03-13,USDJPY,px,105.39247062103493
2025-03-13,VIX,px,54.0236501460237
2025-03-13,VOL,px,43.71512577902981
2025-03-14,EURUSD,px,1.1185599540039317
2025-03-14,GOLD,px,1454.6398106655492
2025-03-14,HYG,px,59.042030323321455
2025-03-14,LQD,px,108.06672210884739
2025-03-14,MKT_US,px,198.9137175682316
2025-03-14,OIL,px,57.75820897358726
2025-03-14,QQQ,px,128.4276965120121
2025-03-14,RATES_US10Y,yield,0.01440676498885831
2025-03-14,SPY,px,190.03453776380405
2025-03-14,TBILL3M_YIELD,yield,0.031254215638962635
2025-03-14,US10Y_YIELD,yield,0.08
2025-03-14,US2Y_YIELD,yield,0.07876647937053101
2025-03-14,US30Y_YIELD,yield,0.08
2025-03-14,USD,px,109.19596232623023
2025-03-14,USDJPY,px,105.55014925300954
2025-03-14,VIX,px,55.52571429149893
2025-03-14,VOL,px,45.12266138097458
2025-03-17,EURUSD,px,1.1217115242576972
2025-03-17,GOLD,px,1449.8705992940406
2025-03-17,HYG,px,59.431761994215016
2025-03-17,LQD,px,107.73795421288834
2025-03-17,MKT_US,px,199.95652898755128
2025-03-17,OIL,px,58.07289285099925
2025-03-17,QQQ,px,128.23918461355
2025-03-17,RATES_US10Y,yield,0.014070723029876858
2025-03-17,SPY,px,190.18136278969672
2025-03-17,TBILL3M_YIELD,yield,0.031113977016978194
2025-03-17,US10Y_YIELD,yield,0.08
2025-03-17,US2Y_YIELD,yield,0.078388005966334
2025-03-17,US30Y_YIELD,yield,0.08
2025-03-17,USD,px,108.48175122547508
2025-03-17,USDJPY,px,105.17240610835026
2025-03-17,VIX,px,55.30728813406787
2025-03-17,VOL,px,44.99343430640292
2025-03-18,EURUSD,px,1.1285566059388576
2025-03-18,GOLD,px,1458.833381744891
2025-03-18,HYG,px,59.205020274995995
2025-03-18,LQD,px,107.86332712001786
2025-03-18,MKT_US,px,199.2102497065975
2025-03-18,OIL,px,58.23039427735057
2025-03-18,QQQ,px,128.0494659509239
2025-03-18,RATES_US10Y,yield,0.013948731544554978
2025-03-18,SPY,px,190.72281199192662
2025-03-18,TBILL3M_YIELD,yield,0.0312271173214514
2025-03-18,US10Y_YIELD,yield,0.08
2025-03-18,US2Y_YIELD,yield,0.07966864496470061
2025-03-18,US30Y_YIELD,yield,0.08
2025-03-18,USD,px,107.66946564225883
2025-03-18,USDJPY,px,104.46232339095155
2025-03-18,VIX,px,56.47629410016163
2025-03-18,VOL,px,45.86202402544215
2025-03-19,EURUSD,px,1.1297949237849072
2025-03-19,GOLD,px,1455.0222075146178
2025-03-19,HYG,px,58.97926904715624
2025-03-19,LQD,px,107.91243476886113
2025-03-19,MKT_US,px,196.6653992983154
2025-03-19,OIL,px,57.339460743825484
2025-03-19,QQQ,px,126.63625986899788
2025-03-19,RATES_US10Y,yield,0.015588706089737468
2025-03-19,SPY,px,189.15542056632265
2025-03-19,TBILL3M_YIELD,yield,0.033369755347431834
2025-03-19,US10Y_YIELD,yield,0.08
2025-03-19,US2Y_YIELD,yield,0.08
2025-03-19,US30Y_YIELD,yield,0.08
2025-03-19,USD,px,108.11844510122792
2025-03-19,USDJPY,px,104.58644290019718
2025-03-19,VIX,px,56.53998373187938
2025-03-19,VOL,px,45.993310818638456
2025-03-20,EURUSD,px,1.1398345160185939
2025-03-20,GOLD,px,1455.2206428245875
2025-03-20,HYG,px,59.268804687019156
2025-03-20,LQD,px,107.98421861107212
2025-03-20,MKT_US,px,196.70672175879827
2025-03-20,OIL,px,57.66493840535106
2025-03-20,QQQ,px,126.75289812382943
2025-03-20,RATES_US10Y,yield,0.015313702499932462
2025-03-20,SPY,px,189.20013079618263
2025-03-20,TBILL3M_YIELD,yield,0.032826020918549
2025-03-20,US10Y_YIELD,yield,0.08
2025-03-20,US2Y_YIELD,yield,0.07981778688354017
2025-03-20,US30Y_YIELD,yield,0.08
2025-03-20,USD,px,107.27502667044331
2025-03-20,USDJPY,px,104.05827620861336
2025-03-20,VIX,px,56.28192054786966
2025-03-20,VOL,px,45.54634384091423
2025-03-21,EURUSD,px,1.1416113307120455
2025-03-21,GOLD,px,1451.3105622147232
2025-03-21,HYG,px,59.24659448183808
2025-03-21,LQD,px,108.08095794747985
2025-03-21,MKT_US,px,195.74195208846982
2025-03-21,OIL,px,57.3947240799448
2025-03-21,QQQ,px,126.50532588513539
2025-03-21,RATES_US10Y,yield,0.01480130337653602
2025-03-21,SPY,px,188.85809958006695
2025-03-21,TBILL3M_YIELD,yield,0.030963805628176678
2025-03-21,US10Y_YIELD,yield,0.08
2025-03-21,US2Y_YIELD,yield,0.0779438117430407
2025-03-21,US30Y_YIELD,yield,0.08
2025-03-21,USD,px,106.3656251627485
2025-03-21,USDJPY,px,103.23787882249616
2025-03-21,VIX,px,55.84036632294551
2025-03-21,VOL,px,45.00413778269494
2025-03-24,EURUSD,px,1.1447998779488662
2025-03-24,GOLD,px,1448.216739996477
2025-03-24,HYG,px,59.222908656602655
2025-03-24,LQD,px,107.87844111556213
2025-03-24,MKT_US,px,195.90886919083437
2025-03-24,OIL,px,55.91278041090352
2025-03-24,QQQ,px,126.70898533732974
2025-03-24,RATES_US10Y,yield,0.014239078850979966
2025-03-24,SPY,px,188.46851325445667
2025-03-24,TBILL3M_YIELD,yield,0.03063068524641371
2025-03-24,US10Y_YIELD,yield,0.08
2025-03-24,US2Y_YIELD,yield,0.07945749184720709
2025-03-24,US30Y_YIELD,yield,0.08
2025-03-24,USD,px,106.09007823550405
2025-03-24,USDJPY,px,103.19428612806277
2025-03-24,VIX,px,57.2161652743058
2025-03-24,VOL,px,46.40469104715081
2025-03-25,EURUSD,px,1.1441968694983655
2025-03-25,GOLD,px,1461.5203141320485
2025-03-25,HYG,px,58.622424646474066
2025-03-25,LQD,px,107.5210320008885
2025-03-25,MKT_US,px,192.93744344492274
2025-03-25,OIL,px,56.52187621246867
2025-03-25,QQQ,px,124.26572594462264
2025-03-25,RATES_US10Y,yield,0.01423078803503518
2025-03-25,SPY,px,185.47174992345845
2025-03-25,TBILL3M_YIELD,yield,0.032230298669903394
2025-03-25,US10Y_YIELD,yield,0.08
2025-03-25,US2Y_YIELD,yield,0.08
2025-03-25,US30Y_YIELD,yield,0.08
2025-03-25,USD,px,106.65766218405864
2025-03-25,USDJPY,px,103.56956169401106
2025-03-25,VIX,px,58.880120091813126
2025-03-25,VOL,px,47.672218141435096
2025-03-26,EURUSD,px,1.1428980925579482
2025-03-26,GOLD,px,1459.3235320586273
2025-03-26,HYG,px,59.30288047869901
2025-03-26,LQD,px,107.94251896355414
2025-03-26,MKT_US,px,194.8332749075861
2025-03-26,OIL,px,56.87000072189494
2025-03-26,QQQ,px,126.18197829969048
2025-03-26,RATES_US10Y,yield,0.014325782727896624
2025-03-26,SPY,px,188.3167621303751
2025-03-26,TBILL3M_YIELD,yield,0.03120903495468911
2025-03-26,US10Y_YIELD,yield,0.08
2025-03-26,US2Y_YIELD,yield,0.07847582746755065
2025-03-26,US30Y_YIELD,yield,0.08
2025-03-26,USD,px,107.12764484967023
2025-03-26,USDJPY,px,103.31644428806703
2025-03-26,VIX,px,56.35992004362932
2025-03-26,VOL,px,45.72587770977437
2025-03-27,EURUSD,px,1.1433465263162774
2025-03-27,GOLD,px,1451.1750915204195
2025-03-27,HYG,px,59.73497142789773
2025-03-27,LQD,px,108.50011187157631
2025-03-27,MKT_US,px,197.62019414984553
2025-03-27,OIL,px,56.785759034597504
2025-03-27,QQQ,px,128.59345414001925
2025-03-27,RATES_US10Y,yield,0.013651515491034834
2025-03-27,SPY,px,191.5819785250315
2025-03-27,TBILL3M_YIELD,yield,0.02941213744949417
2025-03-27,US10Y_YIELD,yield,0.08
2025-03-27,US2Y_YIELD,yield,0.07590259784587941
2025-03-27,US30Y_YIELD,yield,0.08
2025-03-27,USD,px,106.20878152886237
2025-03-27,USDJPY,px,102.91309505194343
2025-03-27,VIX,px,55.47995410887068
2025-03-27,VOL,px,44.84647268574512
2025-03-28,EURUSD,px,1.146130797757566
2025-03-28,GOLD,px,1435.963535392995
2025-03-28,HYG,px,58.991962710646526
2025-03-28,LQD,px,108.46346840860076
2025-03-28,MKT_US,px,195.55423490177387
2025-03-28,OIL,px,55.77727911408196
2025-03-28,QQQ,px,127.28563425168605
2025-03-28,RATES_US10Y,yield,0.013145180280120638
2025-03-28,SPY,px,189.9528115428222
2025-03-28,TBILL3M_YIELD,yield,0.029393207844081375
2025-03-28,US10Y_YIELD,yield,0.08
2025-03-28,US2Y_YIELD,yield,0.07789198449667264
2025-03-28,US30Y_YIELD,yield,0.08
2025-03-28,USD,px,106.10683264656124
2025-03-28,USDJPY,px,103.12262991807688
2025-03-28,VIX,px,57.591703141244885
2025-03-28,VOL,px,46.50833019696046
2025-03-31,EURUSD,px,1.1372675570871376
2025-03-31,GOLD,px,1442.721489389128
2025-03-31,HYG,px,59.02639716035861
2025-03-31,LQD,px,108.37795646009579
2025-03-31,MKT_US,px,194.1938359814782
2025-03-31,OIL,px,56.54532112819685
2025-03-31,QQQ,px,126.51040794386546
2025-03-31,RATES_US10Y,yield,0.013621005920543777
2025-03-31,SPY,px,189.40796470175286
2025-03-31,TBILL3M_YIELD,yield,0.02960062614658019
2025-03-31,US10Y_YIELD,yield,0.08
2025-03-31,US2Y_YIELD,yield,0.07773783960835902
2025-03-31,US30Y_YIELD,yield,0.08
2025-03-31,USD,px,106.76245049871729
2025-03-31,USDJPY,px,102.89575503444647
2025-03-31,VIX,px,57.52573758962523
2025-03-31,VOL,px,46.27875252408109
2025-04-01,EURUSD,px,1.1382366566863387
2025-04-01,GOLD,px,1449.482646880689
2025-04-01,HYG,px,59.61439847426064
2025-04-01,LQD,px,108.00755566567682
2025-04-01,MKT_US,px,194.85802538439236
2025-04-01,OIL,px,57.20525646666205
2025-04-01,QQQ,px,127.44733687143439
2025-04-01,RATES_US10Y,yield,0.01401912706942516
2025-04-01,SPY,px,190.89880304304668
2025-04-01,TBILL3M_YIELD,yield,0.02886603494471374
2025-04-01,US10Y_YIELD,yield,0.08
2025-04-01,US2Y_YIELD,yield,0.0760003222343004
2025-04-01,US30Y_YIELD,yield,0.08
2025-04-01,USD,px,106.92308856064506
2025-04-01,USDJPY,px,102.86303073373679
2025-04-01,VIX,px,56.05523674052576
2025-04-01,VOL,px,45.03313930128969
2025-04-02,EURUSD,px,1.1454853287596007
2025-04-02,GOLD,px,1444.0511426955359
2025-04-02,HYG,px,59.461675063999
2025-04-02,LQD,px,108.21311360436108
2025-04-02,MKT_US,px,193.5104653852542
2025-04-02,OIL,px,57.993579585187724
2025-04-02,QQQ,px,126.20345476892642
2025-04-02,RATES_US10Y,yield,0.013685974475860683
2025-04-02,SPY,px,189.58056944792386
2025-04-02,TBILL3M_YIELD,yield,0.029337680881891277
2025-04-02,US10Y_YIELD,yield,0.08
2025-04-02,US2Y_YIELD,yield,0.0778039643854139
2025-04-02,US30Y_YIELD,yield,0.08
2025-04-02,USD,px,106.54905852597368
2025-04-02,USDJPY,px,103.07217309188114
2025-04-02,VIX,px,57.42089296055778
2025-04-02,VOL,px,46.53534441823724
2025-04-03,EURUSD,px,1.153779770657851
2025-04-03,GOLD,px,1443.8039555440378
2025-04-03,HYG,px,59.323559964506174
2025-04-03,LQD,px,108.26352538817633
2025-04-03,MKT_US,px,192.49809703640952
2025-04-03,OIL,px,58.8959192535529
2025-04-03,QQQ,px,125.20884038390092
2025-04-03,RATES_US10Y,yield,0.013996591218934295
2025-04-03,SPY,px,188.67524574207005
2025-04-03,TBILL3M_YIELD,yield,0.02982892017148996
2025-04-03,US10Y_YIELD,yield,0.08
2025-04-03,US2Y_YIELD,yield,0.07775748230501803
2025-04-03,US30Y_YIELD,yield,0.08
2025-04-03,USD,px,105.89660704662221
2025-04-03,USDJPY,px,103.12052137327812
2025-04-03,VIX,px,57.51527912316511
2025-04-03,VOL,px,46.55040977974611
2025-04-04,EURUSD,px,1.1541725034950814
2025-04-04,GOLD,px,1449.1037540646269
2025-04-04,HYG,px,59.69971590975841
2025-04-04,LQD,px,108.68704997505056
2025-04-04,MKT_US,px,193.17117692725873
2025-04-04,OIL,px,58.56944371847241
2025-04-04,QQQ,px,125.81568138945481
2025-04-04,RATES_US10Y,yield,0.014873420152400885
2025-04-04,SPY,px,189.79836005714898
2025-04-04,TBILL3M_YIELD,yield,0.030438957629499185
2025-04-04,US10Y_YIELD,yield,0.08
2025-04-04,US2Y_YIELD,yield,0.07826848282618347
2025-04-04,US30Y_YIELD,yield,0.08
2025-04-04,USD,px,106.20075281467956
2025-04-04,USDJPY,px,103.70026614660047
2025-04-04,VIX,px,57.20903399831559
2025-04-04,VOL,px,46.34782907254677
2025-04-07,EURUSD,px,1.1561562838141368
2025-04-07,GOLD,px,1473.5597566102801
2025-04-07,HYG,px,60.302983150881886
2025-04-07,LQD,px,109.72850728480276
2025-04-07,MKT_US,px,197.0969062992171
2025-04-07,OIL,px,59.391988929035215
2025-04-07,QQQ,px,129.0107073611012
2025-04-07,RATES_US10Y,yield,0.013400307616769492
2025-04-07,SPY,px,193.2917717463836
2025-04-07,TBILL3M_YIELD,yield,0.028044239777669053
2025-04-07,US10Y_YIELD,yield,0.08
2025-04-07,US2Y_YIELD,yield,0.0761876826702085
2025-04-07,US30Y_YIELD,yield,0.08
2025-04-07,USD,px,105.74457043209024
2025-04-07,USDJPY,px,102.82446912510899
2025-04-07,VIX,px,56.17563933374331
2025-04-07,VOL,px,46.02099793522463
2025-04-08,EURUSD,px,1.1636712180835311
2025-04-08,GOLD,px,1471.004571853932
2025-04-08,HYG,px,60.25638393788437
2025-04-08,LQD,px,110.05313929389186
2025-04-08,MKT_US,px,197.5216912284068
2025-04-08,OIL,px,59.00477742049754
2025-04-08,QQQ,px,129.28414758499807
2025-04-08,RATES_US10Y,yield,0.012833278880848013
2025-04-08,SPY,px,193.67548914577281
2025-04-08,TBILL3M_YIELD,yield,0.027340804179647814
2025-04-08,US10Y_YIELD,yield,0.08
2025-04-08,US2Y_YIELD,yield,0.07547920751844955
2025-04-08,US30Y_YIELD,yield,0.08
2025-04-08,USD,px,104.8783339919962
2025-04-08,USDJPY,px,102.45050539725389
2025-04-08,VIX,px,55.69746349308067
2025-04-08,VOL,px,45.820013145722264
2025-04-09,EURUSD,px,1.1655534445171936
2025-04-09,GOLD,px,1473.6411023324872
2025-04-09,HYG,px,60.49859812042163
2025-04-09,LQD,px,110.35213573535543
2025-04-09,MKT_US,px,198.02663443179995
2025-04-09,OIL,px,58.98661599432079
2025-04-09,QQQ,px,129.45326250639206
2025-04-09,RATES_US10Y,yield,0.013148666642450362
2025-04-09,SPY,px,192.73342524582975
2025-04-09,TBILL3M_YIELD,yield,0.027718707346873296
2025-04-09,US10Y_YIELD,yield,0.08
2025-04-09,US2Y_YIELD,yield,0.0747732193038868
2025-04-09,US30Y_YIELD,yield,0.08
2025-04-09,USD,px,104.50130779164432
2025-04-09,USDJPY,px,102.40840440130093
2025-04-09,VIX,px,55.53311590388002
2025-04-09,VOL,px,45.42303487588156
2025-04-10,EURUSD,px,1.1609463355249703
2025-04-10,GOLD,px,1482.2518744819456
2025-04-10,HYG,px,60.093525551215826
2025-04-10,LQD,px,109.9098434952963
2025-04-10,MKT_US,px,195.862822204401
2025-04-10,OIL,px,58.87927607192685
2025-04-10,QQQ,px,127.98462768626575
2025-04-10,RATES_US10Y,yield,0.013020934196895683
2025-04-10,SPY,px,190.29409082209617
2025-04-10,TBILL3M_YIELD,yield,0.02723212282582291
2025-04-10,US10Y_YIELD,yield,0.08
2025-04-10,US2Y_YIELD,yield,0.07493961297662136
2025-04-10,US30Y_YIELD,yield,0.08
2025-04-10,USD,px,105.43323813252807
2025-04-10,USDJPY,px,103.25224961805453
2025-04-10,VIX,px,55.79512107117032
2025-04-10,VOL,px,45.87762305852752
2025-04-11,EURUSD,px,1.156215248662695
2025-04-11,GOLD,px,1455.0336136856317
2025-04-11,HYG,px,60.11063749191474
2025-04-11,LQD,px,110.61496869278739
2025-04-11,MKT_US,px,196.75857673611162
2025-04-11,OIL,px,58.962444944331736
2025-04-11,QQQ,px,129.0067716573046
2025-04-11,RATES_US10Y,yield,0.01142550160169709
2025-04-11,SPY,px,192.28494725810367
2025-04-11,TBILL3M_YIELD,yield,0.024410460666577587
2025-04-11,US10Y_YIELD,yield,0.08
2025-04-11,US2Y_YIELD,yield,0.07168382338315618
2025-04-11,US30Y_YIELD,yield,0.08
2025-04-11,USD,px,105.77363692460837
2025-04-11,USDJPY,px,103.75999664414533
2025-04-11,VIX,px,54.76646691450031
2025-04-11,VOL,px,45.357153715187124
2025-04-14,EURUSD,px,1.1478526459817284
2025-04-14,GOLD,px,1447.0356486701583
2025-04-14,HYG,px,60.1428289862783
2025-04-14,LQD,px,111.03085090118208
2025-04-14,MKT_US,px,193.92014857407574
2025-04-14,OIL,px,59.69993980502207
2025-04-14,QQQ,px,127.71877255286442
2025-04-14,RATES_US10Y,yield,0.011213320559825582
2025-04-14,SPY,px,191.64285226540346
2025-04-14,TBILL3M_YIELD,yield,0.023679490777491794
2025-04-14,US10Y_YIELD,yield,0.08
2025-04-14,US2Y_YIELD,yield,0.07102053907119801
2025-04-14,US30Y_YIELD,yield,0.08
2025-04-14,USD,px,106.22570547738246
2025-04-14,USDJPY,px,103.83398348761543
2025-04-14,VIX,px,54.819970091477316
2025-04-14,VOL,px,45.19625002991769
2025-04-15,EURUSD,px,1.150172093419535
2025-04-15,GOLD,px,1448.712186556307
2025-04-15,HYG,px,60.1535810940446
2025-04-15,LQD,px,111.4548534942407
2025-04-15,MKT_US,px,191.9189000589696
2025-04-15,OIL,px,59.64591734896438
2025-04-15,QQQ,px,127.1198992633773
2025-04-15,RATES_US10Y,yield,0.011539986080307879
2025-04-15,SPY,px,190.27512972973744
2025-04-15,TBILL3M_YIELD,yield,0.024416909396666832
2025-04-15,US10Y_YIELD,yield,0.08
2025-04-15,US2Y_YIELD,yield,0.07115260008748946
2025-04-15,US30Y_YIELD,yield,0.08
2025-04-15,USD,px,106.65926712307731
2025-04-15,USDJPY,px,103.60786943345263
2025-04-15,VIX,px,54.933162940864236
2025-04-15,VOL,px,44.875378385997685
2025-04-16,EURUSD,px,1.154958363481392
2025-04-16,GOLD,px,1467.2554716552788
2025-04-16,HYG,px,59.86890816022877
2025-04-16,LQD,px,111.21318122967092
2025-04-16,MKT_US,px,193.16031765021927
2025-04-16,OIL,px,59.51897933837078
2025-04-16,QQQ,px,126.8537314142302
2025-04-16,RATES_US10Y,yield,0.012628289136175856
2025-04-16,SPY,px,191.0459605391062
2025-04-16,TBILL3M_YIELD,yield,0.027007782846936057
2025-04-16,US10Y_YIELD,yield,0.08
2025-04-16,US2Y_YIELD,yield,0.07488597564931844
2025-04-16,US30Y_YIELD,yield,0.08
2025-04-16,USD,px,106.84293173417242
2025-04-16,USDJPY,px,103.57547651994207
2025-04-16,VIX,px,55.94003666035604
2025-04-16,VOL,px,46.12371862396026
2025-04-17,EURUSD,px,1.1569064575110237
2025-04-17,GOLD,px,1461.4366801018991
2025-04-17,HYG,px,59.25159942264803
2025-04-17,LQD,px,111.63206735716014
2025-04-17,MKT_US,px,190.8428540948121
2025-04-17,OIL,px,58.89625414318108
2025-04-17,QQQ,px,125.50630645771156
2025-04-17,RATES_US10Y,yield,0.010895814697949781
2025-04-17,SPY,px,188.6857821469725
2025-04-17,TBILL3M_YIELD,yield,0.024831593475158346
2025-04-17,US10Y_YIELD,yield,0.08
2025-04-17,US2Y_YIELD,yield,0.07346875422909908
2025-04-17,US30Y_YIELD,yield,0.08
2025-04-17,USD,px,106.59503394831064
2025-04-17,USDJPY,px,103.70330982565903
2025-04-17,VIX,px,56.47891360529985
2025-04-17,VOL,px,46.45304818457569
2025-04-18,EURUSD,px,1.1661419087715128
2025-04-18,GOLD,px,1452.0770411060016
2025-04-18,HYG,px,59.24530730862977
2025-04-18,LQD,px,111.73860784203353
2025-04-18,MKT_US,px,193.38570177575565
2025-04-18,OIL,px,59.35714927458175
2025-04-18,QQQ,px,127.07144710274983
2025-04-18,RATES_US10Y,yield,0.012528881221574643
2025-04-18,SPY,px,190.68829035567086
2025-04-18,TBILL3M_YIELD,yield,0.027464501031881215
2025-04-18,US10Y_YIELD,yield,0.08
2025-04-18,US2Y_YIELD,yield,0.07580076214613869
2025-04-18,US30Y_YIELD,yield,0.08
2025-04-18,USD,px,106.1281994936933
2025-04-18,USDJPY,px,103.19117821090957
2025-04-18,VIX,px,56.137338536689384
2025-04-18,VOL,px,46.316386855268135
2025-04-21,EURUSD,px,1.1672191677623867
2025-04-21,GOLD,px,1444.0888898870023
2025-04-21,HYG,px,59.03088206263623
2025-04-21,LQD,px,111.47591035872554
2025-04-21,MKT_US,px,196.19887102263118
2025-04-21,OIL,px,58.55243230472824
2025-04-21,QQQ,px,128.90000935776663
2025-04-21,RATES_US10Y,yield,0.011453310798722286
2025-04-21,SPY,px,192.77518472739155
2025-04-21,TBILL3M_YIELD,yield,0.026350746588193003
2025-04-21,US10Y_YIELD,yield,0.08
2025-04-21,US2Y_YIELD,yield,0.07595663295670371
2025-04-21,US30Y_YIELD,yield,0.08
2025-04-21,USD,px,107.47049325776912
2025-04-21,USDJPY,px,104.2375101269282
2025-04-21,VIX,px,56.51788368042755
2025-04-21,VOL,px,46.86421246451526
2025-04-22,EURUSD,px,1.1602324320355837
2025-04-22,GOLD,px,1445.6622002324534
2025-04-22,HYG,px,59.163163916767544
2025-04-22,LQD,px,111.4558581867786
2025-04-22,MKT_US,px,196.06533369341122
2025-04-22,OIL,px,58.16382397813955
2025-04-22,QQQ,px,128.50053405045307
2025-04-22,RATES_US10Y,yield,0.012014161087817794
2025-04-22,SPY,px,191.8852740020119
2025-04-22,TBILL3M_YIELD,yield,0.02787225884960607
2025-04-22,US10Y_YIELD,yield,0.08
2025-04-22,US2Y_YIELD,yield,0.07771228746412527
2025-04-22,US30Y_YIELD,yield,0.08
2025-04-22,USD,px,107.79361259046662
2025-04-22,USDJPY,px,104.75690628833503
2025-04-22,VIX,px,57.088720816521935
2025-04-22,VOL,px,47.20302093306723
2025-04-23,EURUSD,px,1.16395194636736
2025-04-23,GOLD,px,1443.7464913170547
2025-04-23,HYG,px,58.98563727624476
2025-04-23,LQD,px,111.63595867150899
2025-04-23,MKT_US,px,196.63489155542823
2025-04-23,OIL,px,58.50745361499208
2025-04-23,QQQ,px,128.6812232900718
2025-04-23,RATES_US10Y,yield,0.013231884262134503
2025-04-23,SPY,px,192.26942350350012
2025-04-23,TBILL3M_YIELD,yield,0.029689444410711995
2025-04-23,US10Y_YIELD,yield,0.08
2025-04-23,US2Y_YIELD,yield,0.08
2025-04-23,US30Y_YIELD,yield,0.08
2025-04-23,USD,px,107.07288119655331
2025-04-23,USDJPY,px,104.79677156985437
2025-04-23,VIX,px,58.181935931531584
2025-04-23,VOL,px,48.47241666643474
2025-04-24,EURUSD,px,1.1633675933317835
2025-04-24,GOLD,px,1445.0073386527108
2025-04-24,HYG,px,59.421350366312524
2025-04-24,LQD,px,111.35952860245993
2025-04-24,MKT_US,px,198.46196863717964
2025-04-24,OIL,px,58.16706274519157
2025-04-24,QQQ,px,131.13165558282222
2025-04-24,RATES_US10Y,yield,0.013904999860223803
2025-04-24,SPY,px,195.12948851618916
2025-04-24,TBILL3M_YIELD,yield,0.03098680215396936
2025-04-24,US10Y_YIELD,yield,0.08
2025-04-24,US2Y_YIELD,yield,0.08
2025-04-24,US30Y_YIELD,yield,0.08
2025-04-24,USD,px,106.80547640773419
2025-04-24,USDJPY,px,104.04110007634333
2025-04-24,VIX,px,58.45942595815592
2025-04-24,VOL,px,49.006893246757926
2025-04-25,EURUSD,px,1.1633646951812253
2025-04-25,GOLD,px,1431.1695387734412
2025-04-25,HYG,px,58.62720849537472
2025-04-25,LQD,px,110.74773781891956
2025-04-25,MKT_US,px,196.1019277937272
2025-04-25,OIL,px,58.283339257132155
2025-04-25,QQQ,px,129.57439531749668
2025-04-25,RATES_US10Y,yield,0.014042956778497696
2025-04-25,SPY,px,193.68333153799026
2025-04-25,TBILL3M_YIELD,yield,0.032549898227144165
2025-04-25,US10Y_YIELD,yield,0.08
2025-04-25,US2Y_YIELD,yield,0.08
2025-04-25,US30Y_YIELD,yield,0.08
2025-04-25,USD,px,107.55122542153774
2025-04-25,USDJPY,px,104.03801888153724
2025-04-25,VIX,px,60.908280796561
2025-04-25,VOL,px,50.80170825804346
2025-04-28,EURUSD,px,1.1574196440005127
2025-04-28,GOLD,px,1426.2511320087424
2025-04-28,HYG,px,58.30501947593096
2025-04-28,LQD,px,111.07832128932563
2025-04-28,MKT_US,px,193.9054738521125
2025-04-28,OIL,px,57.8633605099578
2025-04-28,QQQ,px,127.18866809290651
2025-04-28,RATES_US10Y,yield,0.013655317390251448
2025-04-28,SPY,px,190.92874684151678
2025-04-28,TBILL3M_YIELD,yield,0.0320843119328013
2025-04-28,US10Y_YIELD,yield,0.08
2025-04-28,US2Y_YIELD,yield,0.08
2025-04-28,US30Y_YIELD,yield,0.08
2025-04-28,USD,px,108.3387259711055
2025-04-28,USDJPY,px,104.72284935327491
2025-04-28,VIX,px,62.32719859742746
2025-04-28,VOL,px,52.307438640644186
2025-04-29,EURUSD,px,1.1578680517181037
2025-04-29,GOLD,px,1437.9268532536641
2025-04-29,HYG,px,58.02595947977969
2025-04-29,LQD,px,110.9752824825974
2025-04-29,MKT_US,px,191.85412089801412
2025-04-29,OIL,px,59.3353211718138
2025-04-29,QQQ,px,125.56779713110357
2025-04-29,RATES_US10Y,yield,0.013968373123577548
2025-04-29,SPY,px,189.45535941116927
2025-04-29,TBILL3M_YIELD,yield,0.032399305466936076
2025-04-29,US10Y_YIELD,yield,0.08
2025-04-29,US2Y_YIELD,yield,0.08
2025-04-29,US30Y_YIELD,yield,0.08
2025-04-29,USD,px,108.19532412906709
2025-04-29,USDJPY,px,104.18573015300609
2025-04-29,VIX,px,62.42581969338473
2025-04-29,VOL,px,52.388405215661024
2025-04-30,EURUSD,px,1.1679825667151773
2025-04-30,GOLD,px,1458.9010630258576
2025-04-30,HYG,px,57.68369985729384
2025-04-30,LQD,px,111.25502732511343
2025-04-30,MKT_US,px,192.12709006066714
2025-04-30,OIL,px,60.29711550561762
2025-04-30,QQQ,px,125.5679368790494
2025-04-30,RATES_US10Y,yield,0.013272259846687303
2025-04-30,SPY,px,189.21228363077427
2025-04-30,TBILL3M_YIELD,yield,0.03120666260918649
2025-04-30,US10Y_YIELD,yield,0.08
2025-04-30,US2Y_YIELD,yield,0.08
2025-04-30,US30Y_YIELD,yield,0.08
2025-04-30,USD,px,107.75368385099564
2025-04-30,USDJPY,px,103.5684110410599
2025-04-30,VIX,px,62.00933920792718
2025-04-30,VOL,px,52.13692869378677
2025-05-01,EURUSD,px,1.1747851977631598
2025-05-01,GOLD,px,1477.040863795461
2025-05-01,HYG,px,56.94543995088938
2025-05-01,LQD,px,111.55749797551381
2025-05-01,MKT_US,px,193.21776971368382
2025-05-01,OIL,px,60.66782796486933
2025-05-01,QQQ,px,127.10239737512896
2025-05-01,RATES_US10Y,yield,0.01160284067935807
2025-05-01,SPY,px,191.69799915655886
2025-05-01,TBILL3M_YIELD,yield,0.029008134445196697
2025-05-01,US10Y_YIELD,yield,0.08
2025-05-01,US2Y_YIELD,yield,0.08
2025-05-01,US30Y_YIELD,yield,0.08
2025-05-01,USD,px,107.15451892539134
2025-05-01,USDJPY,px,103.43945892117192
2025-05-01,VIX,px,62.67107492270291
2025-05-01,VOL,px,53.165377158766375
2025-05-02,EURUSD,px,1.1770784008332225
2025-05-02,GOLD,px,1477.2572382698156
2025-05-02,HYG,px,57.14843149330199
2025-05-02,LQD,px,110.89159862999237
2025-05-02,MKT_US,px,195.4786144259327
2025-05-02,OIL,px,60.948676546022796
2025-05-02,QQQ,px,127.64298974946655
2025-05-02,RATES_US10Y,yield,0.013342699809591933
2025-05-02,SPY,px,192.83995841693712
2025-05-02,TBILL3M_YIELD,yield,0.032638391470039926
2025-05-02,US10Y_YIELD,yield,0.08
2025-05-02,US2Y_YIELD,yield,0.08
2025-05-02,US30Y_YIELD,yield,0.08
2025-05-02,USD,px,106.9294584828415
2025-05-02,USDJPY,px,103.69987559405149
2025-05-02,VIX,px,63.07358184588156
2025-05-02,VOL,px,53.71416405514139
2025-05-05,EURUSD,px,1.1755686678099495
2025-05-05,GOLD,px,1492.5712492910536
2025-05-05,HYG,px,56.93160476304414
2025-05-05,LQD,px,110.86563807402727
2025-05-05,MKT_US,px,194.25743489816784
2025-05-05,OIL,px,62.474700100090466
2025-05-05,QQQ,px,127.33458503194076
2025-05-05,RATES_US10Y,yield,0.013898470552292546
2025-05-05,SPY,px,191.00815444495987
2025-05-05,TBILL3M_YIELD,yield,0.03336279195641399
2025-05-05,US10Y_YIELD,yield,0.08
2025-05-05,US2Y_YIELD,yield,0.08
2025-05-05,US30Y_YIELD,yield,0.08
2025-05-05,USD,px,106.58652253200458
2025-05-05,USDJPY,px,103.84229794629044
2025-05-05,VIX,px,62.864316331415274
2025-05-05,VOL,px,53.63607245586729
2025-05-06,EURUSD,px,1.1678372572636189
2025-05-06,GOLD,px,1499.6634927439516
2025-05-06,HYG,px,57.3657485874873
2025-05-06,LQD,px,111.31890616897357
2025-05-06,MKT_US,px,194.24619053296806
2025-05-06,OIL,px,62.32888049118764
2025-05-06,QQQ,px,127.24241726854204
2025-05-06,RATES_US10Y,yield,0.015389397743982207
2025-05-06,SPY,px,191.5101677892381
2025-05-06,TBILL3M_YIELD,yield,0.034333390018929794
2025-05-06,US10Y_YIELD,yield,0.08
2025-05-06,US2Y_YIELD,yield,0.08
2025-05-06,US30Y_YIELD,yield,0.08
2025-05-06,USD,px,106.91744294685495
2025-05-06,USDJPY,px,104.24434962190263
2025-05-06,VIX,px,61.205604320041076
2025-05-06,VOL,px,51.75115492922957
2025-05-07,EURUSD,px,1.1642838144592051
2025-05-07,GOLD,px,1510.8502835698557
2025-05-07,HYG,px,58.02037772736921
2025-05-07,LQD,px,111.57638504100443
2025-05-07,MKT_US,px,195.29453546099208
2025-05-07,OIL,px,62.066908087306494
2025-05-07,QQQ,px,127.46479492172044
2025-05-07,RATES_US10Y,yield,0.014539878094115903
2025-05-07,SPY,px,192.72943988475348
2025-05-07,TBILL3M_YIELD,yield,0.03243593861425699
2025-05-07,US10Y_YIELD,yield,0.08
2025-05-07,US2Y_YIELD,yield,0.08
2025-05-07,US30Y_YIELD,yield,0.08
2025-05-07,USD,px,106.96277952918798
2025-05-07,USDJPY,px,104.09772054273087
2025-05-07,VIX,px,58.979776277477264
2025-05-07,VOL,px,49.67852774206837
2025-05-08,EURUSD,px,1.163480202366323
2025-05-08,GOLD,px,1527.7039077091658
2025-05-08,HYG,px,58.12619674396091
2025-05-08,LQD,px,111.23014655737376
2025-05-08,MKT_US,px,195.58429376442106
2025-05-08,OIL,px,62.42118517656233
2025-05-08,QQQ,px,127.39018050227334
2025-05-08,RATES_US10Y,yield,0.015463187336764474
2025-05-08,SPY,px,192.47885293648622
2025-05-08,TBILL3M_YIELD,yield,0.034440379518038675
2025-05-08,US10Y_YIELD,yield,0.08
2025-05-08,US2Y_YIELD,yield,0.08
2025-05-08,US30Y_YIELD,yield,0.08
2025-05-08,USD,px,107.51220652132636
2025-05-08,USDJPY,px,104.33658930201315
2025-05-08,VIX,px,59.508025824331824
2025-05-08,VOL,px,50.179294760941616
2025-05-09,EURUSD,px,1.1687730938370662
2025-05-09,GOLD,px,1529.4967012218108
2025-05-09,HYG,px,57.209359321734205
2025-05-09,LQD,px,110.37007955187171
2025-05-09,MKT_US,px,194.52429728381338
2025-05-09,OIL,px,62.506241239108256
2025-05-09,QQQ,px,126.33680772609554
2025-05-09,RATES_US10Y,yield,0.016898562732061768
2025-05-09,SPY,px,192.96585519217876
2025-05-09,TBILL3M_YIELD,yield,0.03641320095041737
2025-05-09,US10Y_YIELD,yield,0.08
2025-05-09,US2Y_YIELD,yield,0.08
2025-05-09,US30Y_YIELD,yield,0.08
2025-05-09,USD,px,107.39279046039208
2025-05-09,USDJPY,px,104.02107266585001
2025-05-09,VIX,px,60.66584799079454
2025-05-09,VOL,px,50.91266627745615
2025-05-12,EURUSD,px,1.1679493170470472
2025-05-12,GOLD,px,1528.6007408175183
2025-05-12,HYG,px,57.15246960251715
2025-05-12,LQD,px,110.43544704086443
2025-05-12,MKT_US,px,193.90213713490252
2025-05-12,OIL,px,63.773659022290474
2025-05-12,QQQ,px,126.28198343262244
2025-05-12,RATES_US10Y,yield,0.017779285996580924
2025-05-12,SPY,px,192.18636772121255
2025-05-12,TBILL3M_YIELD,yield,0.038808411133872865
2025-05-12,US10Y_YIELD,yield,0.08
2025-05-12,US2Y_YIELD,yield,0.08
2025-05-12,US30Y_YIELD,yield,0.08
2025-05-12,USD,px,108.11261142312539
2025-05-12,USDJPY,px,104.5311550893527
2025-05-12,VIX,px,61.64239581787204
2025-05-12,VOL,px,52.01307123170061
2025-05-13,EURUSD,px,1.1534104804230514
2025-05-13,GOLD,px,1524.6257106281578
2025-05-13,HYG,px,57.705152539116405
2025-05-13,LQD,px,111.18014448170547
2025-05-13,MKT_US,px,194.38873066236854
2025-05-13,OIL,px,63.811412780778994
2025-05-13,QQQ,px,127.94960562020972
2025-05-13,RATES_US10Y,yield,0.017629695780215077
2025-05-13,SPY,px,193.65020752102345
2025-05-13,TBILL3M_YIELD,yield,0.03817945486524776
2025-05-13,US10Y_YIELD,yield,0.08
2025-05-13,US2Y_YIELD,yield,0.08
2025-05-13,US30Y_YIELD,yield,0.08
2025-05-13,USD,px,109.93024180115378
2025-05-13,USDJPY,px,104.98731037493606
2025-05-13,VIX,px,59.98063261096467
2025-05-13,VOL,px,50.95971777388643
2025-05-14,EURUSD,px,1.1537818439140166
2025-05-14,GOLD,px,1532.85743452995
2025-05-14,HYG,px,57.22649959793069
2025-05-14,LQD,px,110.79111790859132
2025-05-14,MKT_US,px,194.0077041021425
2025-05-14,OIL,px,65.88889671644449
2025-05-14,QQQ,px,126.92174413224075
2025-05-14,RATES_US10Y,yield,0.01682983791444864
2025-05-14,SPY,px,193.2470376308386
2025-05-14,TBILL3M_YIELD,yield,0.03762277487426861
2025-05-14,US10Y_YIELD,yield,0.08
2025-05-14,US2Y_YIELD,yield,0.08
2025-05-14,US30Y_YIELD,yield,0.08
2025-05-14,USD,px,110.14086368297691
2025-05-14,USDJPY,px,105.60606489219798
2025-05-14,VIX,px,61.34703932086764
2025-05-14,VOL,px,51.84127099956565
2025-05-15,EURUSD,px,1.1580099078020158
2025-05-15,GOLD,px,1528.622144603542
2025-05-15,HYG,px,57.00672049396682
2025-05-15,LQD,px,110.9277340021048
2025-05-15,MKT_US,px,193.81257511089933
2025-05-15,OIL,px,65.03955684558815
2025-05-15,QQQ,px,127.53805456199814
2025-05-15,RATES_US10Y,yield,0.01664110037220641
2025-05-15,SPY,px,192.15722169681032
2025-05-15,TBILL3M_YIELD,yield,0.036634579599852585
2025-05-15,US10Y_YIELD,yield,0.08
2025-05-15,US2Y_YIELD,yield,0.08
2025-05-15,US30Y_YIELD,yield,0.08
2025-05-15,USD,px,110.27846492205009
2025-05-15,USDJPY,px,105.10881403286679
2025-05-15,VIX,px,60.72821292364544
2025-05-15,VOL,px,51.338961410401296
2025-05-16,EURUSD,px,1.158587068602427
2025-05-16,GOLD,px,1526.5620706470752
2025-05-16,HYG,px,57.25541301965192
2025-05-16,LQD,px,111.60253409389415
2025-05-16,MKT_US,px,192.846688332045
2025-05-16,OIL,px,65.74829503454328
2025-05-16,QQQ,px,127.25056315187342
2025-05-16,RATES_US10Y,yield,0.014931477213742168
2025-05-16,SPY,px,192.84402792567795
2025-05-16,TBILL3M_YIELD,yield,0.03458763455045888
2025-05-16,US10Y_YIELD,yield,0.08
2025-05-16,US2Y_YIELD,yield,0.08
2025-05-16,US30Y_YIELD,yield,0.08
2025-05-16,USD,px,110.54570066116645
2025-05-16,USDJPY,px,105.53495819278002
2025-05-16,VIX,px,60.96359327064399
2025-05-16,VOL,px,52.17794095155096
2025-05-19,EURUSD,px,1.1466897487503562
2025-05-19,GOLD,px,1505.611983007543
2025-05-19,HYG,px,57.23233123885798
2025-05-19,LQD,px,111.72614982975381
2025-05-19,MKT_US,px,191.92070416331947
2025-05-19,OIL,px,64.6549426331718
2025-05-19,QQQ,px,126.9309318544525
2025-05-19,RATES_US10Y,yield,0.014043716962528563
2025-05-19,SPY,px,192.15985335795006
2025-05-19,TBILL3M_YIELD,yield,0.033324129701016114
2025-05-19,US10Y_YIELD,yield,0.08
2025-05-19,US2Y_YIELD,yield,0.08
2025-05-19,US30Y_YIELD,yield,0.08
2025-05-19,USD,px,111.09668342526446
2025-05-19,USDJPY,px,106.03107861169421
2025-05-19,VIX,px,61.702465291841186
2025-05-19,VOL,px,52.49667184537418
2025-05-20,EURUSD,px,1.1546302259981338
2025-05-20,GOLD,px,1497.2896845561113
2025-05-20,HYG,px,57.25149548749813
2025-05-20,LQD,px,111.62444021342854
2025-05-20,MKT_US,px,192.36847789066942
2025-05-20,OIL,px,65.99149429253931
2025-05-20,QQQ,px,129.12119598536626
2025-05-20,RATES_US10Y,yield,0.013992410823555203
2025-05-20,SPY,px,193.84788949328583
2025-05-20,TBILL3M_YIELD,yield,0.03287783733156339
2025-05-20,US10Y_YIELD,yield,0.08
2025-05-20,US2Y_YIELD,yield,0.08
2025-05-20,US30Y_YIELD,yield,0.08
2025-05-20,USD,px,110.62265854393635
2025-05-20,USDJPY,px,106.02803552047504
2025-05-20,VIX,px,60.704704869441386
2025-05-20,VOL,px,51.722558632852724
2025-05-21,EURUSD,px,1.1549587212489183
2025-05-21,GOLD,px,1481.0841020396833
2025-05-21,HYG,px,57.66752975824572
2025-05-21,LQD,px,111.51139683818096
2025-05-21,MKT_US,px,196.930903023333
2025-05-21,OIL,px,65.81625316357916
2025-05-21,QQQ,px,131.3534915904391
2025-05-21,RATES_US10Y,yield,0.01335827164949872
2025-05-21,SPY,px,196.62635331728455
2025-05-21,TBILL3M_YIELD,yield,0.03193994336126738
2025-05-21,US10Y_YIELD,yield,0.08
2025-05-21,US2Y_YIELD,yield,0.08
2025-05-21,US30Y_YIELD,yield,0.08
2025-05-21,USD,px,110.73998076535614
2025-05-21,USDJPY,px,105.89451326311756
2025-05-21,VIX,px,59.88111004856686
2025-05-21,VOL,px,51.0826540552607
2025-05-22,EURUSD,px,1.1409920474918422
2025-05-22,GOLD,px,1485.4398196993614
2025-05-22,HYG,px,58.19301496798928
2025-05-22,LQD,px,111.54688644059301
2025-05-22,MKT_US,px,199.736568435298
2025-05-22,OIL,px,65.74147152028746
2025-05-22,QQQ,px,133.9751082030328
2025-05-22,RATES_US10Y,yield,0.013160240501727392
2025-05-22,SPY,px,199.35742015521168
2025-05-22,TBILL3M_YIELD,yield,0.03053207050491494
2025-05-22,US10Y_YIELD,yield,0.08
2025-05-22,US2Y_YIELD,yield,0.08
2025-05-22,US30Y_YIELD,yield,0.08
2025-05-22,USD,px,110.6844495192559
2025-05-22,USDJPY,px,106.13274171657223
2025-05-22,VIX,px,57.14752083212372
2025-05-22,VOL,px,48.9759601750245
2025-05-23,EURUSD,px,1.136163098059347
2025-05-23,GOLD,px,1485.7348338483996
2025-05-23,HYG,px,58.69304673235916
2025-05-23,LQD,px,111.80574637265794
2025-05-23,MKT_US,px,201.4271778657479
2025-05-23,OIL,px,66.40143129436406
2025-05-23,QQQ,px,135.17366568685418
2025-05-23,RATES_US10Y,yield,0.013035875546963721
2025-05-23,SPY,px,199.56493959590628
2025-05-23,TBILL3M_YIELD,yield,0.029657122598565674
2025-05-23,US10Y_YIELD,yield,0.08
2025-05-23,US2Y_YIELD,yield,0.0799076133187098
2025-05-23,US30Y_YIELD,yield,0.08
2025-05-23,USD,px,111.20172482646797
2025-05-23,USDJPY,px,106.75487036581953
2025-05-23,VIX,px,56.26593391985003
2025-05-23,VOL,px,48.04945736669306
2025-05-26,EURUSD,px,1.1363640412870932
2025-05-26,GOLD,px,1466.9803185847313
2025-05-26,HYG,px,58.56466719326629
2025-05-26,LQD,px,111.92721435074814
2025-05-26,MKT_US,px,201.06003596350817
2025-05-26,OIL,px,67.19064942781475
2025-05-26,QQQ,px,133.59850714362523
2025-05-26,RATES_US10Y,yield,0.01411940598812032
2025-05-26,SPY,px,197.97054348786838
2025-05-26,TBILL3M_YIELD,yield,0.03071610528810652
2025-05-26,US10Y_YIELD,yield,0.08
2025-05-26,US2Y_YIELD,yield,0.07831477733691268
2025-05-26,US30Y_YIELD,yield,0.08
2025-05-26,USD,px,111.44479346488998
2025-05-26,USDJPY,px,106.39589667427805
2025-05-26,VIX,px,54.85672735080297
2025-05-26,VOL,px,46.34793976958974
2025-05-27,EURUSD,px,1.1372033352240418
2025-05-27,GOLD,px,1482.0019832800429
2025-05-27,HYG,px,58.88896205682911
2025-05-27,LQD,px,111.86701541638384
2025-05-27,MKT_US,px,201.68342521804377
2025-05-27,OIL,px,66.23359275445091
2025-05-27,QQQ,px,133.17782207627974
2025-05-27,RATES_US10Y,yield,0.015202032182392983
2025-05-27,SPY,px,197.79731953621985
2025-05-27,TBILL3M_YIELD,yield,0.03239422233761119
2025-05-27,US10Y_YIELD,yield,0.08
2025-05-27,US2Y_YIELD,yield,0.07992243478146388
2025-05-27,US30Y_YIELD,yield,0.08
2025-05-27,USD,px,111.24341890083997
2025-05-27,USDJPY,px,106.5140963885354
2025-05-27,VIX,px,55.40525086245361
2025-05-27,VOL,px,46.8611800737127
2025-05-28,EURUSD,px,1.1407836710336106
2025-05-28,GOLD,px,1497.7125407927354
2025-05-28,HYG,px,58.17206845836717
2025-05-28,LQD,px,112.12530322256085
2025-05-28,MKT_US,px,198.866649927387
2025-05-28,OIL,px,65.78465159805515
2025-05-28,QQQ,px,130.30241058461158
2025-05-28,RATES_US10Y,yield,0.015084063219292381
2025-05-28,SPY,px,193.93516298416472
2025-05-28,TBILL3M_YIELD,yield,0.03254562887017803
2025-05-28,US10Y_YIELD,yield,0.08
2025-05-28,US2Y_YIELD,yield,0.07964235767121433
2025-05-28,US30Y_YIELD,yield,0.08
2025-05-28,USD,px,110.39771517786032
2025-05-28,USDJPY,px,106.45433428788296
2025-05-28,VIX,px,55.504382446014546
2025-05-28,VOL,px,46.811471414853344
2025-05-29,EURUSD,px,1.142100603200113
2025-05-29,GOLD,px,1496.0482764594567
2025-05-29,HYG,px,57.53354820604811
2025-05-29,LQD,px,111.84600170140958
2025-05-29,MKT_US,px,195.48673585948634
2025-05-29,OIL,px,64.73930939472997
2025-05-29,QQQ,px,128.29528588187569
2025-05-29,RATES_US10Y,yield,0.016171679434194283
2025-05-29,SPY,px,191.792688894284
2025-05-29,TBILL3M_YIELD,yield,0.034312892636476036
2025-05-29,US10Y_YIELD,yield,0.08
2025-05-29,US2Y_YIELD,yield,0.08
2025-05-29,US30Y_YIELD,yield,0.08
2025-05-29,USD,px,110.5093685608129
2025-05-29,USDJPY,px,106.66444731869647
2025-05-29,VIX,px,56.74155595147519
2025-05-29,VOL,px,47.747438046218065
2025-05-30,EURUSD,px,1.1442090023051272
2025-05-30,GOLD,px,1513.43639167217
2025-05-30,HYG,px,57.2749234980185
2025-05-30,LQD,px,111.50462457650632
2025-05-30,MKT_US,px,196.49667326343905
2025-05-30,OIL,px,65.02496140443098
2025-05-30,QQQ,px,128.96866490559813
2025-05-30,RATES_US10Y,yield,0.015398025392499499
2025-05-30,SPY,px,192.04727768871066
2025-05-30,TBILL3M_YIELD,yield,0.03396447771932483
2025-05-30,US10Y_YIELD,yield,0.08
2025-05-30,US2Y_YIELD,yield,0.08
2025-05-30,US30Y_YIELD,yield,0.08
2025-05-30,USD,px,110.1399758199356
2025-05-30,USDJPY,px,106.09074686115558
2025-05-30,VIX,px,57.0357538770507
2025-05-30,VOL,px,47.992822178016624
2025-06-02,EURUSD,px,1.1420787283675904
2025-06-02,GOLD,px,1532.8963370149784
2025-06-02,HYG,px,57.17762366251371
2025-06-02,LQD,px,111.87571352362573
2025-06-02,MKT_US,px,197.74615056704053
2025-06-02,OIL,px,65.08114917604186
2025-06-02,QQQ,px,130.2440187344991
2025-06-02,RATES_US10Y,yield,0.015065216895561959
2025-06-02,SPY,px,193.21430480657887
2025-06-02,TBILL3M_YIELD,yield,0.033112387819119585
2025-06-02,US10Y_YIELD,yield,0.08
2025-06-02,US2Y_YIELD,yield,0.08
2025-06-02,US30Y_YIELD,yield,0.08
2025-06-02,USD,px,109.7252542164765
2025-06-02,USDJPY,px,105.61835644693672
2025-06-02,VIX,px,56.27314583306961
2025-06-02,VOL,px,47.46200359524528
2025-06-03,EURUSD,px,1.1386076272572418
2025-06-03,GOLD,px,1518.8099916769977
2025-06-03,HYG,px,57.08530361886337
2025-06-03,LQD,px,112.01013024243845
2025-06-03,MKT_US,px,197.2615449253351
2025-06-03,OIL,px,65.01537034096977
2025-06-03,QQQ,px,130.1443077303656
2025-06-03,RATES_US10Y,yield,0.015790492520554433
2025-06-03,SPY,px,192.52662998973975
2025-06-03,TBILL3M_YIELD,yield,0.034296768039696696
2025-06-03,US10Y_YIELD,yield,0.08
2025-06-03,US2Y_YIELD,yield,0.08
2025-06-03,US30Y_YIELD,yield,0.08
2025-06-03,USD,px,109.59965495762754
2025-06-03,USDJPY,px,105.55229245106504
2025-06-03,VIX,px,56.65974589923844
2025-06-03,VOL,px,47.838126132101564
2025-06-04,EURUSD,px,1.1335814743837667
2025-06-04,GOLD,px,1521.7921979980308
2025-06-04,HYG,px,57.22715358381005
2025-06-04,LQD,px,112.10666060480385
2025-06-04,MKT_US,px,194.4684601609339
2025-06-04,OIL,px,64.5847018151193
2025-06-04,QQQ,px,128.2551490853137
2025-06-04,RATES_US10Y,yield,0.014938586821973764
2025-06-04,SPY,px,190.03725448345216
2025-06-04,TBILL3M_YIELD,yield,0.03250222690816148
2025-06-04,US10Y_YIELD,yield,0.08
2025-06-04,US2Y_YIELD,yield,0.07999974340164398
2025-06-04,US30Y_YIELD,yield,0.08
2025-06-04,USD,px,110.11485370829566
2025-06-04,USDJPY,px,105.60292046294188
2025-06-04,VIX,px,56.550143484195466
2025-06-04,VOL,px,47.36118676882351
2025-06-05,EURUSD,px,1.1401330545176658
2025-06-05,GOLD,px,1532.484418431516
2025-06-05,HYG,px,57.23845201423339
2025-06-05,LQD,px,112.68910388112562
2025-06-05,MKT_US,px,194.17160949486842
2025-06-05,OIL,px,63.99067177115898
2025-06-05,QQQ,px,127.54954592945863
2025-06-05,RATES_US10Y,yield,0.014613095717274621
2025-06-05,SPY,px,189.4800293925262
2025-06-05,TBILL3M_YIELD,yield,0.032408258018451
2025-06-05,US10Y_YIELD,yield,0.08
2025-06-05,US2Y_YIELD,yield,0.08
2025-06-05,US30Y_YIELD,yield,0.08
2025-06-05,USD,px,110.09026185935721
2025-06-05,USDJPY,px,105.30065256087792
2025-06-05,VIX,px,57.22912467830383
2025-06-05,VOL,px,47.96360033584515
2025-06-06,EURUSD,px,1.1373458178946059
2025-06-06,GOLD,px,1538.1214803001847
2025-06-06,HYG,px,56.91135650370409
2025-06-06,LQD,px,112.94390658703342
2025-06-06,MKT_US,px,193.32869706836675
2025-06-06,OIL,px,63.31828563478638
2025-06-06,QQQ,px,126.39948171677386
2025-06-06,RATES_US10Y,yield,0.013658383538411282
2025-06-06,SPY,px,188.60166128303052
2025-06-06,TBILL3M_YIELD,yield,0.031246122662896385
2025-06-06,US10Y_YIELD,yield,0.08
2025-06-06,US2Y_YIELD,yield,0.07962113106001274
2025-06-06,US30Y_YIELD,yield,0.08
2025-06-06,USD,px,110.282313061527
2025-06-06,USDJPY,px,104.78775264251327
2025-06-06,VIX,px,57.74070427644555
2025-06-06,VOL,px,48.16637422959134
2025-06-09,EURUSD,px,1.1319813313936484
2025-06-09,GOLD,px,1546.292378079829
2025-06-09,HYG,px,57.362074016281866
2025-06-09,LQD,px,113.11342286942757
2025-06-09,MKT_US,px,195.02250280299972
2025-06-09,OIL,px,63.65775146104186
2025-06-09,QQQ,px,128.23950089117878
2025-06-09,RATES_US10Y,yield,0.013487106274652431
2025-06-09,SPY,px,190.12813958720352
2025-06-09,TBILL3M_YIELD,yield,0.03063870811946246
2025-06-09,US10Y_YIELD,yield,0.08
2025-06-09,US2Y_YIELD,yield,0.07821222118857134
2025-06-09,US30Y_YIELD,yield,0.08
2025-06-09,USD,px,110.48819568356612
2025-06-09,USDJPY,px,105.31945806985125
2025-06-09,VIX,px,56.421314939978544
2025-06-09,VOL,px,47.1097687299133
2025-06-10,EURUSD,px,1.139950499549486
2025-06-10,GOLD,px,1545.953303226014
2025-06-10,HYG,px,57.493152320154586
2025-06-10,LQD,px,113.30762948608177
2025-06-10,MKT_US,px,197.5616006462642
2025-06-10,OIL,px,64.84223517152526
2025-06-10,QQQ,px,130.91297055483636
2025-06-10,RATES_US10Y,yield,0.01463650242548877
2025-06-10,SPY,px,193.64706999002624
2025-06-10,TBILL3M_YIELD,yield,0.032258262562425304
2025-06-10,US10Y_YIELD,yield,0.08
2025-06-10,US2Y_YIELD,yield,0.0798480404667914
2025-06-10,US30Y_YIELD,yield,0.08
2025-06-10,USD,px,109.66351974345909
2025-06-10,USDJPY,px,105.03873203800548
2025-06-10,VIX,px,56.150672086291884
2025-06-10,VOL,px,47.274652412093005
2025-06-11,EURUSD,px,1.132977662059296
2025-06-11,GOLD,px,1536.9736196902666
2025-06-11,HYG,px,57.58705874113735
2025-06-11,LQD,px,112.57088141173061
2025-06-11,MKT_US,px,198.27628652632384
2025-06-11,OIL,px,63.56559035145643
2025-06-11,QQQ,px,131.75017630696658
2025-06-11,RATES_US10Y,yield,0.013596105709262387
2025-06-11,SPY,px,193.73823016036295
2025-06-11,TBILL3M_YIELD,yield,0.03145488033422085
2025-06-11,US10Y_YIELD,yield,0.08
2025-06-11,US2Y_YIELD,yield,0.07928795332916928
2025-06-11,US30Y_YIELD,yield,0.08
2025-06-11,USD,px,108.96398743290226
2025-06-11,USDJPY,px,105.66508669523883
2025-06-11,VIX,px,56.36804846465919
2025-06-11,VOL,px,47.079402829325936
2025-06-12,EURUSD,px,1.1296620360511236
2025-06-12,GOLD,px,1528.686664691595
2025-06-12,HYG,px,57.519008883379
2025-06-12,LQD,px,112.09121130094965
2025-06-12,MKT_US,px,197.821621553924
2025-06-12,OIL,px,63.57333503656008
2025-06-12,QQQ,px,130.931888472671
2025-06-12,RATES_US10Y,yield,0.013783550709215846
2025-06-12,SPY,px,193.3381210399687
2025-06-12,TBILL3M_YIELD,yield,0.031553231357721284
2025-06-12,US10Y_YIELD,yield,0.08
2025-06-12,US2Y_YIELD,yield,0.07911520065059502
2025-06-12,US30Y_YIELD,yield,0.08
2025-06-12,USD,px,107.83127186468471
2025-06-12,USDJPY,px,105.08248906635617
2025-06-12,VIX,px,56.05874488848254
2025-06-12,VOL,px,46.86901862950716
2025-06-13,EURUSD,px,1.1241989633557399
2025-06-13,GOLD,px,1521.7817358159398
2025-06-13,HYG,px,57.338495401985625
2025-06-13,LQD,px,112.42945233055988
2025-06-13,MKT_US,px,195.23668137968158
2025-06-13,OIL,px,63.22345542056098
2025-06-13,QQQ,px,128.54789028918614
2025-06-13,RATES_US10Y,yield,0.013412491842408863
2025-06-13,SPY,px,191.1368992157985
2025-06-13,TBILL3M_YIELD,yield,0.031297302933093366
2025-06-13,US10Y_YIELD,yield,0.08
2025-06-13,US2Y_YIELD,yield,0.07969491713803743
2025-06-13,US30Y_YIELD,yield,0.08
2025-06-13,USD,px,108.09356144057762
2025-06-13,USDJPY,px,105.14825565228163
2025-06-13,VIX,px,57.36252627672628
2025-06-13,VOL,px,47.81603747774892
2025-06-16,EURUSD,px,1.1175318267818382
2025-06-16,GOLD,px,1518.6764157577431
2025-06-16,HYG,px,56.80000499796443
2025-06-16,LQD,px,112.26931702884674
2025-06-16,MKT_US,px,193.06957640333172
2025-06-16,OIL,px,63.701919921060274
2025-06-16,QQQ,px,127.56565554003481
2025-06-16,RATES_US10Y,yield,0.012775829822089807
2025-06-16,SPY,px,189.3361387961108
2025-06-16,TBILL3M_YIELD,yield,0.031267849315917653
2025-06-16,US10Y_YIELD,yield,0.08
2025-06-16,US2Y_YIELD,yield,0.08
2025-06-16,US30Y_YIELD,yield,0.08
2025-06-16,USD,px,109.15743842686996
2025-06-16,USDJPY,px,106.02088926684462
2025-06-16,VIX,px,59.22644119863675
2025-06-16,VOL,px,49.399889072375075
2025-06-17,EURUSD,px,1.1072427568902121
2025-06-17,GOLD,px,1499.8703075968454
2025-06-17,HYG,px,57.205648331808796
2025-06-17,LQD,px,112.2781099847741
2025-06-17,MKT_US,px,193.3364002613143
2025-06-17,OIL,px,63.15519620828729
2025-06-17,QQQ,px,127.66434107505417
2025-06-17,RATES_US10Y,yield,0.01207063242076099
2025-06-17,SPY,px,187.95944525568618
2025-06-17,TBILL3M_YIELD,yield,0.02995094118185538
2025-06-17,US10Y_YIELD,yield,0.08
2025-06-17,US2Y_YIELD,yield,0.07944399761024991
2025-06-17,US30Y_YIELD,yield,0.08
2025-06-17,USD,px,109.8498651568327
2025-06-17,USDJPY,px,106.0707444188596
2025-06-17,VIX,px,58.76678427650005
2025-06-17,VOL,px,49.195955524466086
2025-06-18,EURUSD,px,1.0991562563584238
2025-06-18,GOLD,px,1491.8824183097183
2025-06-18,HYG,px,57.392966908502125
2025-06-18,LQD,px,112.75506813605618
2025-06-18,MKT_US,px,192.4504433169851
2025-06-18,OIL,px,62.90882492062782
2025-06-18,QQQ,px,125.78455021223652
2025-06-18,RATES_US10Y,yield,0.013004227050919432
2025-06-18,SPY,px,187.72764861419714
2025-06-18,TBILL3M_YIELD,yield,0.031304369314875596
2025-06-18,US10Y_YIELD,yield,0.08
2025-06-18,US2Y_YIELD,yield,0.08
2025-06-18,US30Y_YIELD,yield,0.08
2025-06-18,USD,px,109.58520451254819
2025-06-18,USDJPY,px,106.09278186915019
2025-06-18,VIX,px,58.49114453725202
2025-06-18,VOL,px,48.98397630916163
2025-06-19,EURUSD,px,1.0939047637367538
2025-06-19,GOLD,px,1493.6411644881555
2025-06-19,HYG,px,58.06171452951541
2025-06-19,LQD,px,112.76020036641499
2025-06-19,MKT_US,px,193.2321349246969
2025-06-19,OIL,px,61.93466601051148
2025-06-19,QQQ,px,127.36620858749191
2025-06-19,RATES_US10Y,yield,0.014748342602011428
2025-06-19,SPY,px,189.95153248948756
2025-06-19,TBILL3M_YIELD,yield,0.03232121886836777
2025-06-19,US10Y_YIELD,yield,0.08
2025-06-19,US2Y_YIELD,yield,0.07834635909305585
2025-06-19,US30Y_YIELD,yield,0.08
2025-06-19,USD,px,109.41383949258278
2025-06-19,USDJPY,px,105.93315967693037
2025-06-19,VIX,px,56.1300266832573
2025-06-19,VOL,px,46.656621033884306
2025-06-20,EURUSD,px,1.0879408760129383
2025-06-20,GOLD,px,1498.1628355418316
2025-06-20,HYG,px,57.839895105653476
2025-06-20,LQD,px,112.34779134153018
2025-06-20,MKT_US,px,191.89233777037714
2025-06-20,OIL,px,62.555380195380465
2025-06-20,QQQ,px,125.59346652174665
2025-06-20,RATES_US10Y,yield,0.015005128751219322
2025-06-20,SPY,px,188.52805251424815
2025-06-20,TBILL3M_YIELD,yield,0.03242622219422214
2025-06-20,US10Y_YIELD,yield,0.08
2025-06-20,US2Y_YIELD,yield,0.0783784348235253
2025-06-20,US30Y_YIELD,yield,0.08
2025-06-20,USD,px,108.9547469530215
2025-06-20,USDJPY,px,105.89408740498294
2025-06-20,VIX,px,56.025073407849746
2025-06-20,VOL,px,46.60995593919984
2025-06-23,EURUSD,px,1.0901070271282034
2025-06-23,GOLD,px,1498.2376507621532
2025-06-23,HYG,px,57.88591382395893
2025-06-23,LQD,px,112.15541688867583
2025-06-23,MKT_US,px,192.87030972948918
2025-06-23,OIL,px,62.74666132991606
2025-06-23,QQQ,px,126.92357263018506
2025-06-23,RATES_US10Y,yield,0.014482344707166101
2025-06-23,SPY,px,190.73305653711188
2025-06-23,TBILL3M_YIELD,yield,0.031337406952039494
2025-06-23,US10Y_YIELD,yield,0.08
2025-06-23,US2Y_YIELD,yield,0.07725085665430868
2025-06-23,US30Y_YIELD,yield,0.08
2025-06-23,USD,px,108.46442873846323
2025-06-23,USDJPY,px,105.91867112562014
2025-06-23,VIX,px,55.60963691764683
2025-06-23,VOL,px,46.27034560292695
2025-06-24,EURUSD,px,1.082264181797646
2025-06-24,GOLD,px,1474.3735204758402
2025-06-24,HYG,px,58.18586011024529
2025-06-24,LQD,px,112.39150554426314
2025-06-24,MKT_US,px,196.2531692237717
2025-06-24,OIL,px,62.784543285552836
2025-06-24,QQQ,px,129.8998981316587
2025-06-24,RATES_US10Y,yield,0.014952527714117727
2025-06-24,SPY,px,193.64072175182767
2025-06-24,TBILL3M_YIELD,yield,0.03061536613715262
2025-06-24,US10Y_YIELD,yield,0.08
2025-06-24,US2Y_YIELD,yield,0.074663442841364
2025-06-24,US30Y_YIELD,yield,0.08
2025-06-24,USD,px,109.36282820609595
2025-06-24,USDJPY,px,106.199424094771
2025-06-24,VIX,px,52.90035564973936
2025-06-24,VOL,px,44.220247802888565
2025-06-25,EURUSD,px,1.0955534571813517
2025-06-25,GOLD,px,1470.5329680529078
2025-06-25,HYG,px,58.0217768043106
2025-06-25,LQD,px,113.27594646934713
2025-06-25,MKT_US,px,194.42931380014807
2025-06-25,OIL,px,63.57777478634367
2025-06-25,QQQ,px,127.27918709848524
2025-06-25,RATES_US10Y,yield,0.014066592646589058
2025-06-25,SPY,px,190.40959650170097
2025-06-25,TBILL3M_YIELD,yield,0.033397217961030026
2025-06-25,US10Y_YIELD,yield,0.08
2025-06-25,US2Y_YIELD,yield,0.08
2025-06-25,US30Y_YIELD,yield,0.08
2025-06-25,USD,px,108.169061739423
2025-06-25,USDJPY,px,106.70979810740317
2025-06-25,VIX,px,59.28738810639044
2025-06-25,VOL,px,49.785097518064404
2025-06-26,EURUSD,px,1.093669865414082
2025-06-26,GOLD,px,1463.9684460037645
2025-06-26,HYG,px,57.71016847606823
2025-06-26,LQD,px,112.42867321245203
2025-06-26,MKT_US,px,193.29026966114384
2025-06-26,OIL,px,63.53164485896147
2025-06-26,QQQ,px,126.43550784176715
2025-06-26,RATES_US10Y,yield,0.014801560516870545
2025-06-26,SPY,px,188.95924876110644
2025-06-26,TBILL3M_YIELD,yield,0.03492125546403929
2025-06-26,US10Y_YIELD,yield,0.08
2025-06-26,US2Y_YIELD,yield,0.08
2025-06-26,US30Y_YIELD,yield,0.08
2025-06-26,USD,px,108.86630245452902
2025-06-26,USDJPY,px,107.27372555433341
2025-06-26,VIX,px,60.24254156731178
2025-06-26,VOL,px,50.48972048098534
2025-06-27,EURUSD,px,1.0917611420384066
2025-06-27,GOLD,px,1460.3933464763845
2025-06-27,HYG,px,58.17337384076632
2025-06-27,LQD,px,112.56912342624537
2025-06-27,MKT_US,px,194.94458813567817
2025-06-27,OIL,px,62.24565898875499
2025-06-27,QQQ,px,127.34250989744903
2025-06-27,RATES_US10Y,yield,0.01508892733111265
2025-06-27,SPY,px,189.99529552571562
2025-06-27,TBILL3M_YIELD,yield,0.03441021365332121
2025-06-27,US10Y_YIELD,yield,0.08
2025-06-27,US2Y_YIELD,yield,0.08
2025-06-27,US30Y_YIELD,yield,0.08
2025-06-27,USD,px,108.57195726337348
2025-06-27,USDJPY,px,106.76919521552959
2025-06-27,VIX,px,59.43168750261237
2025-06-27,VOL,px,49.652193036584706
2025-06-30,EURUSD,px,1.0883490139015497
2025-06-30,GOLD,px,1457.8151123713792
2025-06-30,HYG,px,57.93884692036307
2025-06-30,LQD,px,112.3926123735062
2025-06-30,MKT_US,px,194.83734988999083
2025-06-30,OIL,px,62.48035715154566
2025-06-30,QQQ,px,128.15344423558201
2025-06-30,RATES_US10Y,yield,0.015442878681315473
2025-06-30,SPY,px,189.6980429803642
2025-06-30,TBILL3M_YIELD,yield,0.034547531932243594
2025-06-30,US10Y_YIELD,yield,0.08
2025-06-30,US2Y_YIELD,yield,0.08
2025-06-30,US30Y_YIELD,yield,0.08
2025-06-30,USD,px,109.37824783412971
2025-06-30,USDJPY,px,107.47361707206402
2025-06-30,VIX,px,58.8443282417558
2025-06-30,VOL,px,49.00099421775682
2025-07-01,EURUSD,px,1.0902039485112445
2025-07-01,GOLD,px,1468.8093557549928
2025-07-01,HYG,px,58.64800476425077
2025-07-01,LQD,px,111.81027793973774
2025-07-01,MKT_US,px,194.98057997875154
2025-07-01,OIL,px,62.61765681476584
2025-07-01,QQQ,px,128.27260052554146
2025-07-01,RATES_US10Y,yield,0.01568103559100628
2025-07-01,SPY,px,189.00717242789827
2025-07-01,TBILL3M_YIELD,yield,0.034712855712640635
2025-07-01,US10Y_YIELD,yield,0.08
2025-07-01,US2Y_YIELD,yield,0.08
2025-07-01,US30Y_YIELD,yield,0.08
2025-07-01,USD,px,109.5554334294657
2025-07-01,USDJPY,px,107.04752230934571
2025-07-01,VIX,px,57.5730498185849
2025-07-01,VOL,px,48.12161334078013
2025-07-02,EURUSD,px,1.0946321901399454
2025-07-02,GOLD,px,1472.231294432448
2025-07-02,HYG,px,58.45357829375871
2025-07-02,LQD,px,111.8378261309552
2025-07-02,MKT_US,px,195.2592971439122
2025-07-02,OIL,px,62.07047628774564
2025-07-02,QQQ,px,126.97676753767207
2025-07-02,RATES_US10Y,yield,0.015404930165631674
2025-07-02,SPY,px,187.77955310394103
2025-07-02,TBILL3M_YIELD,yield,0.03450995290185118
2025-07-02,US10Y_YIELD,yield,0.08
2025-07-02,US2Y_YIELD,yield,0.08
2025-07-02,US30Y_YIELD,yield,0.08
2025-07-02,USD,px,109.52289433257843
2025-07-02,USDJPY,px,106.92584804794322
2025-07-02,VIX,px,58.676296199278234
2025-07-02,VOL,px,48.75825299950844
2025-07-03,EURUSD,px,1.0950225453957803
2025-07-03,GOLD,px,1477.5112251606615
2025-07-03,HYG,px,59.11559968522858
2025-07-03,LQD,px,111.70438126376335
2025-07-03,MKT_US,px,195.2112158491825
2025-07-03,OIL,px,62.72299857895989
2025-07-03,QQQ,px,125.99703817126444
2025-07-03,RATES_US10Y,yield,0.0152105998911349
2025-07-03,SPY,px,187.3817785307098
2025-07-03,TBILL3M_YIELD,yield,0.033693046577209854
2025-07-03,US10Y_YIELD,yield,0.08
2025-07-03,US2Y_YIELD,yield,0.08
2025-07-03,US30Y_YIELD,yield,0.08
2025-07-03,USD,px,110.04825122399475
2025-07-03,USDJPY,px,106.56129499990705
2025-07-03,VIX,px,56.897090265381735
2025-07-03,VOL,px,47.06705594297727
2025-07-04,EURUSD,px,1.088455581407961
2025-07-04,GOLD,px,1482.337981620651
2025-07-04,HYG,px,59.11215108917021
2025-07-04,LQD,px,111.81803076241277
2025-07-04,MKT_US,px,193.0255802225151
2025-07-04,OIL,px,63.72670662291028
2025-07-04,QQQ,px,124.16411988713483
2025-07-04,RATES_US10Y,yield,0.01357191443109583
2025-07-04,SPY,px,185.26743971275994
2025-07-04,TBILL3M_YIELD,yield,0.03169741286484032
2025-07-04,US10Y_YIELD,yield,0.08
2025-07-04,US2Y_YIELD,yield,0.07858732395073026
2025-07-04,US30Y_YIELD,yield,0.08
2025-07-04,USD,px,110.12941359970594
2025-07-04,USDJPY,px,106.54977179483134
2025-07-04,VIX,px,56.85240117312674
2025-07-04,VOL,px,46.72324491549831
2025-07-07,EURUSD,px,1.0940658974292534
2025-07-07,GOLD,px,1495.5951731005382
2025-07-07,HYG,px,58.01205735820533
2025-07-07,LQD,px,112.0552334689374
2025-07-07,MKT_US,px,192.52140452684216
2025-07-07,OIL,px,63.07802456444249
2025-07-07,QQQ,px,123.91099933535823
2025-07-07,RATES_US10Y,yield,0.012919224954972408
2025-07-07,SPY,px,184.8690534757699
2025-07-07,TBILL3M_YIELD,yield,0.03224465081958508
2025-07-07,US10Y_YIELD,yield,0.08
2025-07-07,US2Y_YIELD,yield,0.08
2025-07-07,US30Y_YIELD,yield,0.08
2025-07-07,USD,px,109.8399246248485
2025-07-07,USDJPY,px,107.05631846740765
2025-07-07,VIX,px,58.924274999800716
2025-07-07,VOL,px,48.249322142427204
2025-07-08,EURUSD,px,1.0928680355527336
2025-07-08,GOLD,px,1487.2639653925696
2025-07-08,HYG,px,58.11051265770377
2025-07-08,LQD,px,112.56098494972238
2025-07-08,MKT_US,px,192.19812250990663
2025-07-08,OIL,px,62.442356045396494
2025-07-08,QQQ,px,123.62619899875024
2025-07-08,RATES_US10Y,yield,0.011929712558053925
2025-07-08,SPY,px,183.29584583542243
2025-07-08,TBILL3M_YIELD,yield,0.031133645340880384
2025-07-08,US10Y_YIELD,yield,0.08
2025-07-08,US2Y_YIELD,yield,0.08
2025-07-08,US30Y_YIELD,yield,0.08
2025-07-08,USD,px,109.9226464965491
2025-07-08,USDJPY,px,107.02607898934112
2025-07-08,VIX,px,59.02537302692531
2025-07-08,VOL,px,48.254039021258166
2025-07-09,EURUSD,px,1.092379772439781
2025-07-09,GOLD,px,1494.216203951143
2025-07-09,HYG,px,58.34725275700858
2025-07-09,LQD,px,112.84774736027015
2025-07-09,MKT_US,px,193.4655474350726
2025-07-09,OIL,px,63.86427061664869
2025-07-09,QQQ,px,124.05528763173679
2025-07-09,RATES_US10Y,yield,0.011696662900597544
2025-07-09,SPY,px,183.33557084931584
2025-07-09,TBILL3M_YIELD,yield,0.03109617702111463
2025-07-09,US10Y_YIELD,yield,0.08
2025-07-09,US2Y_YIELD,yield,0.08
2025-07-09,US30Y_YIELD,yield,0.08
2025-07-09,USD,px,109.45190306999959
2025-07-09,USDJPY,px,106.67540911407296
2025-07-09,VIX,px,59.98397157580253
2025-07-09,VOL,px,48.92354988498991
2025-07-10,EURUSD,px,1.1012287743067841
2025-07-10,GOLD,px,1501.2510265776862
2025-07-10,HYG,px,58.25594015629393
2025-07-10,LQD,px,113.28079506009777
2025-07-10,MKT_US,px,195.26131383971068
2025-07-10,OIL,px,65.02836218403672
2025-07-10,QQQ,px,125.59813399635095
2025-07-10,RATES_US10Y,yield,0.011019164805328639
2025-07-10,SPY,px,185.15495610100737
2025-07-10,TBILL3M_YIELD,yield,0.029707835103114835
2025-07-10,US10Y_YIELD,yield,0.08
2025-07-10,US2Y_YIELD,yield,0.08
2025-07-10,US30Y_YIELD,yield,0.08
2025-07-10,USD,px,108.74502948810604
2025-07-10,USDJPY,px,105.80040253727917
2025-07-10,VIX,px,59.96095286977364
2025-07-10,VOL,px,48.379650826833284
2025-07-11,EURUSD,px,1.0930980264852046
2025-07-11,GOLD,px,1498.5219009931627
2025-07-11,HYG,px,58.421061558927974
2025-07-11,LQD,px,113.53714472490361
2025-07-11,MKT_US,px,194.13912399549497
2025-07-11,OIL,px,64.46466561596289
2025-07-11,QQQ,px,124.24647896019128
2025-07-11,RATES_US10Y,yield,0.010962905352865066
2025-07-11,SPY,px,182.64106625382078
2025-07-11,TBILL3M_YIELD,yield,0.02890158447113517
2025-07-11,US10Y_YIELD,yield,0.08
2025-07-11,US2Y_YIELD,yield,0.07803659721374734
2025-07-11,US30Y_YIELD,yield,0.08
2025-07-11,USD,px,109.10891139221623
2025-07-11,USDJPY,px,105.95659301817642
2025-07-11,VIX,px,58.97806432000537
2025-07-11,VOL,px,47.322049978450714
2025-07-14,EURUSD,px,1.087806342271899
2025-07-14,GOLD,px,1495.3400314878681
2025-07-14,HYG,px,58.428191550739726
2025-07-14,LQD,px,114.00916518799478
2025-07-14,MKT_US,px,192.73553323081785
2025-07-14,OIL,px,63.913383054312284
2025-07-14,QQQ,px,123.39246304880457
2025-07-14,RATES_US10Y,yield,0.011564182286581699
2025-07-14,SPY,px,180.40384968225897
2025-07-14,TBILL3M_YIELD,yield,0.029223478865218578
2025-07-14,US10Y_YIELD,yield,0.08
2025-07-14,US2Y_YIELD,yield,0.07805063282551579
2025-07-14,US30Y_YIELD,yield,0.08
2025-07-14,USD,px,109.42391810626088
2025-07-14,USDJPY,px,106.6386517978536
2025-07-14,VIX,px,58.819686023754116
2025-07-14,VOL,px,47.16652734023286
2025-07-15,EURUSD,px,1.0880625342568986
2025-07-15,GOLD,px,1499.9980954167731
2025-07-15,HYG,px,58.28837979688645
2025-07-15,LQD,px,113.81322826710164
2025-07-15,MKT_US,px,191.943887762236
2025-07-15,OIL,px,63.596120341744026
2025-07-15,QQQ,px,123.28208723015682
2025-07-15,RATES_US10Y,yield,0.010200414523590166
2025-07-15,SPY,px,180.49364296755385
2025-07-15,TBILL3M_YIELD,yield,0.027980968688940056
2025-07-15,US10Y_YIELD,yield,0.08
2025-07-15,US2Y_YIELD,yield,0.07739280038629341
2025-07-15,US30Y_YIELD,yield,0.08
2025-07-15,USD,px,109.6317663885954
2025-07-15,USDJPY,px,106.31762271750983
2025-07-15,VIX,px,59.347479109889186
2025-07-15,VOL,px,47.49694663423695
2025-07-16,EURUSD,px,1.0904184163737334
2025-07-16,GOLD,px,1502.040284383684
2025-07-16,HYG,px,58.77745377195953
2025-07-16,LQD,px,113.99202183875593
2025-07-16,MKT_US,px,194.12070388321524
2025-07-16,OIL,px,63.34694441170937
2025-07-16,QQQ,px,124.47234671388502
2025-07-16,RATES_US10Y,yield,0.009364762110568036
2025-07-16,SPY,px,181.27687110831027
2025-07-16,TBILL3M_YIELD,yield,0.026577249803444017
2025-07-16,US10Y_YIELD,yield,0.08
2025-07-16,US2Y_YIELD,yield,0.075368119176556
2025-07-16,US30Y_YIELD,yield,0.08
2025-07-16,USD,px,109.51380032082344
2025-07-16,USDJPY,px,105.85574987679566
2025-07-16,VIX,px,58.11544266342045
2025-07-16,VOL,px,46.41432677257067
2025-07-17,EURUSD,px,1.0853393844415613
2025-07-17,GOLD,px,1517.6530146146044
2025-07-17,HYG,px,58.02784997808143
2025-07-17,LQD,px,114.22514752369231
2025-07-17,MKT_US,px,193.2266098501552
2025-07-17,OIL,px,62.2368658606573
2025-07-17,QQQ,px,123.98859099140061
2025-07-17,RATES_US10Y,yield,0.008512502538157255
2025-07-17,SPY,px,180.4782460349403
2025-07-17,TBILL3M_YIELD,yield,0.025479296185507636
2025-07-17,US10Y_YIELD,yield,0.08
2025-07-17,US2Y_YIELD,yield,0.07493336285779731
2025-07-17,US30Y_YIELD,yield,0.08
2025-07-17,USD,px,110.33506460183622
2025-07-17,USDJPY,px,106.37195999694723
2025-07-17,VIX,px,58.56387863498098
2025-07-17,VOL,px,46.8216487915457
2025-07-18,EURUSD,px,1.0897433237869938
2025-07-18,GOLD,px,1519.2028366535167
2025-07-18,HYG,px,57.78465608546348
2025-07-18,LQD,px,113.67460515451589
2025-07-18,MKT_US,px,193.3921174031954
2025-07-18,OIL,px,62.44469950010944
2025-07-18,QQQ,px,124.77813027448829
2025-07-18,RATES_US10Y,yield,0.008768223143902833
2025-07-18,SPY,px,180.86526173586816
2025-07-18,TBILL3M_YIELD,yield,0.027076425729870724
2025-07-18,US10Y_YIELD,yield,0.08
2025-07-18,US2Y_YIELD,yield,0.07763377322143665
2025-07-18,US30Y_YIELD,yield,0.08
2025-07-18,USD,px,109.53676030216141
2025-07-18,USDJPY,px,105.75848480232825
2025-07-18,VIX,px,60.15061962877461
2025-07-18,VOL,px,48.00302741157334
2025-07-21,EURUSD,px,1.08907548859768
2025-07-21,GOLD,px,1528.1528262891986
2025-07-21,HYG,px,57.26325383705135
2025-07-21,LQD,px,113.08102374660281
2025-07-21,MKT_US,px,192.4826736632387
2025-07-21,OIL,px,61.63126030056789
2025-07-21,QQQ,px,124.14765546184171
2025-07-21,RATES_US10Y,yield,0.009847361415654553
2025-07-21,SPY,px,180.62411037405224
2025-07-21,TBILL3M_YIELD,yield,0.02995760962952034
2025-07-21,US10Y_YIELD,yield,0.08
2025-07-21,US2Y_YIELD,yield,0.08
2025-07-21,US30Y_YIELD,yield,0.08
2025-07-21,USD,px,109.30844663720691
2025-07-21,USDJPY,px,105.4820375964735
2025-07-21,VIX,px,61.11657065076922
2025-07-21,VOL,px,48.93202656178929
2025-07-22,EURUSD,px,1.087342882928102
2025-07-22,GOLD,px,1529.6919156500055
2025-07-22,HYG,px,57.3325142703396
2025-07-22,LQD,px,113.5291068236572
2025-07-22,MKT_US,px,191.44064941720785
2025-07-22,OIL,px,60.6064770164638
2025-07-22,QQQ,px,123.00864182404341
2025-07-22,RATES_US10Y,yield,0.010433555088071277
2025-07-22,SPY,px,179.71248829566656
2025-07-22,TBILL3M_YIELD,yield,0.02975292281013877
2025-07-22,US10Y_YIELD,yield,0.08
2025-07-22,US2Y_YIELD,yield,0.07885194970760602
2025-07-22,US30Y_YIELD,yield,0.08
2025-07-22,USD,px,109.39311031437413
2025-07-22,USDJPY,px,105.71943764659677
2025-07-22,VIX,px,59.45720071867844
2025-07-22,VOL,px,47.22935555283486
2025-07-23,EURUSD,px,1.0845102379010683
2025-07-23,GOLD,px,1533.122961632115
2025-07-23,HYG,px,57.60584644173882
2025-07-23,LQD,px,114.24546196696667
2025-07-23,MKT_US,px,190.40957776707984
2025-07-23,OIL,px,61.35206381919666
2025-07-23,QQQ,px,122.1985213540041
2025-07-23,RATES_US10Y,yield,0.009926898027737184
2025-07-23,SPY,px,178.25090117426663
2025-07-23,TBILL3M_YIELD,yield,0.028769687466267055
2025-07-23,US10Y_YIELD,yield,0.08
2025-07-23,US2Y_YIELD,yield,0.07725499082177166
2025-07-23,US30Y_YIELD,yield,0.08
2025-07-23,USD,px,109.66731613649594
2025-07-23,USDJPY,px,106.03768787086652
2025-07-23,VIX,px,58.47619636566857
2025-07-23,VOL,px,46.26179920117853
2025-07-24,EURUSD,px,1.091468761758259
2025-07-24,GOLD,px,1536.059266693258
2025-07-24,HYG,px,58.69036566991592
2025-07-24,LQD,px,113.93165390621284
2025-07-24,MKT_US,px,191.97547066979746
2025-07-24,OIL,px,60.53277924860987
2025-07-24,QQQ,px,124.31288835796484
2025-07-24,RATES_US10Y,yield,0.011018715785729851
2025-07-24,SPY,px,180.54496457663757
2025-07-24,TBILL3M_YIELD,yield,0.029476180852801345
2025-07-24,US10Y_YIELD,yield,0.08
2025-07-24,US2Y_YIELD,yield,0.07584313520527206
2025-07-24,US30Y_YIELD,yield,0.08
2025-07-24,USD,px,108.83892616592495
2025-07-24,USDJPY,px,105.3283215489056
2025-07-24,VIX,px,56.39539686255082
2025-07-24,VOL,px,44.94556249077485
2025-07-25,EURUSD,px,1.0898624621740578
2025-07-25,GOLD,px,1518.1060865880122
2025-07-25,HYG,px,58.786631495446514
2025-07-25,LQD,px,113.9439052922434
2025-07-25,MKT_US,px,192.57112982040778
2025-07-25,OIL,px,60.512049681081514
2025-07-25,QQQ,px,123.2747338625215
2025-07-25,RATES_US10Y,yield,0.010207741860129835
2025-07-25,SPY,px,180.2224643370515
2025-07-25,TBILL3M_YIELD,yield,0.028768733463730406
2025-07-25,US10Y_YIELD,yield,0.08
2025-07-25,US2Y_YIELD,yield,0.07647172485412404
2025-07-25,US30Y_YIELD,yield,0.08
2025-07-25,USD,px,109.65729272987146
2025-07-25,USDJPY,px,105.49409724586916
2025-07-25,VIX,px,57.869128826903165
2025-07-25,VOL,px,45.759000552662144
2025-07-28,EURUSD,px,1.089638158839857
2025-07-28,GOLD,px,1532.7547517544338
2025-07-28,HYG,px,58.15767651362746
2025-07-28,LQD,px,113.74008286856005
2025-07-28,MKT_US,px,189.42634831963775
2025-07-28,OIL,px,61.042869956095004
2025-07-28,QQQ,px,120.56559906767683
2025-07-28,RATES_US10Y,yield,0.011464210109780435
2025-07-28,SPY,px,177.5009859491691
2025-07-28,TBILL3M_YIELD,yield,0.03056943452374547
2025-07-28,US10Y_YIELD,yield,0.08
2025-07-28,US2Y_YIELD,yield,0.0784283146379667
2025-07-28,US30Y_YIELD,yield,0.08
2025-07-28,USD,px,109.27608708933414
2025-07-28,USDJPY,px,105.1256110985259
2025-07-28,VIX,px,58.6363638419825
2025-07-28,VOL,px,46.37961842228259
2025-07-29,EURUSD,px,1.0927092427339669
2025-07-29,GOLD,px,1531.6669581953638
2025-07-29,HYG,px,58.133670672519756
2025-07-29,LQD,px,113.82111685659513
2025-07-29,MKT_US,px,191.5118799538086
2025-07-29,OIL,px,61.62044341364674
2025-07-29,QQQ,px,121.98200352238277
2025-07-29,RATES_US10Y,yield,0.011387460604690959
2025-07-29,SPY,px,178.842702280901
2025-07-29,TBILL3M_YIELD,yield,0.03010277722082754
2025-07-29,US10Y_YIELD,yield,0.08
2025-07-29,US2Y_YIELD,yield,0.07915567732005908
2025-07-29,US30Y_YIELD,yield,0.08
2025-07-29,USD,px,108.17683119715468
2025-07-29,USDJPY,px,104.59395881000663
2025-07-29,VIX,px,59.29453534910592
2025-07-29,VOL,px,47.085290229612774
2025-07-30,EURUSD,px,1.0869887383927779
2025-07-30,GOLD,px,1514.2685726132681
2025-07-30,HYG,px,58.45283612834245
2025-07-30,LQD,px,114.16961562522135
2025-07-30,MKT_US,px,192.90460608105167
2025-07-30,OIL,px,61.318076397105166
2025-07-30,QQQ,px,122.98270119414948
2025-07-30,RATES_US10Y,yield,0.009656070014692158
2025-07-30,SPY,px,180.0226687883199
2025-07-30,TBILL3M_YIELD,yield,0.026447493666125553
2025-07-30,US10Y_YIELD,yield,0.08
2025-07-30,US2Y_YIELD,yield,0.07561405267147352
2025-07-30,US30Y_YIELD,yield,0.08
2025-07-30,USD,px,108.28894008519072
2025-07-30,USDJPY,px,104.91286574610898
2025-07-30,VIX,px,58.20704172824431
2025-07-30,VOL,px,45.99877616642051
2025-07-31,EURUSD,px,1.0829180883374514
2025-07-31,GOLD,px,1502.6347813557556
2025-07-31,HYG,px,58.84989523480169
2025-07-31,LQD,px,113.9720002803632
2025-07-31,MKT_US,px,196.10873430589714
2025-07-31,OIL,px,61.22883575609856
2025-07-31,QQQ,px,124.92207945428041
2025-07-31,RATES_US10Y,yield,0.011502096840516972
2025-07-31,SPY,px,183.30818390667505
2025-07-31,TBILL3M_YIELD,yield,0.028748646460593514
2025-07-31,US10Y_YIELD,yield,0.08
2025-07-31,US2Y_YIELD,yield,0.07592866117727869
2025-07-31,US30Y_YIELD,yield,0.08
2025-07-31,USD,px,108.57458904003103
2025-07-31,USDJPY,px,105.12867739866209
2025-07-31,VIX,px,56.319937144845824
2025-07-31,VOL,px,45.08506148901939
2025-08-01,EURUSD,px,1.0837322309233455
2025-08-01,GOLD,px,1500.9206259895373
2025-08-01,HYG,px,59.05939848484075
2025-08-01,LQD,px,113.95610024206508
2025-08-01,MKT_US,px,195.54735111829126
2025-08-01,OIL,px,60.70870654492526
2025-08-01,QQQ,px,125.13811694829697
2025-08-01,RATES_US10Y,yield,0.012946174196771382
2025-08-01,SPY,px,183.35773536933908
2025-08-01,TBILL3M_YIELD,yield,0.0306297650156754
2025-08-01,US10Y_YIELD,yield,0.08
2025-08-01,US2Y_YIELD,yield,0.07748639123197384
2025-08-01,US30Y_YIELD,yield,0.08
2025-08-01,USD,px,107.72959724674156
2025-08-01,USDJPY,px,105.05488135321637
2025-08-01,VIX,px,56.228080323364026
2025-08-01,VOL,px,45.15149533658564
2025-08-04,EURUSD,px,1.087990089463114
2025-08-04,GOLD,px,1523.9743140986097
2025-08-04,HYG,px,59.10609358761902
2025-08-04,LQD,px,114.20218966088292
2025-08-04,MKT_US,px,195.70759911123082
2025-08-04,OIL,px,62.14999454948029
2025-08-04,QQQ,px,125.32292514599577
2025-08-04,RATES_US10Y,yield,0.012356359313902174
2025-08-04,SPY,px,183.43231101317272
2025-08-04,TBILL3M_YIELD,yield,0.0291634642330493
2025-08-04,US10Y_YIELD,yield,0.08
2025-08-04,US2Y_YIELD,yield,0.0767790631084713
2025-08-04,US30Y_YIELD,yield,0.08
2025-08-04,USD,px,107.99781409452278
2025-08-04,USDJPY,px,104.77920260969978
2025-08-04,VIX,px,56.23004306388933
2025-08-04,VOL,px,45.540614787621166
2025-08-05,EURUSD,px,1.0794653635326052
2025-08-05,GOLD,px,1523.6699458303667
2025-08-05,HYG,px,59.24631770577689
2025-08-05,LQD,px,115.24132238757889
2025-08-05,MKT_US,px,195.1008694816478
2025-08-05,OIL,px,62.781398456856905
2025-08-05,QQQ,px,124.4063353356066
2025-08-05,RATES_US10Y,yield,0.012832469747052117
2025-08-05,SPY,px,182.96819178330884
2025-08-05,TBILL3M_YIELD,yield,0.028390037380266915
2025-08-05,US10Y_YIELD,yield,0.08
2025-08-05,US2Y_YIELD,yield,0.07516971166161476
2025-08-05,US30Y_YIELD,yield,0.08
2025-08-05,USD,px,108.84576010355727
2025-08-05,USDJPY,px,104.80534606327859
2025-08-05,VIX,px,55.57349806542591
2025-08-05,VOL,px,44.99912911227416
2025-08-06,EURUSD,px,1.0829047745015252
2025-08-06,GOLD,px,1501.9430434880555
2025-08-06,HYG,px,59.912274872126055
2025-08-06,LQD,px,115.90441658709602
2025-08-06,MKT_US,px,199.20588149790547
2025-08-06,OIL,px,62.17008182078171
2025-08-06,QQQ,px,127.82907910735727
2025-08-06,RATES_US10Y,yield,0.012641984673815887
2025-08-06,SPY,px,186.69616705839258
2025-08-06,TBILL3M_YIELD,yield,0.027994691751048312
2025-08-06,US10Y_YIELD,yield,0.08
2025-08-06,US2Y_YIELD,yield,0.0759493536933346
2025-08-06,US30Y_YIELD,yield,0.08
2025-08-06,USD,px,109.30148127962124
2025-08-06,USDJPY,px,105.26115443300117
2025-08-06,VIX,px,55.56627986618605
2025-08-06,VOL,px,45.09674806662049
2025-08-07,EURUSD,px,1.0804849754588346
2025-08-07,GOLD,px,1511.637792732147
2025-08-07,HYG,px,60.13606627404337
2025-08-07,LQD,px,116.10586691160474
2025-08-07,MKT_US,px,198.02109210508178
2025-08-07,OIL,px,62.086562706696554
2025-08-07,QQQ,px,127.73539656994302
2025-08-07,RATES_US10Y,yield,0.012305546308664431
2025-08-07,SPY,px,186.40253229983898
2025-08-07,TBILL3M_YIELD,yield,0.028180003608837705
2025-08-07,US10Y_YIELD,yield,0.08
2025-08-07,US2Y_YIELD,yield,0.07721271119209952
2025-08-07,US30Y_YIELD,yield,0.08
2025-08-07,USD,px,109.2927905178487
2025-08-07,USDJPY,px,104.60524423058885
2025-08-07,VIX,px,56.426467002081914
2025-08-07,VOL,px,45.66363772631307
2025-08-08,EURUSD,px,1.081867779920968
2025-08-08,GOLD,px,1513.709377263805
2025-08-08,HYG,px,60.134799869805754
2025-08-08,LQD,px,116.70475291385114
2025-08-08,MKT_US,px,199.63532959431436
2025-08-08,OIL,px,62.75954181095626
2025-08-08,QQQ,px,129.15369019385824
2025-08-08,RATES_US10Y,yield,0.011039443969176598
2025-08-08,SPY,px,189.1712862074528
2025-08-08,TBILL3M_YIELD,yield,0.02683792079155461
2025-08-08,US10Y_YIELD,yield,0.08
2025-08-08,US2Y_YIELD,yield,0.07682362576146741
2025-08-08,US30Y_YIELD,yield,0.08
2025-08-08,USD,px,109.20156237641592
2025-08-08,USDJPY,px,104.52217916779449
2025-08-08,VIX,px,56.52384401702041
2025-08-08,VOL,px,45.74020190400318
2025-08-11,EURUSD,px,1.0736310671973364
2025-08-11,GOLD,px,1526.1702524386399
2025-08-11,HYG,px,60.291578471597354
2025-08-11,LQD,px,117.87426364503885
2025-08-11,MKT_US,px,198.94509249217043
2025-08-11,OIL,px,63.12243325591937
2025-08-11,QQQ,px,130.03785431558245
2025-08-11,RATES_US10Y,yield,0.010593969927392984
2025-08-11,SPY,px,189.15693267496505
2025-08-11,TBILL3M_YIELD,yield,0.025538825171253457
2025-08-11,US10Y_YIELD,yield,0.08
2025-08-11,US2Y_YIELD,yield,0.0741866684801179
2025-08-11,US30Y_YIELD,yield,0.08
2025-08-11,USD,px,109.3828006196651
2025-08-11,USDJPY,px,104.57829355236156
2025-08-11,VIX,px,55.09178089235946
2025-08-11,VOL,px,44.622098672402664
2025-08-12,EURUSD,px,1.074515595470477
2025-08-12,GOLD,px,1510.0867920849626
2025-08-12,HYG,px,60.795134663461454
2025-08-12,LQD,px,118.27661620126308
2025-08-12,MKT_US,px,200.5081152306205
2025-08-12,OIL,px,64.67019453076254
2025-08-12,QQQ,px,131.41933718455027
2025-08-12,RATES_US10Y,yield,0.01102441898521027
2025-08-12,SPY,px,191.33578267835537
2025-08-12,TBILL3M_YIELD,yield,0.025155640348267956
2025-08-12,US10Y_YIELD,yield,0.08
2025-08-12,US2Y_YIELD,yield,0.0711701221754438
2025-08-12,US30Y_YIELD,yield,0.08
2025-08-12,USD,px,108.87424362787293
2025-08-12,USDJPY,px,103.89378412337835
2025-08-12,VIX,px,52.83921034691143
2025-08-12,VOL,px,42.87775804435288
2025-08-13,EURUSD,px,1.0680895392383267
2025-08-13,GOLD,px,1478.3271653416148
2025-08-13,HYG,px,60.48827105066387
2025-08-13,LQD,px,117.97109882032821
2025-08-13,MKT_US,px,197.7243973598347
2025-08-13,OIL,px,65.23712814713089
2025-08-13,QQQ,px,129.5021383164537
2025-08-13,RATES_US10Y,yield,0.01113796443449016
2025-08-13,SPY,px,189.25911150922306
2025-08-13,TBILL3M_YIELD,yield,0.02539083512101801
2025-08-13,US10Y_YIELD,yield,0.08
2025-08-13,US2Y_YIELD,yield,0.07056853252058837
2025-08-13,US30Y_YIELD,yield,0.08
2025-08-13,USD,px,109.22092395319413
2025-08-13,USDJPY,px,103.72965142135426
2025-08-13,VIX,px,52.70822638320292
2025-08-13,VOL,px,42.62720351747999
2025-08-14,EURUSD,px,1.0681534870466995
2025-08-14,GOLD,px,1482.1262427080078
2025-08-14,HYG,px,60.07828554757484
2025-08-14,LQD,px,117.8434415781524
2025-08-14,MKT_US,px,196.24782791619847
2025-08-14,OIL,px,64.88168888249662
2025-08-14,QQQ,px,128.49614802025803
2025-08-14,RATES_US10Y,yield,0.012167493557238972
2025-08-14,SPY,px,189.86080210101946
2025-08-14,TBILL3M_YIELD,yield,0.02676896132767389
2025-08-14,US10Y_YIELD,yield,0.08
2025-08-14,US2Y_YIELD,yield,0.07190584215068516
2025-08-14,US30Y_YIELD,yield,0.08
2025-08-14,USD,px,108.78972896517158
2025-08-14,USDJPY,px,103.8388002721919
2025-08-14,VIX,px,53.13178393351096
2025-08-14,VOL,px,42.719471694937255
2025-08-15,EURUSD,px,1.0702473344289305
2025-08-15,GOLD,px,1479.425729786281
2025-08-15,HYG,px,60.060197892804396
2025-08-15,LQD,px,117.85255999921296
2025-08-15,MKT_US,px,199.01063348661066
2025-08-15,OIL,px,64.51953551554081
2025-08-15,QQQ,px,129.9671601330599
2025-08-15,RATES_US10Y,yield,0.01199932645421326
2025-08-15,SPY,px,191.60811471083895
2025-08-15,TBILL3M_YIELD,yield,0.026931710595023674
2025-08-15,US10Y_YIELD,yield,0.08
2025-08-15,US2Y_YIELD,yield,0.07199145591882158
2025-08-15,US30Y_YIELD,yield,0.08
2025-08-15,USD,px,108.51397382247944
2025-08-15,USDJPY,px,103.10449496707943
2025-08-15,VIX,px,52.96021387697615
2025-08-15,VOL,px,42.47881540380914
2025-08-18,EURUSD,px,1.069141779279221
2025-08-18,GOLD,px,1484.5453785477462
2025-08-18,HYG,px,59.95454238819043
2025-08-18,LQD,px,117.40218969075005
2025-08-18,MKT_US,px,197.52818250585233
2025-08-18,OIL,px,63.585698735172826
2025-08-18,QQQ,px,128.17917617364589
2025-08-18,RATES_US10Y,yield,0.013505847952338614
2025-08-18,SPY,px,189.79176526713837
2025-08-18,TBILL3M_YIELD,yield,0.028955885763777844
2025-08-18,US10Y_YIELD,yield,0.08
2025-08-18,US2Y_YIELD,yield,0.07268905351855537
2025-08-18,US30Y_YIELD,yield,0.08
2025-08-18,USD,px,108.3162863362995
2025-08-18,USDJPY,px,102.6938621408545
2025-08-18,VIX,px,53.03819502767436
2025-08-18,VOL,px,42.20251409908702
2025-08-19,EURUSD,px,1.07065204145503
2025-08-19,GOLD,px,1460.863263070779
2025-08-19,HYG,px,60.04392824413123
2025-08-19,LQD,px,117.47553530830326
2025-08-19,MKT_US,px,198.5557801997642
2025-08-19,OIL,px,63.87259538407475
2025-08-19,QQQ,px,130.02055511406965
2025-08-19,RATES_US10Y,yield,0.013192752645467803
2025-08-19,SPY,px,191.82834821670426
2025-08-19,TBILL3M_YIELD,yield,0.0275014174280318
2025-08-19,US10Y_YIELD,yield,0.08
2025-08-19,US2Y_YIELD,yield,0.07115722959297249
2025-08-19,US30Y_YIELD,yield,0.08
2025-08-19,USD,px,108.51208547961883
2025-08-19,USDJPY,px,102.4142407420696
2025-08-19,VIX,px,52.30042756838054
2025-08-19,VOL,px,41.73992866698912
2025-08-20,EURUSD,px,1.0763707188496137
2025-08-20,GOLD,px,1464.4373847078248
2025-08-20,HYG,px,59.49590948005298
2025-08-20,LQD,px,117.33817099928281
2025-08-20,MKT_US,px,197.86247013998383
2025-08-20,OIL,px,64.14801776414028
2025-08-20,QQQ,px,130.41893519199814
2025-08-20,RATES_US10Y,yield,0.013382095501092732
2025-08-20,SPY,px,191.7812092199152
2025-08-20,TBILL3M_YIELD,yield,0.02820535083297624
2025-08-20,US10Y_YIELD,yield,0.08
2025-08-20,US2Y_YIELD,yield,0.07254825327063198
2025-08-20,US30Y_YIELD,yield,0.08
2025-08-20,USD,px,107.83918070315295
2025-08-20,USDJPY,px,102.46210728893453
2025-08-20,VIX,px,53.15566269211599
2025-08-20,VOL,px,42.34397439597996
2025-08-21,EURUSD,px,1.0756791503633896
2025-08-21,GOLD,px,1479.3054808713161
2025-08-21,HYG,px,58.8915376227386
2025-08-21,LQD,px,117.47794802560124
2025-08-21,MKT_US,px,195.45688991127923
2025-08-21,OIL,px,66.38545958677838
2025-08-21,QQQ,px,129.38157717383518
2025-08-21,RATES_US10Y,yield,0.01205710018007498
2025-08-21,SPY,px,190.67296239065178
2025-08-21,TBILL3M_YIELD,yield,0.026347956668077887
2025-08-21,US10Y_YIELD,yield,0.08
2025-08-21,US2Y_YIELD,yield,0.07089224514544842
2025-08-21,US30Y_YIELD,yield,0.08
2025-08-21,USD,px,107.0218947886057
2025-08-21,USDJPY,px,101.90873011923152
2025-08-21,VIX,px,53.07955834542672
2025-08-21,VOL,px,42.27788212303856
2025-08-22,EURUSD,px,1.0889419489759353
2025-08-22,GOLD,px,1476.2413542945646
2025-08-22,HYG,px,57.21008975255005
2025-08-22,LQD,px,117.04899338921861
2025-08-22,MKT_US,px,188.2819887165229
2025-08-22,OIL,px,67.09071815069579
2025-08-22,QQQ,px,123.36589714691128
2025-08-22,RATES_US10Y,yield,0.011449024669677954
2025-08-22,SPY,px,183.00903033665656
2025-08-22,TBILL3M_YIELD,yield,0.02981618019265447
2025-08-22,US10Y_YIELD,yield,0.08
2025-08-22,US2Y_YIELD,yield,0.08
2025-08-22,US30Y_YIELD,yield,0.08
2025-08-22,USD,px,106.55839169588475
2025-08-22,USDJPY,px,102.64369058066347
2025-08-22,VIX,px,63.05754780364656
2025-08-22,VOL,px,50.15860702867858
2025-08-25,EURUSD,px,1.0833702091913802
2025-08-25,GOLD,px,1478.7750645961717
2025-08-25,HYG,px,57.464857246261836
2025-08-25,LQD,px,117.18595487239071
2025-08-25,MKT_US,px,188.93603688511342
2025-08-25,OIL,px,65.2085763892083
2025-08-25,QQQ,px,123.84676248854556
2025-08-25,RATES_US10Y,yield,0.012588088867970679
2025-08-25,SPY,px,181.62463359386618
2025-08-25,TBILL3M_YIELD,yield,0.030805431458236533
2025-08-25,US10Y_YIELD,yield,0.08
2025-08-25,US2Y_YIELD,yield,0.08
2025-08-25,US30Y_YIELD,yield,0.08
2025-08-25,USD,px,106.96116909340918
2025-08-25,USDJPY,px,102.81262782637609
2025-08-25,VIX,px,61.695231305223594
2025-08-25,VOL,px,49.49506627515064
2025-08-26,EURUSD,px,1.0816884410897207
2025-08-26,GOLD,px,1474.8725274923852
2025-08-26,HYG,px,57.472476043050406
2025-08-26,LQD,px,116.82718279141658
2025-08-26,MKT_US,px,188.76159996790147
2025-08-26,OIL,px,64.70962053500888
2025-08-26,QQQ,px,123.82869070359905
2025-08-26,RATES_US10Y,yield,0.011773250442982884
2025-08-26,SPY,px,182.09057439800304
2025-08-26,TBILL3M_YIELD,yield,0.029613276135849933
2025-08-26,US10Y_YIELD,yield,0.08
2025-08-26,US2Y_YIELD,yield,0.08
2025-08-26,US30Y_YIELD,yield,0.08
2025-08-26,USD,px,107.09562247645341
2025-08-26,USDJPY,px,102.74194270262326
2025-08-26,VIX,px,61.12249086434497
2025-08-26,VOL,px,48.59102831532366
2025-08-27,EURUSD,px,1.0885073474023175
2025-08-27,GOLD,px,1504.4467665645018
2025-08-27,HYG,px,57.2620541484219
2025-08-27,LQD,px,117.3209437608697
2025-08-27,MKT_US,px,185.75186499336252
2025-08-27,OIL,px,65.20854318498867
2025-08-27,QQQ,px,121.39948641526595
2025-08-27,RATES_US10Y,yield,0.012181694842704885
2025-08-27,SPY,px,177.87997857159246
2025-08-27,TBILL3M_YIELD,yield,0.03211523914282939
2025-08-27,US10Y_YIELD,yield,0.08
2025-08-27,US2Y_YIELD,yield,0.08
2025-08-27,US30Y_YIELD,yield,0.08
2025-08-27,USD,px,107.5353426535778
2025-08-27,USDJPY,px,103.10258598309662
2025-08-27,VIX,px,65.30963148399645
2025-08-27,VOL,px,51.85563265652559
2025-08-28,EURUSD,px,1.075009500411159
2025-08-28,GOLD,px,1503.9205277546596
2025-08-28,HYG,px,57.38572397017203
2025-08-28,LQD,px,117.54683312006676
2025-08-28,MKT_US,px,185.1140834880323
2025-08-28,OIL,px,64.09442210636861
2025-08-28,QQQ,px,120.83586010235858
2025-08-28,RATES_US10Y,yield,0.01180895093676117
2025-08-28,SPY,px,177.3265929438803
2025-08-28,TBILL3M_YIELD,yield,0.031477080448367195
2025-08-28,US10Y_YIELD,yield,0.08
2025-08-28,US2Y_YIELD,yield,0.08
2025-08-28,US30Y_YIELD,yield,0.08
2025-08-28,USD,px,108.70377061260477
2025-08-28,USDJPY,px,103.19849205776215
2025-08-28,VIX,px,64.11016808801693
2025-08-28,VOL,px,50.896834725397525
2025-08-29,EURUSD,px,1.0689206432599376
2025-08-29,GOLD,px,1495.5098088550642
2025-08-29,HYG,px,58.07329475025268
2025-08-29,LQD,px,117.93315745515392
2025-08-29,MKT_US,px,186.247793013901
2025-08-29,OIL,px,63.33827851311835
2025-08-29,QQQ,px,121.27877610048016
2025-08-29,RATES_US10Y,yield,0.011073881548907153
2025-08-29,SPY,px,177.73363227413714
2025-08-29,TBILL3M_YIELD,yield,0.029564715321529968
2025-08-29,US10Y_YIELD,yield,0.08
2025-08-29,US2Y_YIELD,yield,0.08
2025-08-29,US30Y_YIELD,yield,0.08
2025-08-29,USD,px,109.17085284508723
2025-08-29,USDJPY,px,102.98604558354761
2025-08-29,VIX,px,62.42038047574282
2025-08-29,VOL,px,49.65512658405513
2025-09-01,EURUSD,px,1.0532801617024596
2025-09-01,GOLD,px,1508.4070884691566
2025-09-01,HYG,px,58.088376768308194
2025-09-01,LQD,px,117.24111655043062
2025-09-01,MKT_US,px,185.73921735777205
2025-09-01,OIL,px,62.74641413030092
2025-09-01,QQQ,px,120.17365534183384
2025-09-01,RATES_US10Y,yield,0.010903949995493795
2025-09-01,SPY,px,176.89630232816359
2025-09-01,TBILL3M_YIELD,yield,0.029013644923506467
2025-09-01,US10Y_YIELD,yield,0.08
2025-09-01,US2Y_YIELD,yield,0.08
2025-09-01,US30Y_YIELD,yield,0.08
2025-09-01,USD,px,110.3578725086519
2025-09-01,USDJPY,px,104.0000327605807
2025-09-01,VIX,px,62.08996592313587
2025-09-01,VOL,px,49.510147385628
2025-09-02,EURUSD,px,1.0555728837683827
2025-09-02,GOLD,px,1524.8337988295943
2025-09-02,HYG,px,57.20868462601168
2025-09-02,LQD,px,117.58173589400812
2025-09-02,MKT_US,px,183.12554158747727
2025-09-02,OIL,px,63.24034482970823
2025-09-02,QQQ,px,118.093221887839
2025-09-02,RATES_US10Y,yield,0.010208709842472848
2025-09-02,SPY,px,175.1978238481237
2025-09-02,TBILL3M_YIELD,yield,0.029353840814082908
2025-09-02,US10Y_YIELD,yield,0.08
2025-09-02,US2Y_YIELD,yield,0.08
2025-09-02,US30Y_YIELD,yield,0.08
2025-09-02,USD,px,109.83155576767236
2025-09-02,USDJPY,px,103.93254631504708
2025-09-02,VIX,px,63.900222809995086
2025-09-02,VOL,px,50.911981485083324
2025-09-03,EURUSD,px,1.0519128706820364
2025-09-03,GOLD,px,1515.9099615368716
2025-09-03,HYG,px,57.47637832842469
2025-09-03,LQD,px,117.16389094865808
2025-09-03,MKT_US,px,183.3161302458862
2025-09-03,OIL,px,63.02819693661338
2025-09-03,QQQ,px,117.89013888938453
2025-09-03,RATES_US10Y,yield,0.01016689236709258
2025-09-03,SPY,px,175.1302406612845
2025-09-03,TBILL3M_YIELD,yield,0.02878913786435976
2025-09-03,US10Y_YIELD,yield,0.08
2025-09-03,US2Y_YIELD,yield,0.08
2025-09-03,US30Y_YIELD,yield,0.08
2025-09-03,USD,px,110.4422484476147
2025-09-03,USDJPY,px,104.12952769784333
2025-09-03,VIX,px,64.05730667506128
2025-09-03,VOL,px,51.40709792536733
2025-09-04,EURUSD,px,1.0673842566528418
2025-09-04,GOLD,px,1528.3759933786716
2025-09-04,HYG,px,57.64180143861875
2025-09-04,LQD,px,116.62054135615297
2025-09-04,MKT_US,px,183.5390570524709
2025-09-04,OIL,px,62.37049401739252
2025-09-04,QQQ,px,117.73619548209554
2025-09-04,RATES_US10Y,yield,0.011078138897013106
2025-09-04,SPY,px,174.96517944779836
2025-09-04,TBILL3M_YIELD,yield,0.030662973029966043
2025-09-04,US10Y_YIELD,yield,0.08
2025-09-04,US2Y_YIELD,yield,0.08
2025-09-04,US30Y_YIELD,yield,0.08
2025-09-04,USD,px,110.52646567220295
2025-09-04,USDJPY,px,104.37948737974054
2025-09-04,VIX,px,65.8746662201402
2025-09-04,VOL,px,52.809092599542225
2025-09-05,EURUSD,px,1.0598950494922799
2025-09-05,GOLD,px,1528.0108878005715
2025-09-05,HYG,px,57.65035026731072
2025-09-05,LQD,px,116.81117665625682
2025-09-05,MKT_US,px,181.19612020946124
2025-09-05,OIL,px,62.778717879755014
2025-09-05,QQQ,px,115.87149462744443
2025-09-05,RATES_US10Y,yield,0.01162916838340206
2025-09-05,SPY,px,172.28593715379634
2025-09-05,TBILL3M_YIELD,yield,0.03144137543542072
2025-09-05,US10Y_YIELD,yield,0.08
2025-09-05,US2Y_YIELD,yield,0.08
2025-09-05,US30Y_YIELD,yield,0.08
2025-09-05,USD,px,111.56977477949872
2025-09-05,USDJPY,px,104.73909993796819
2025-09-05,VIX,px,65.7577683191874
2025-09-05,VOL,px,52.76830274656125
2025-09-08,EURUSD,px,1.0586998185791823
2025-09-08,GOLD,px,1503.8290211340088
2025-09-08,HYG,px,57.66317087187568
2025-09-08,LQD,px,116.85987666083928
2025-09-08,MKT_US,px,180.7842125344936
2025-09-08,OIL,px,62.18443471055622
2025-09-08,QQQ,px,116.1539530929642
2025-09-08,RATES_US10Y,yield,0.01140202993795656
2025-09-08,SPY,px,171.96568965279164
2025-09-08,TBILL3M_YIELD,yield,0.030828916450540995
2025-09-08,US10Y_YIELD,yield,0.08
2025-09-08,US2Y_YIELD,yield,0.08
2025-09-08,US30Y_YIELD,yield,0.08
2025-09-08,USD,px,112.29009416963385
2025-09-08,USDJPY,px,105.39594813375935
2025-09-08,VIX,px,65.6439536319668
2025-09-08,VOL,px,52.40872435497468
2025-09-09,EURUSD,px,1.0682141842535364
2025-09-09,GOLD,px,1524.5369704826146
2025-09-09,HYG,px,57.908799786555555
2025-09-09,LQD,px,117.02344533949595
2025-09-09,MKT_US,px,181.03128143197517
2025-09-09,OIL,px,61.679467132898026
2025-09-09,QQQ,px,116.2543190963595
2025-09-09,RATES_US10Y,yield,0.011055280050102374
2025-09-09,SPY,px,172.08385492529513
2025-09-09,TBILL3M_YIELD,yield,0.028636622431447083
2025-09-09,US10Y_YIELD,yield,0.08
2025-09-09,US2Y_YIELD,yield,0.08
2025-09-09,US30Y_YIELD,yield,0.08
2025-09-09,USD,px,111.61971888922541
2025-09-09,USDJPY,px,104.74770400149959
2025-09-09,VIX,px,63.83067179622904
2025-09-09,VOL,px,51.11799121741863
2025-09-10,EURUSD,px,1.069054546083434
2025-09-10,GOLD,px,1515.845757534948
2025-09-10,HYG,px,57.78226248044403
2025-09-10,LQD,px,116.27481640268367
2025-09-10,MKT_US,px,179.99762219821034
2025-09-10,OIL,px,60.82284503770244
2025-09-10,QQQ,px,115.10885694384763
2025-09-10,RATES_US10Y,yield,0.011218779892669601
2025-09-10,SPY,px,170.01220845776277
2025-09-10,TBILL3M_YIELD,yield,0.02820475247629434
2025-09-10,US10Y_YIELD,yield,0.08
2025-09-10,US2Y_YIELD,yield,0.07982176926818071
2025-09-10,US30Y_YIELD,yield,0.08
2025-09-10,USD,px,111.6911504755507
2025-09-10,USDJPY,px,104.17410367859001
2025-09-10,VIX,px,63.45704211460375
2025-09-10,VOL,px,50.56290003732405
2025-09-11,EURUSD,px,1.0702478535540552
2025-09-11,GOLD,px,1510.127222840253
2025-09-11,HYG,px,57.55486147966264
2025-09-11,LQD,px,116.05254388897573
2025-09-11,MKT_US,px,179.98272571166217
2025-09-11,OIL,px,60.51373669523177
2025-09-11,QQQ,px,114.94577616392618
2025-09-11,RATES_US10Y,yield,0.011348678113818931
2025-09-11,SPY,px,170.12452659371286
2025-09-11,TBILL3M_YIELD,yield,0.029097014306186286
2025-09-11,US10Y_YIELD,yield,0.08
2025-09-11,US2Y_YIELD,yield,0.08
2025-09-11,US30Y_YIELD,yield,0.08
2025-09-11,USD,px,111.71891070833671
2025-09-11,USDJPY,px,104.6371867354863
2025-09-11,VIX,px,65.61138403516003
2025-09-11,VOL,px,52.173824711053825
2025-09-12,EURUSD,px,1.0792023146941645
2025-09-12,GOLD,px,1522.5183817974523
2025-09-12,HYG,px,55.73241344771544
2025-09-12,LQD,px,115.46854314335765
2025-09-12,MKT_US,px,174.48253624162982
2025-09-12,OIL,px,61.61745129461339
2025-09-12,QQQ,px,110.39870600420396
2025-09-12,RATES_US10Y,yield,0.01214190327533462
2025-09-12,SPY,px,164.96253228557381
2025-09-12,TBILL3M_YIELD,yield,0.03405197311130737
2025-09-12,US10Y_YIELD,yield,0.08
2025-09-12,US2Y_YIELD,yield,0.08
2025-09-12,US30Y_YIELD,yield,0.08
2025-09-12,USD,px,111.3492244784204
2025-09-12,USDJPY,px,104.82562189891046
2025-09-12,VIX,px,74.52280425020847
2025-09-12,VOL,px,59.487080378444304
2025-09-15,EURUSD,px,1.0789435699313583
2025-09-15,GOLD,px,1504.4117874001438
2025-09-15,HYG,px,55.63247564640199
2025-09-15,LQD,px,115.17256031081845
2025-09-15,MKT_US,px,175.97007024542717
2025-09-15,OIL,px,60.80404142948514
2025-09-15,QQQ,px,111.51206825195405
2025-09-15,RATES_US10Y,yield,0.013705375385127625
2025-09-15,SPY,px,166.61050124077204
2025-09-15,TBILL3M_YIELD,yield,0.037135184244913216
2025-09-15,US10Y_YIELD,yield,0.08
2025-09-15,US2Y_YIELD,yield,0.08
2025-09-15,US30Y_YIELD,yield,0.08
2025-09-15,USD,px,111.94719896909142
2025-09-15,USDJPY,px,105.20704546102874
2025-09-15,VIX,px,75.14236457189487
2025-09-15,VOL,px,60.39875069920041
2025-09-16,EURUSD,px,1.0799390834871223
2025-09-16,GOLD,px,1488.2269203910832
2025-09-16,HYG,px,55.095636937567086
2025-09-16,LQD,px,114.8731200806339
2025-09-16,MKT_US,px,173.83277140014252
2025-09-16,OIL,px,60.607065009017404
2025-09-16,QQQ,px,110.38626859631988
2025-09-16,RATES_US10Y,yield,0.014121208637935572
2025-09-16,SPY,px,164.97120538822355
2025-09-16,TBILL3M_YIELD,yield,0.038283586657108265
2025-09-16,US10Y_YIELD,yield,0.08
2025-09-16,US2Y_YIELD,yield,0.08
2025-09-16,US30Y_YIELD,yield,0.08
2025-09-16,USD,px,112.15650296697713
2025-09-16,USDJPY,px,104.96750740970958
2025-09-16,VIX,px,76.32192508219032
2025-09-16,VOL,px,61.168210616930864
2025-09-17,EURUSD,px,1.0800692950545727
2025-09-17,GOLD,px,1475.8122279536744
2025-09-17,HYG,px,55.143729566818514
2025-09-17,LQD,px,114.9175276335393
2025-09-17,MKT_US,px,174.097638654452
2025-09-17,OIL,px,61.23315918561205
2025-09-17,QQQ,px,110.86334357642428
2025-09-17,RATES_US10Y,yield,0.013987473613548147
2025-09-17,SPY,px,165.59181667210208
2025-09-17,TBILL3M_YIELD,yield,0.03796430313563348
2025-09-17,US10Y_YIELD,yield,0.08
2025-09-17,US2Y_YIELD,yield,0.08
2025-09-17,US30Y_YIELD,yield,0.08
2025-09-17,USD,px,112.27936844630837
2025-09-17,USDJPY,px,105.19048782771742
2025-09-17,VIX,px,76.52591719605162
2025-09-17,VOL,px,61.113646116916776
2025-09-18,EURUSD,px,1.0722743205954497
2025-09-18,GOLD,px,1463.7688998915353
2025-09-18,HYG,px,55.252913254170885
2025-09-18,LQD,px,115.19297422448241
2025-09-18,MKT_US,px,174.52964359079854
2025-09-18,OIL,px,61.192234424930774
2025-09-18,QQQ,px,110.49695319489658
2025-09-18,RATES_US10Y,yield,0.014072994106840696
2025-09-18,SPY,px,164.99310358614855
2025-09-18,TBILL3M_YIELD,yield,0.03759806828166807
2025-09-18,US10Y_YIELD,yield,0.08
2025-09-18,US2Y_YIELD,yield,0.08
2025-09-18,US30Y_YIELD,yield,0.08
2025-09-18,USD,px,112.42003826905969
2025-09-18,USDJPY,px,105.78932013816629
2025-09-18,VIX,px,76.15967920132753
2025-09-18,VOL,px,60.7867176678454
2025-09-19,EURUSD,px,1.0694335487908302
2025-09-19,GOLD,px,1460.7027025329087
2025-09-19,HYG,px,54.98034189891735
2025-09-19,LQD,px,115.18606484677414
2025-09-19,MKT_US,px,173.27436158245217
2025-09-19,OIL,px,61.74952961941892
2025-09-19,QQQ,px,109.66657013101849
2025-09-19,RATES_US10Y,yield,0.013492190605983426
2025-09-19,SPY,px,163.7216347045023
2025-09-19,TBILL3M_YIELD,yield,0.036618807404730294
2025-09-19,US10Y_YIELD,yield,0.08
2025-09-19,US2Y_YIELD,yield,0.08
2025-09-19,US30Y_YIELD,yield,0.08
2025-09-19,USD,px,113.30820393193643
2025-09-19,USDJPY,px,105.96173730929812
2025-09-19,VIX,px,76.58538408400645
2025-09-19,VOL,px,60.751794273056916
2025-09-22,EURUSD,px,1.0677327031119046
2025-09-22,GOLD,px,1474.694553049312
2025-09-22,HYG,px,54.623702773629056
2025-09-22,LQD,px,115.01224327268045
2025-09-22,MKT_US,px,174.3633270069946
2025-09-22,OIL,px,60.74271501610436
2025-09-22,QQQ,px,109.37501485304264
2025-09-22,RATES_US10Y,yield,0.013047482816892823
2025-09-22,SPY,px,162.97975163587802
2025-09-22,TBILL3M_YIELD,yield,0.03593191023485531
2025-09-22,US10Y_YIELD,yield,0.08
2025-09-22,US2Y_YIELD,yield,0.08
2025-09-22,US30Y_YIELD,yield,0.08
2025-09-22,USD,px,113.61285595584174
2025-09-22,USDJPY,px,106.073599492859
2025-09-22,VIX,px,77.35668192250988
2025-09-22,VOL,px,61.7791667382535
2025-09-23,EURUSD,px,1.0785220818537506
2025-09-23,GOLD,px,1471.0084002893752
2025-09-23,HYG,px,54.645945166879386
2025-09-23,LQD,px,115.97079144923342
2025-09-23,MKT_US,px,173.21941629634395
2025-09-23,OIL,px,61.507207794464435
2025-09-23,QQQ,px,108.19367119752515
2025-09-23,RATES_US10Y,yield,0.012254171984459793
2025-09-23,SPY,px,162.8259588859969
2025-09-23,TBILL3M_YIELD,yield,0.03524583712581275
2025-09-23,US10Y_YIELD,yield,0.08
2025-09-23,US2Y_YIELD,yield,0.08
2025-09-23,US30Y_YIELD,yield,0.08
2025-09-23,USD,px,112.17781433160094
2025-09-23,USDJPY,px,105.40897245770935
2025-09-23,VIX,px,78.24890202598212
2025-09-23,VOL,px,62.4058257001808
2025-09-24,EURUSD,px,1.0741378240392307
2025-09-24,GOLD,px,1472.49230297086
2025-09-24,HYG,px,54.516850263668495
2025-09-24,LQD,px,115.5567155563144
2025-09-24,MKT_US,px,173.0007638151402
2025-09-24,OIL,px,62.46676477206827
2025-09-24,QQQ,px,108.55823895889596
2025-09-24,RATES_US10Y,yield,0.011731417564758553
2025-09-24,SPY,px,164.10788276344965
2025-09-24,TBILL3M_YIELD,yield,0.034881230116360296
2025-09-24,US10Y_YIELD,yield,0.08
2025-09-24,US2Y_YIELD,yield,0.08
2025-09-24,US30Y_YIELD,yield,0.08
2025-09-24,USD,px,112.29812551955382
2025-09-24,USDJPY,px,105.46472018618486
2025-09-24,VIX,px,78.63503074430575
2025-09-24,VOL,px,63.22958791909473
2025-09-25,EURUSD,px,1.0771947813825056
2025-09-25,GOLD,px,1482.9278975113325
2025-09-25,HYG,px,54.51246643825832
2025-09-25,LQD,px,116.01625497729101
2025-09-25,MKT_US,px,172.89573128635573
2025-09-25,OIL,px,62.608522558136556
2025-09-25,QQQ,px,107.94663670925469
2025-09-25,RATES_US10Y,yield,0.01183004175973714
2025-09-25,SPY,px,164.10192602001572
2025-09-25,TBILL3M_YIELD,yield,0.03474923189040445
2025-09-25,US10Y_YIELD,yield,0.08
2025-09-25,US2Y_YIELD,yield,0.08
2025-09-25,US30Y_YIELD,yield,0.08
2025-09-25,USD,px,111.99732315118827
2025-09-25,USDJPY,px,104.7849478104072
2025-09-25,VIX,px,79.10573583914908
2025-09-25,VOL,px,63.24404075647304
2025-09-26,EURUSD,px,1.071295880986682
2025-09-26,GOLD,px,1471.8152412489972
2025-09-26,HYG,px,54.71973418572467
2025-09-26,LQD,px,116.17892722521403
2025-09-26,MKT_US,px,172.33535475332584
2025-09-26,OIL,px,61.02239598625508
2025-09-26,QQQ,px,106.85557457384176
2025-09-26,RATES_US10Y,yield,0.012875477557197628
2025-09-26,SPY,px,163.15386288165087
2025-09-26,TBILL3M_YIELD,yield,0.034611990674244225
2025-09-26,US10Y_YIELD,yield,0.08
2025-09-26,US2Y_YIELD,yield,0.08
2025-09-26,US30Y_YIELD,yield,0.08
2025-09-26,USD,px,112.21822372968727
2025-09-26,USDJPY,px,104.69777093462862
2025-09-26,VIX,px,77.40930335564092
2025-09-26,VOL,px,61.925429632758785
2025-09-29,EURUSD,px,1.0712886683015754
2025-09-29,GOLD,px,1470.8887284949517
2025-09-29,HYG,px,54.17213349992773
2025-09-29,LQD,px,116.74972272483744
2025-09-29,MKT_US,px,172.03120554900272
2025-09-29,OIL,px,60.313720362314506
2025-09-29,QQQ,px,106.4832879765939
2025-09-29,RATES_US10Y,yield,0.012670152472314563
2025-09-29,SPY,px,162.61908248226632
2025-09-29,TBILL3M_YIELD,yield,0.03454113884966857
2025-09-29,US10Y_YIELD,yield,0.08
2025-09-29,US2Y_YIELD,yield,0.08
2025-09-29,US30Y_YIELD,yield,0.08
2025-09-29,USD,px,111.98087483286218
2025-09-29,USDJPY,px,104.60905117687689
2025-09-29,VIX,px,76.59903477993198
2025-09-29,VOL,px,61.48968045602715
2025-09-30,EURUSD,px,1.0759307046238331
2025-09-30,GOLD,px,1458.2712123845552
2025-09-30,HYG,px,54.13826230551109
2025-09-30,LQD,px,116.53431658614451
2025-09-30,MKT_US,px,173.0808501064309
2025-09-30,OIL,px,60.84790760078508
2025-09-30,QQQ,px,107.34329530634248
2025-09-30,RATES_US10Y,yield,0.012493944214384739
2025-09-30,SPY,px,164.17934470699467
2025-09-30,TBILL3M_YIELD,yield,0.0334879942402212
2025-09-30,US10Y_YIELD,yield,0.08
2025-09-30,US2Y_YIELD,yield,0.08
2025-09-30,US30Y_YIELD,yield,0.08
2025-09-30,USD,px,111.68021189244
2025-09-30,USDJPY,px,104.43041698852798
2025-09-30,VIX,px,75.595439514206
2025-09-30,VOL,px,60.3200527652452
2025-10-01,EURUSD,px,1.0766885598552531
2025-10-01,GOLD,px,1472.9805631940148
2025-10-01,HYG,px,54.103929752867245
2025-10-01,LQD,px,116.93513990112541
2025-10-01,MKT_US,px,174.2074186277169
2025-10-01,OIL,px,61.81893965398564
2025-10-01,QQQ,px,107.44819136149434
2025-10-01,RATES_US10Y,yield,0.011870164708403812
2025-10-01,SPY,px,164.52076541715667
2025-10-01,TBILL3M_YIELD,yield,0.032925590260992024
2025-10-01,US10Y_YIELD,yield,0.08
2025-10-01,US2Y_YIELD,yield,0.08
2025-10-01,US30Y_YIELD,yield,0.08
2025-10-01,USD,px,111.69945729518464
2025-10-01,USDJPY,px,103.99561151063622
2025-10-01,VIX,px,77.01006711072743
2025-10-01,VOL,px,61.691780517636126
2025-10-02,EURUSD,px,1.0776677266237156
2025-10-02,GOLD,px,1477.1897617304992
2025-10-02,HYG,px,54.489659409618504
2025-10-02,LQD,px,117.08774713833196
2025-10-02,MKT_US,px,174.97940453595248
2025-10-02,OIL,px,61.876013713190055
2025-10-02,QQQ,px,107.7872817534878
2025-10-02,RATES_US10Y,yield,0.012808358911612115
2025-10-02,SPY,px,165.18712652086418
2025-10-02,TBILL3M_YIELD,yield,0.03357219612868477
2025-10-02,US10Y_YIELD,yield,0.08
2025-10-02,US2Y_YIELD,yield,0.08
2025-10-02,US30Y_YIELD,yield,0.08
2025-10-02,USD,px,111.33018236726042
2025-10-02,USDJPY,px,103.59169432158355
2025-10-02,VIX,px,73.81502351739063
2025-10-02,VOL,px,59.34015230940688
2025-10-03,EURUSD,px,1.076366716468842
2025-10-03,GOLD,px,1474.5981366394021
2025-10-03,HYG,px,54.164333966303325
2025-10-03,LQD,px,116.85135539415235
2025-10-03,MKT_US,px,175.0177857317898
2025-10-03,OIL,px,62.832123036145916
2025-10-03,QQQ,px,107.80446703234925
2025-10-03,RATES_US10Y,yield,0.013123365889158318
2025-10-03,SPY,px,165.51617796949043
2025-10-03,TBILL3M_YIELD,yield,0.03396847960973866
2025-10-03,US10Y_YIELD,yield,0.08
2025-10-03,US2Y_YIELD,yield,0.08
2025-10-03,US30Y_YIELD,yield,0.08
2025-10-03,USD,px,110.90544327229168
2025-10-03,USDJPY,px,103.44630504773654
2025-10-03,VIX,px,74.01275745586467
2025-10-03,VOL,px,59.29870193719033
2025-10-06,EURUSD,px,1.080120249234052
2025-10-06,GOLD,px,1467.1691545950205
2025-10-06,HYG,px,53.2116836683885
2025-10-06,LQD,px,116.47071043138149
2025-10-06,MKT_US,px,170.95619643540002
2025-10-06,OIL,px,62.576832153263815
2025-10-06,QQQ,px,104.46362096087819
2025-10-06,RATES_US10Y,yield,0.014099613412420843
2025-10-06,SPY,px,161.30831788552246
2025-10-06,TBILL3M_YIELD,yield,0.037425918582120264
2025-10-06,US10Y_YIELD,yield,0.08
2025-10-06,US2Y_YIELD,yield,0.08
2025-10-06,US30Y_YIELD,yield,0.08
2025-10-06,USD,px,109.8587801678453
2025-10-06,USDJPY,px,103.2213541049466
2025-10-06,VIX,px,78.22100955585344
2025-10-06,VOL,px,62.48491255022444
2025-10-07,EURUSD,px,1.0814092118944494
2025-10-07,GOLD,px,1467.7676876400221
2025-10-07,HYG,px,53.148910932144496
2025-10-07,LQD,px,116.03411279546597
2025-10-07,MKT_US,px,171.22297497728385
2025-10-07,OIL,px,62.61930772139707
2025-10-07,QQQ,px,104.80469987406346
2025-10-07,RATES_US10Y,yield,0.014750726037869694
2025-10-07,SPY,px,162.85463465361912
2025-10-07,TBILL3M_YIELD,yield,0.03803117699955395
2025-10-07,US10Y_YIELD,yield,0.08
2025-10-07,US2Y_YIELD,yield,0.08
2025-10-07,US30Y_YIELD,yield,0.08
2025-10-07,USD,px,109.86531949153253
2025-10-07,USDJPY,px,102.8362637338889
2025-10-07,VIX,px,77.85174256928293
2025-10-07,VOL,px,62.19718677554481
2025-10-08,EURUSD,px,1.072181922329569
2025-10-08,GOLD,px,1462.3140174025577
2025-10-08,HYG,px,53.49002041614825
2025-10-08,LQD,px,115.78313164867151
2025-10-08,MKT_US,px,170.53214313799143
2025-10-08,OIL,px,62.52604258978944
2025-10-08,QQQ,px,104.457011107846
2025-10-08,RATES_US10Y,yield,0.015841453783360313
2025-10-08,SPY,px,162.17901352532567
2025-10-08,TBILL3M_YIELD,yield,0.03855158807389575
2025-10-08,US10Y_YIELD,yield,0.08
2025-10-08,US2Y_YIELD,yield,0.08
2025-10-08,US30Y_YIELD,yield,0.08
2025-10-08,USD,px,109.69839617010389
2025-10-08,USDJPY,px,103.2444366679366
2025-10-08,VIX,px,76.22102250894918
2025-10-08,VOL,px,60.82590196715891
2025-10-09,EURUSD,px,1.0674905412891134
2025-10-09,GOLD,px,1464.697688943581
2025-10-09,HYG,px,53.271817124204375
2025-10-09,LQD,px,115.6866905272456
2025-10-09,MKT_US,px,168.24109648267273
2025-10-09,OIL,px,62.701648490918124
2025-10-09,QQQ,px,102.76191123156467
2025-10-09,RATES_US10Y,yield,0.015590411560292259
2025-10-09,SPY,px,159.90880265904684
2025-10-09,TBILL3M_YIELD,yield,0.038345469611288555
2025-10-09,US10Y_YIELD,yield,0.08
2025-10-09,US2Y_YIELD,yield,0.08
2025-10-09,US30Y_YIELD,yield,0.08
2025-10-09,USD,px,110.4492264611314
2025-10-09,USDJPY,px,103.21810479383517
2025-10-09,VIX,px,76.68673149837022
2025-10-09,VOL,px,60.672138486677994
2025-10-10,EURUSD,px,1.06721848409409
2025-10-10,GOLD,px,1469.227980931653
2025-10-10,HYG,px,52.80194294734235
2025-10-10,LQD,px,115.64668936075874
2025-10-10,MKT_US,px,168.01634822767082
2025-10-10,OIL,px,61.52699416144693
2025-10-10,QQQ,px,102.24056826598661
2025-10-10,RATES_US10Y,yield,0.015967438368806784
2025-10-10,SPY,px,159.09236758010746
2025-10-10,TBILL3M_YIELD,yield,0.04010030077456498
2025-10-10,US10Y_YIELD,yield,0.08
2025-10-10,US2Y_YIELD,yield,0.08
2025-10-10,US30Y_YIELD,yield,0.08
2025-10-10,USD,px,110.07481000480182
2025-10-10,USDJPY,px,103.43203209958197
2025-10-10,VIX,px,78.84028005180926
2025-10-10,VOL,px,62.38745149047061
2025-10-13,EURUSD,px,1.0613587567747769
2025-10-13,GOLD,px,1461.240884315706
2025-10-13,HYG,px,52.82168121146897
2025-10-13,LQD,px,115.10695294754318
2025-10-13,MKT_US,px,168.9638195393967
2025-10-13,OIL,px,61.96883550546065
2025-10-13,QQQ,px,103.99611338774906
2025-10-13,RATES_US10Y,yield,0.017569183775426014
2025-10-13,SPY,px,160.64014013086455
2025-10-13,TBILL3M_YIELD,yield,0.042728047845865355
2025-10-13,US10Y_YIELD,yield,0.08
2025-10-13,US2Y_YIELD,yield,0.08
2025-10-13,US30Y_YIELD,yield,0.08
2025-10-13,USD,px,110.4531231245694
2025-10-13,USDJPY,px,104.14574067495892
2025-10-13,VIX,px,78.00082877464374
2025-10-13,VOL,px,62.10059147116434
2025-10-14,EURUSD,px,1.062646277529682
2025-10-14,GOLD,px,1467.3858434451229
2025-10-14,HYG,px,52.349031398376944
2025-10-14,LQD,px,114.74037748077855
2025-10-14,MKT_US,px,166.07896731339903
2025-10-14,OIL,px,62.847262329887876
2025-10-14,QQQ,px,102.29747766008576
2025-10-14,RATES_US10Y,yield,0.016553883136232576
2025-10-14,SPY,px,158.22821151013432
2025-10-14,TBILL3M_YIELD,yield,0.04146143013019832
2025-10-14,US10Y_YIELD,yield,0.08
2025-10-14,US2Y_YIELD,yield,0.08
2025-10-14,US30Y_YIELD,yield,0.08
2025-10-14,USD,px,109.85876633145655
2025-10-14,USDJPY,px,103.6011049942904
2025-10-14,VIX,px,79.41393828287293
2025-10-14,VOL,px,62.72319694996108
2025-10-15,EURUSD,px,1.060002100195598
2025-10-15,GOLD,px,1479.522664575701
2025-10-15,HYG,px,52.01102571295201
2025-10-15,LQD,px,114.33398846972621
2025-10-15,MKT_US,px,164.07379420214565
2025-10-15,OIL,px,62.1217505520461
2025-10-15,QQQ,px,101.22861651686924
2025-10-15,RATES_US10Y,yield,0.017614586116657924
2025-10-15,SPY,px,156.89547967841247
2025-10-15,TBILL3M_YIELD,yield,0.04262935450846798
2025-10-15,US10Y_YIELD,yield,0.08
2025-10-15,US2Y_YIELD,yield,0.08
2025-10-15,US30Y_YIELD,yield,0.08
2025-10-15,USD,px,109.6660371322619
2025-10-15,USDJPY,px,103.67817678614088
2025-10-15,VIX,px,79.75324006509581
2025-10-15,VOL,px,62.961941697004384
2025-10-16,EURUSD,px,1.0540512341132282
2025-10-16,GOLD,px,1475.995452152131
2025-10-16,HYG,px,51.88545416159774
2025-10-16,LQD,px,114.08868611601454
2025-10-16,MKT_US,px,163.79095598900022
2025-10-16,OIL,px,61.17169496325293
2025-10-16,QQQ,px,100.60255726446516
2025-10-16,RATES_US10Y,yield,0.018735616995837718
2025-10-16,SPY,px,155.85892997053398
2025-10-16,TBILL3M_YIELD,yield,0.04425004835591562
2025-10-16,US10Y_YIELD,yield,0.08
2025-10-16,US2Y_YIELD,yield,0.08
2025-10-16,US30Y_YIELD,yield,0.08
2025-10-16,USD,px,109.50378611289437
2025-10-16,USDJPY,px,103.92240482670461
2025-10-16,VIX,px,79.63141611136301
2025-10-16,VOL,px,62.53924715717718
2025-10-17,EURUSD,px,1.0502442388965851
2025-10-17,GOLD,px,1485.8707877136856
2025-10-17,HYG,px,50.86535420635549
2025-10-17,LQD,px,113.37037514875989
2025-10-17,MKT_US,px,159.05810514453438
2025-10-17,OIL,px,61.921733571754494
2025-10-17,QQQ,px,97.95508112682128
2025-10-17,RATES_US10Y,yield,0.0192733941226741
2025-10-17,SPY,px,152.49541468330028
2025-10-17,TBILL3M_YIELD,yield,0.04663927321733567
2025-10-17,US10Y_YIELD,yield,0.08
2025-10-17,US2Y_YIELD,yield,0.08
2025-10-17,US30Y_YIELD,yield,0.08
2025-10-17,USD,px,110.45254104313271
2025-10-17,USDJPY,px,104.51845251602654
2025-10-17,VIX,px,85.39868551140657
2025-10-17,VOL,px,66.77928143910725
2025-10-20,EURUSD,px,1.0520609672136363
2025-10-20,GOLD,px,1491.709145895051
2025-10-20,HYG,px,51.13240432822726
2025-10-20,LQD,px,113.7637670786158
2025-10-20,MKT_US,px,158.9726814249823
2025-10-20,OIL,px,61.44206008425605
2025-10-20,QQQ,px,98.17522458698531
2025-10-20,RATES_US10Y,yield,0.01964250353998724
2025-10-20,SPY,px,152.57679721791126
2025-10-20,TBILL3M_YIELD,yield,0.047705773398954224
2025-10-20,US10Y_YIELD,yield,0.08
2025-10-20,US2Y_YIELD,yield,0.08
2025-10-20,US30Y_YIELD,yield,0.08
2025-10-20,USD,px,110.25605547243845
2025-10-20,USDJPY,px,104.1443637886144
2025-10-20,VIX,px,85.29315656688382
2025-10-20,VOL,px,66.73857045376997
2025-10-21,EURUSD,px,1.0603228709834778
2025-10-21,GOLD,px,1483.1053542279035
2025-10-21,HYG,px,51.17470773986348
2025-10-21,LQD,px,113.72596393612336
2025-10-21,MKT_US,px,159.28312326965616
2025-10-21,OIL,px,59.35096774515958
2025-10-21,QQQ,px,97.35427384703704
2025-10-21,RATES_US10Y,yield,0.020523002375232587
2025-10-21,SPY,px,151.04922119688035
2025-10-21,TBILL3M_YIELD,yield,0.04883604642845921
2025-10-21,US10Y_YIELD,yield,0.08
2025-10-21,US2Y_YIELD,yield,0.08
2025-10-21,US30Y_YIELD,yield,0.08
2025-10-21,USD,px,110.3139330358883
2025-10-21,USDJPY,px,103.9508473764004
2025-10-21,VIX,px,84.40767119977198
2025-10-21,VOL,px,66.25833043120683
2025-10-22,EURUSD,px,1.059904757260071
2025-10-22,GOLD,px,1489.534875540123
2025-10-22,HYG,px,49.8061939312169
2025-10-22,LQD,px,113.60210981815419
2025-10-22,MKT_US,px,154.94487767292827
2025-10-22,OIL,px,60.401911337687906
2025-10-22,QQQ,px,94.4447317753459
2025-10-22,RATES_US10Y,yield,0.01996567336694332
2025-10-22,SPY,px,146.42460255811687
2025-10-22,TBILL3M_YIELD,yield,0.051806219747373844
2025-10-22,US10Y_YIELD,yield,0.08
2025-10-22,US2Y_YIELD,yield,0.08
2025-10-22,US30Y_YIELD,yield,0.08
2025-10-22,USD,px,109.66411291810002
2025-10-22,USDJPY,px,103.85037954582413
2025-10-22,VIX,px,95.33220956477984
2025-10-22,VOL,px,74.72933161851056
2025-10-23,EURUSD,px,1.060372126054203
2025-10-23,GOLD,px,1480.8067128947532
2025-10-23,HYG,px,49.82693263627422
2025-10-23,LQD,px,113.12910760200218
2025-10-23,MKT_US,px,154.80681345512397
2025-10-23,OIL,px,60.74933185339573
2025-10-23,QQQ,px,94.28403426207866
2025-10-23,RATES_US10Y,yield,0.020208090964530974
2025-10-23,SPY,px,146.6919742526279
2025-10-23,TBILL3M_YIELD,yield,0.05206074909050021
2025-10-23,US10Y_YIELD,yield,0.08
2025-10-23,US2Y_YIELD,yield,0.08
2025-10-23,US30Y_YIELD,yield,0.08
2025-10-23,USD,px,109.29009330569124
2025-10-23,USDJPY,px,103.8872458642943
2025-10-23,VIX,px,96.13903119125703
2025-10-23,VOL,px,75.26860381087154
2025-10-24,EURUSD,px,1.0627882014261416
2025-10-24,GOLD,px,1481.1656916163663
2025-10-24,HYG,px,49.61294817991596
2025-10-24,LQD,px,113.0795779561833
2025-10-24,MKT_US,px,153.5943449896721
2025-10-24,OIL,px,60.204153273878525
2025-10-24,QQQ,px,93.51101442229432
2025-10-24,RATES_US10Y,yield,0.01973518432141323
2025-10-24,SPY,px,145.5958183720676
2025-10-24,TBILL3M_YIELD,yield,0.05182293418727324
2025-10-24,US10Y_YIELD,yield,0.08
2025-10-24,US2Y_YIELD,yield,0.08
2025-10-24,US30Y_YIELD,yield,0.08
2025-10-24,USD,px,108.83582172953317
2025-10-24,USDJPY,px,103.81947700218738
2025-10-24,VIX,px,97.00372943906238
2025-10-24,VOL,px,75.72396189262061
2025-10-27,EURUSD,px,1.0629991339171625
2025-10-27,GOLD,px,1481.8983061273088
2025-10-27,HYG,px,49.52744479161854
2025-10-27,LQD,px,113.58843824191652
2025-10-27,MKT_US,px,154.04715986725716
2025-10-27,OIL,px,61.52598752376729
2025-10-27,QQQ,px,93.70257223668577
2025-10-27,RATES_US10Y,yield,0.018856297789849267
2025-10-27,SPY,px,146.29734275259733
2025-10-27,TBILL3M_YIELD,yield,0.051565794250598165
2025-10-27,US10Y_YIELD,yield,0.08
2025-10-27,US2Y_YIELD,yield,0.08
2025-10-27,US30Y_YIELD,yield,0.08
2025-10-27,USD,px,108.83725140418561
2025-10-27,USDJPY,px,103.91726237893333
2025-10-27,VIX,px,98.39738879539992
2025-10-27,VOL,px,76.66460575881507
2025-10-28,EURUSD,px,1.0626262834597227
2025-10-28,GOLD,px,1498.1427600045288
2025-10-28,HYG,px,49.179825519686425
2025-10-28,LQD,px,113.2831680556468
2025-10-28,MKT_US,px,153.02399474271232
2025-10-28,OIL,px,61.62527616419254
2025-10-28,QQQ,px,92.81334160465092
2025-10-28,RATES_US10Y,yield,0.01855726120210341
2025-10-28,SPY,px,144.3536719616404
2025-10-28,TBILL3M_YIELD,yield,0.05115848246012529
2025-10-28,US10Y_YIELD,yield,0.08
2025-10-28,US2Y_YIELD,yield,0.08
2025-10-28,US30Y_YIELD,yield,0.08
2025-10-28,USD,px,109.02657618403688
2025-10-28,USDJPY,px,103.53932640615609
2025-10-28,VIX,px,99.11184267033988
2025-10-28,VOL,px,76.57895238529143
2025-10-29,EURUSD,px,1.050500025411868
2025-10-29,GOLD,px,1517.1526959983203
2025-10-29,HYG,px,49.15330458659479
2025-10-29,LQD,px,113.54408660243195
2025-10-29,MKT_US,px,152.31521666181771
2025-10-29,OIL,px,61.04672342920933
2025-10-29,QQQ,px,92.07533734919335
2025-10-29,RATES_US10Y,yield,0.018589056657610584
2025-10-29,SPY,px,143.71533535338784
2025-10-29,TBILL3M_YIELD,yield,0.050070882715491746
2025-10-29,US10Y_YIELD,yield,0.08
2025-10-29,US2Y_YIELD,yield,0.08
2025-10-29,US30Y_YIELD,yield,0.08
2025-10-29,USD,px,109.09082360730267
2025-10-29,USDJPY,px,103.4625761454383
2025-10-29,VIX,px,96.74042409485145
2025-10-29,VOL,px,74.73057911945114
2025-10-30,EURUSD,px,1.0567436622982957
2025-10-30,GOLD,px,1517.972446922163
2025-10-30,HYG,px,48.82303453838972
2025-10-30,LQD,px,113.586659562704
2025-10-30,MKT_US,px,149.41623038571257
2025-10-30,OIL,px,60.88201281281186
2025-10-30,QQQ,px,90.2152564268175
2025-10-30,RATES_US10Y,yield,0.01869480904994691
2025-10-30,SPY,px,140.4448053518134
2025-10-30,TBILL3M_YIELD,yield,0.05051189072384385
2025-10-30,US10Y_YIELD,yield,0.08
2025-10-30,US2Y_YIELD,yield,0.08
2025-10-30,US30Y_YIELD,yield,0.08
2025-10-30,USD,px,108.77287909367716
2025-10-30,USDJPY,px,103.30205982340495
2025-10-30,VIX,px,98.57756679236763
2025-10-30,VOL,px,75.22083726556404
2025-10-31,EURUSD,px,1.0531397541139331
2025-10-31,GOLD,px,1540.4150984408925
2025-10-31,HYG,px,49.09289677552362
2025-10-31,LQD,px,113.28686186366275
2025-10-31,MKT_US,px,152.2291784843321
2025-10-31,OIL,px,60.138851978716495
2025-10-31,QQQ,px,91.79187618293028
2025-10-31,RATES_US10Y,yield,0.019034073409359753
2025-10-31,SPY,px,142.13956516904486
2025-10-31,TBILL3M_YIELD,yield,0.050820375916547464
2025-10-31,US10Y_YIELD,yield,0.08
2025-10-31,US2Y_YIELD,yield,0.08
2025-10-31,US30Y_YIELD,yield,0.08
2025-10-31,USD,px,109.02048509799769
2025-10-31,USDJPY,px,103.30025611020358
2025-10-31,VIX,px,97.62548887852304
2025-10-31,VOL,px,74.90224427550467
2025-11-03,EURUSD,px,1.0508357234270118
2025-11-03,GOLD,px,1551.5110459323284
2025-11-03,HYG,px,49.40607260136832
2025-11-03,LQD,px,113.68335890078801
2025-11-03,MKT_US,px,152.01059314567271
2025-11-03,OIL,px,59.42614261294198
2025-11-03,QQQ,px,91.31072808330399
2025-11-03,RATES_US10Y,yield,0.01797634703509936
2025-11-03,SPY,px,141.63636392173203
2025-11-03,TBILL3M_YIELD,yield,0.04944169686001275
2025-11-03,US10Y_YIELD,yield,0.08
2025-11-03,US2Y_YIELD,yield,0.08
2025-11-03,US30Y_YIELD,yield,0.08
2025-11-03,USD,px,109.13564393969743
2025-11-03,USDJPY,px,103.34918488783588
2025-11-03,VIX,px,96.90019088658472
2025-11-03,VOL,px,74.4263946352571
2025-11-04,EURUSD,px,1.0467365506172575
2025-11-04,GOLD,px,1554.7299029426783
2025-11-04,HYG,px,49.63402208831445
2025-11-04,LQD,px,113.1469928984348
2025-11-04,MKT_US,px,153.59054426660725
2025-11-04,OIL,px,59.43262024732506
2025-11-04,QQQ,px,92.21960220966368
2025-11-04,RATES_US10Y,yield,0.019528825318108848
2025-11-04,SPY,px,141.84482213982702
2025-11-04,TBILL3M_YIELD,yield,0.05098463603608973
2025-11-04,US10Y_YIELD,yield,0.08
2025-11-04,US2Y_YIELD,yield,0.08
2025-11-04,US30Y_YIELD,yield,0.08
2025-11-04,USD,px,109.1962178252831
2025-11-04,USDJPY,px,103.11819933635797
2025-11-04,VIX,px,93.52684958536405
2025-11-04,VOL,px,72.13461533560096
2025-11-05,EURUSD,px,1.0350815680392949
2025-11-05,GOLD,px,1549.4613137333747
2025-11-05,HYG,px,49.71083260802529
2025-11-05,LQD,px,113.1799977024248
2025-11-05,MKT_US,px,154.0907466663887
2025-11-05,OIL,px,58.761148038222565
2025-11-05,QQQ,px,92.24219503665685
2025-11-05,RATES_US10Y,yield,0.020368905700117748
2025-11-05,SPY,px,141.16672320435651
2025-11-05,TBILL3M_YIELD,yield,0.05200486225582235
2025-11-05,US10Y_YIELD,yield,0.08
2025-11-05,US2Y_YIELD,yield,0.08
2025-11-05,US30Y_YIELD,yield,0.08
2025-11-05,USD,px,109.85509619670557
2025-11-05,USDJPY,px,103.24093364448642
2025-11-05,VIX,px,92.71642452003744
2025-11-05,VOL,px,71.21808684705965
2025-11-06,EURUSD,px,1.0314895006191585
2025-11-06,GOLD,px,1549.029826665902
2025-11-06,HYG,px,50.08359599244731
2025-11-06,LQD,px,112.80743019256269
2025-11-06,MKT_US,px,154.51836177041878
2025-11-06,OIL,px,58.43159704545205
2025-11-06,QQQ,px,92.53674132653003
2025-11-06,RATES_US10Y,yield,0.02072669609515034
2025-11-06,SPY,px,141.75935169160633
2025-11-06,TBILL3M_YIELD,yield,0.05274978004571075
2025-11-06,US10Y_YIELD,yield,0.08
2025-11-06,US2Y_YIELD,yield,0.08
2025-11-06,US30Y_YIELD,yield,0.08
2025-11-06,USD,px,110.13060972568579
2025-11-06,USDJPY,px,102.44081761031019
2025-11-06,VIX,px,91.26911256710217
2025-11-06,VOL,px,70.17569757673
2025-11-07,EURUSD,px,1.0274708392422671
2025-11-07,GOLD,px,1568.2912765813098
2025-11-07,HYG,px,50.239664853928446
2025-11-07,LQD,px,112.43224409495534
2025-11-07,MKT_US,px,155.27990604501957
2025-11-07,OIL,px,59.53262709488264
2025-11-07,QQQ,px,92.74825713991899
2025-11-07,RATES_US10Y,yield,0.02049981712527246
2025-11-07,SPY,px,141.86274538175806
2025-11-07,TBILL3M_YIELD,yield,0.05225841937696536
2025-11-07,US10Y_YIELD,yield,0.08
2025-11-07,US2Y_YIELD,yield,0.08
2025-11-07,US30Y_YIELD,yield,0.08
2025-11-07,USD,px,111.30409639660152
2025-11-07,USDJPY,px,103.10604352835907
2025-11-07,VIX,px,91.1135616084618
2025-11-07,VOL,px,70.31696420296629
2025-11-10,EURUSD,px,1.026511594278804
2025-11-10,GOLD,px,1567.8951886302318
2025-11-10,HYG,px,50.87279108206317
2025-11-10,LQD,px,113.11546593060972
2025-11-10,MKT_US,px,158.34814518955363
2025-11-10,OIL,px,60.03084855880182
2025-11-10,QQQ,px,94.8416456631096
2025-11-10,RATES_US10Y,yield,0.020620011902501408
2025-11-10,SPY,px,144.84962280205397
2025-11-10,TBILL3M_YIELD,yield,0.05139199471601093
2025-11-10,US10Y_YIELD,yield,0.08
2025-11-10,US2Y_YIELD,yield,0.08
2025-11-10,US30Y_YIELD,yield,0.08
2025-11-10,USD,px,111.79498072832229
2025-11-10,USDJPY,px,103.61862406578842
2025-11-10,VIX,px,88.0388943317421
2025-11-10,VOL,px,68.42100577380397
2025-11-11,EURUSD,px,1.026261049650725
2025-11-11,GOLD,px,1556.1458458891595
2025-11-11,HYG,px,50.590736418823994
2025-11-11,LQD,px,112.70233604095749
2025-11-11,MKT_US,px,157.21102844518225
2025-11-11,OIL,px,60.12532130912804
2025-11-11,QQQ,px,94.07005548558925
2025-11-11,RATES_US10Y,yield,0.02108456760172025
2025-11-11,SPY,px,143.4067757015746
2025-11-11,TBILL3M_YIELD,yield,0.05191472391571321
2025-11-11,US10Y_YIELD,yield,0.08
2025-11-11,US2Y_YIELD,yield,0.08
2025-11-11,US30Y_YIELD,yield,0.08
2025-11-11,USD,px,111.53280808674101
2025-11-11,USDJPY,px,103.01303559688462
2025-11-11,VIX,px,87.94176937959591
2025-11-11,VOL,px,68.49532667414792
2025-11-12,EURUSD,px,1.0279889969124507
2025-11-12,GOLD,px,1565.5741307651779
2025-11-12,HYG,px,50.488385814827154
2025-11-12,LQD,px,111.92750018596983
2025-11-12,MKT_US,px,154.8897600847355
2025-11-12,OIL,px,60.75164553103592
2025-11-12,QQQ,px,92.4629712141179
2025-11-12,RATES_US10Y,yield,0.021385725393751654
2025-11-12,SPY,px,142.51947348383166
2025-11-12,TBILL3M_YIELD,yield,0.0526919719481143
2025-11-12,US10Y_YIELD,yield,0.08
2025-11-12,US2Y_YIELD,yield,0.08
2025-11-12,US30Y_YIELD,yield,0.08
2025-11-12,USD,px,111.24474632549448
2025-11-12,USDJPY,px,102.74403407932894
2025-11-12,VIX,px,88.40322514360534
2025-11-12,VOL,px,68.39450115455145
2025-11-13,EURUSD,px,1.0231916195324702
2025-11-13,GOLD,px,1553.6101040394378
2025-11-13,HYG,px,50.807546124262196
2025-11-13,LQD,px,112.75485255251475
2025-11-13,MKT_US,px,154.22285522469548
2025-11-13,OIL,px,60.821304487107014
2025-11-13,QQQ,px,92.20744214284612
2025-11-13,RATES_US10Y,yield,0.02022086733542513
2025-11-13,SPY,px,141.96095713227294
2025-11-13,TBILL3M_YIELD,yield,0.050216661584778666
2025-11-13,US10Y_YIELD,yield,0.08
2025-11-13,US2Y_YIELD,yield,0.08
2025-11-13,US30Y_YIELD,yield,0.08
2025-11-13,USD,px,111.4502674560792
2025-11-13,USDJPY,px,102.90396642077857
2025-11-13,VIX,px,85.98486182558209
2025-11-13,VOL,px,66.53515102428733
2025-11-14,EURUSD,px,1.02150633294096
2025-11-14,GOLD,px,1548.0841429410139
2025-11-14,HYG,px,51.218155623448546
2025-11-14,LQD,px,112.83071244113528
2025-11-14,MKT_US,px,152.8508339541455
2025-11-14,OIL,px,61.76750021965107
2025-11-14,QQQ,px,91.3875153343713
2025-11-14,RATES_US10Y,yield,0.02065751190328639
2025-11-14,SPY,px,140.56623105422491
2025-11-14,TBILL3M_YIELD,yield,0.05083487534735098
2025-11-14,US10Y_YIELD,yield,0.08
2025-11-14,US2Y_YIELD,yield,0.08
2025-11-14,US30Y_YIELD,yield,0.08
2025-11-14,USD,px,111.693217234597
2025-11-14,USDJPY,px,103.19807574547617
2025-11-14,VIX,px,85.1022140422175
2025-11-14,VOL,px,66.07639015623106
2025-11-17,EURUSD,px,1.0214572338248349
2025-11-17,GOLD,px,1513.785200350035
2025-11-17,HYG,px,51.261057363156695
2025-11-17,LQD,px,111.36935387354853
2025-11-17,MKT_US,px,153.98633887511596
2025-11-17,OIL,px,61.53881593431653
2025-11-17,QQQ,px,92.54421571853753
2025-11-17,RATES_US10Y,yield,0.022661149772046613
2025-11-17,SPY,px,142.6661380177133
2025-11-17,TBILL3M_YIELD,yield,0.053805890769746886
2025-11-17,US10Y_YIELD,yield,0.08
2025-11-17,US2Y_YIELD,yield,0.08
2025-11-17,US30Y_YIELD,yield,0.08
2025-11-17,USD,px,111.62610637797997
2025-11-17,USDJPY,px,103.29613959258243
2025-11-17,VIX,px,83.29334249742696
2025-11-17,VOL,px,64.76528909318881
2025-11-18,EURUSD,px,1.02593078602289
2025-11-18,GOLD,px,1514.7533349665564
2025-11-18,HYG,px,51.40055199682565
2025-11-18,LQD,px,111.56360518005953
2025-11-18,MKT_US,px,154.54996925864643
2025-11-18,OIL,px,63.09826050849524
2025-11-18,QQQ,px,92.6409919330072
2025-11-18,RATES_US10Y,yield,0.02097397184958757
2025-11-18,SPY,px,143.505067803626
2025-11-18,TBILL3M_YIELD,yield,0.051936298740530476
2025-11-18,US10Y_YIELD,yield,0.08
2025-11-18,US2Y_YIELD,yield,0.08
2025-11-18,US30Y_YIELD,yield,0.08
2025-11-18,USD,px,110.93551239624657
2025-11-18,USDJPY,px,103.5953301076682
2025-11-18,VIX,px,85.14819860755794
2025-11-18,VOL,px,65.65262250975026
2025-11-19,EURUSD,px,1.027272213405278
2025-11-19,GOLD,px,1526.0849578963712
2025-11-19,HYG,px,51.83810002607968
2025-11-19,LQD,px,111.91209271974596
2025-11-19,MKT_US,px,155.54131141919552
2025-11-19,OIL,px,61.93407806583821
2025-11-19,QQQ,px,92.7666270783215
2025-11-19,RATES_US10Y,yield,0.02165293495672502
2025-11-19,SPY,px,143.6985965200456
2025-11-19,TBILL3M_YIELD,yield,0.05192932952715691
2025-11-19,US10Y_YIELD,yield,0.08
2025-11-19,US2Y_YIELD,yield,0.08
2025-11-19,US30Y_YIELD,yield,0.08
2025-11-19,USD,px,110.18148343368948
2025-11-19,USDJPY,px,102.90961573255524
2025-11-19,VIX,px,81.26462428328458
2025-11-19,VOL,px,62.62687721619618
2025-11-20,EURUSD,px,1.0261306431513793
2025-11-20,GOLD,px,1534.5315055347746
2025-11-20,HYG,px,51.829295808332105
2025-11-20,LQD,px,112.11353333691372
2025-11-20,MKT_US,px,154.90257187363449
2025-11-20,OIL,px,61.67747628000019
2025-11-20,QQQ,px,91.4482195506909
2025-11-20,RATES_US10Y,yield,0.022107744620607585
2025-11-20,SPY,px,142.78945127134116
2025-11-20,TBILL3M_YIELD,yield,0.05218246399803636
2025-11-20,US10Y_YIELD,yield,0.08
2025-11-20,US2Y_YIELD,yield,0.08
2025-11-20,US30Y_YIELD,yield,0.08
2025-11-20,USD,px,110.02533892034396
2025-11-20,USDJPY,px,102.97663419802807
2025-11-20,VIX,px,80.94171693122676
2025-11-20,VOL,px,61.929003951519384
2025-11-21,EURUSD,px,1.0329409044011897
2025-11-21,GOLD,px,1545.2089347155597
2025-11-21,HYG,px,51.91175864717303
2025-11-21,LQD,px,112.74964131198348
2025-11-21,MKT_US,px,156.17089459457816
2025-11-21,OIL,px,60.54490787493176
2025-11-21,QQQ,px,91.96787719441086
2025-11-21,RATES_US10Y,yield,0.02195325315691712
2025-11-21,SPY,px,143.38997639581487
2025-11-21,TBILL3M_YIELD,yield,0.05099764102458729
2025-11-21,US10Y_YIELD,yield,0.08
2025-11-21,US2Y_YIELD,yield,0.08
2025-11-21,US30Y_YIELD,yield,0.08
2025-11-21,USD,px,109.19724135473265
2025-11-21,USDJPY,px,102.34614624387592
2025-11-21,VIX,px,78.41944202196619
2025-11-21,VOL,px,60.04168076503997
2025-11-24,EURUSD,px,1.0324612378273075
2025-11-24,GOLD,px,1563.807952631324
2025-11-24,HYG,px,51.92234380068749
2025-11-24,LQD,px,112.47353609231052
2025-11-24,MKT_US,px,158.10898259590064
2025-11-24,OIL,px,60.49407476185717
2025-11-24,QQQ,px,93.56672275778357
2025-11-24,RATES_US10Y,yield,0.02276453074295346
2025-11-24,SPY,px,145.43967313923434
2025-11-24,TBILL3M_YIELD,yield,0.051821743572121284
2025-11-24,US10Y_YIELD,yield,0.08
2025-11-24,US2Y_YIELD,yield,0.08
2025-11-24,US30Y_YIELD,yield,0.08
2025-11-24,USD,px,109.36465869257339
2025-11-24,USDJPY,px,102.20977575681268
2025-11-24,VIX,px,77.67558717143469
2025-11-24,VOL,px,59.69351951132769
2025-11-25,EURUSD,px,1.0311733694602288
2025-11-25,GOLD,px,1560.9144620537604
2025-11-25,HYG,px,51.277290749696924
2025-11-25,LQD,px,112.81184825629312
2025-11-25,MKT_US,px,154.7414867755267
2025-11-25,OIL,px,60.60707558786251
2025-11-25,QQQ,px,91.0201961829678
2025-11-25,RATES_US10Y,yield,0.022087873801821818
2025-11-25,SPY,px,141.90108158186132
2025-11-25,TBILL3M_YIELD,yield,0.050990595818815765
2025-11-25,US10Y_YIELD,yield,0.08
2025-11-25,US2Y_YIELD,yield,0.08
2025-11-25,US30Y_YIELD,yield,0.08
2025-11-25,USD,px,109.5490816295797
2025-11-25,USDJPY,px,102.50157934794309
2025-11-25,VIX,px,79.37015599047756
2025-11-25,VOL,px,60.7620141944315
2025-11-26,EURUSD,px,1.0388529644051736
2025-11-26,GOLD,px,1570.8705712886394
2025-11-26,HYG,px,51.34530924784874
2025-11-26,LQD,px,112.42449161147078
2025-11-26,MKT_US,px,155.98516589382012
2025-11-26,OIL,px,61.556089685521435
2025-11-26,QQQ,px,91.69391188911081
2025-11-26,RATES_US10Y,yield,0.022236860327717885
2025-11-26,SPY,px,142.56614080581988
2025-11-26,TBILL3M_YIELD,yield,0.050315082462049784
2025-11-26,US10Y_YIELD,yield,0.08
2025-11-26,US2Y_YIELD,yield,0.08
2025-11-26,US30Y_YIELD,yield,0.08
2025-11-26,USD,px,108.83940025777434
2025-11-26,USDJPY,px,102.3943084756432
2025-11-26,VIX,px,78.23694442116083
2025-11-26,VOL,px,60.175495365270535
2025-11-27,EURUSD,px,1.0374145569598994
2025-11-27,GOLD,px,1567.9017803243103
2025-11-27,HYG,px,51.45413669444746
2025-11-27,LQD,px,112.37686788782686
2025-11-27,MKT_US,px,155.40666102637294
2025-11-27,OIL,px,60.9883312289508
2025-11-27,QQQ,px,90.70672198397219
2025-11-27,RATES_US10Y,yield,0.023315962577546066
2025-11-27,SPY,px,141.6492481214237
2025-11-27,TBILL3M_YIELD,yield,0.05199015460697588
2025-11-27,US10Y_YIELD,yield,0.08
2025-11-27,US2Y_YIELD,yield,0.08
2025-11-27,US30Y_YIELD,yield,0.08
2025-11-27,USD,px,108.42380175675694
2025-11-27,USDJPY,px,102.64939411519082
2025-11-27,VIX,px,78.58677246424861
2025-11-27,VOL,px,60.10002907551454
2025-11-28,EURUSD,px,1.0386430826907664
2025-11-28,GOLD,px,1567.2369355719752
2025-11-28,HYG,px,51.78333795917113
2025-11-28,LQD,px,113.12305340773295
2025-11-28,MKT_US,px,156.63736813411072
2025-11-28,OIL,px,61.35781153096419
2025-11-28,QQQ,px,91.55358943416839
2025-11-28,RATES_US10Y,yield,0.023265538721064183
2025-11-28,SPY,px,143.37749468173706
2025-11-28,TBILL3M_YIELD,yield,0.05123337561554314
2025-11-28,US10Y_YIELD,yield,0.08
2025-11-28,US2Y_YIELD,yield,0.08
2025-11-28,US30Y_YIELD,yield,0.08
2025-11-28,USD,px,108.7438645151116
2025-11-28,USDJPY,px,102.4855937931133
2025-11-28,VIX,px,77.68359308208707
2025-11-28,VOL,px,58.88498081409475
2025-12-01,EURUSD,px,1.045687512894616
2025-12-01,GOLD,px,1585.8704388609576
2025-12-01,HYG,px,51.25478488833445
2025-12-01,LQD,px,113.09955057620326
2025-12-01,MKT_US,px,154.78571414517
2025-12-01,OIL,px,60.922272950979476
2025-12-01,QQQ,px,89.1673243054956
2025-12-01,RATES_US10Y,yield,0.023099725605237716
2025-12-01,SPY,px,140.65088177812424
2025-12-01,TBILL3M_YIELD,yield,0.052315898001027455
2025-12-01,US10Y_YIELD,yield,0.08
2025-12-01,US2Y_YIELD,yield,0.08
2025-12-01,US30Y_YIELD,yield,0.08
2025-12-01,USD,px,107.78579174907992
2025-12-01,USDJPY,px,102.51895727733836
2025-12-01,VIX,px,80.99965160704114
2025-12-01,VOL,px,61.18358173697496
2025-12-02,EURUSD,px,1.0567667398595204
2025-12-02,GOLD,px,1592.611110246473
2025-12-02,HYG,px,50.89810856732282
2025-12-02,LQD,px,112.9928943658028
2025-12-02,MKT_US,px,153.59101572961086
2025-12-02,OIL,px,60.50020293462738
2025-12-02,QQQ,px,88.32067873473711
2025-12-02,RATES_US10Y,yield,0.02317459345247388
2025-12-02,SPY,px,139.5269049534292
2025-12-02,TBILL3M_YIELD,yield,0.05291801734979441
2025-12-02,US10Y_YIELD,yield,0.08
2025-12-02,US2Y_YIELD,yield,0.08
2025-12-02,US30Y_YIELD,yield,0.08
2025-12-02,USD,px,107.12958000553768
2025-12-02,USDJPY,px,101.74027403705672
2025-12-02,VIX,px,82.06828301344987
2025-12-02,VOL,px,62.315262850968494
2025-12-03,EURUSD,px,1.053778802617232
2025-12-03,GOLD,px,1577.1838083335851
2025-12-03,HYG,px,50.38503736420046
2025-12-03,LQD,px,112.17412511586043
2025-12-03,MKT_US,px,151.59895289382354
2025-12-03,OIL,px,59.54161244251915
2025-12-03,QQQ,px,86.40518727788104
2025-12-03,RATES_US10Y,yield,0.02269565511309083
2025-12-03,SPY,px,137.61555639165832
2025-12-03,TBILL3M_YIELD,yield,0.05333106457899034
2025-12-03,US10Y_YIELD,yield,0.08
2025-12-03,US2Y_YIELD,yield,0.08
2025-12-03,US30Y_YIELD,yield,0.08
2025-12-03,USD,px,106.66033205222074
2025-12-03,USDJPY,px,101.65477343567936
2025-12-03,VIX,px,84.46686603732205
2025-12-03,VOL,px,63.72477460406953
2025-12-04,EURUSD,px,1.0657230378846314
2025-12-04,GOLD,px,1587.7248470271707
2025-12-04,HYG,px,50.20583264370807
2025-12-04,LQD,px,111.83470353351731
2025-12-04,MKT_US,px,151.00645411369658
2025-12-04,OIL,px,59.53917041203552
2025-12-04,QQQ,px,85.83447546029143
2025-12-04,RATES_US10Y,yield,0.02414257895791276
2025-12-04,SPY,px,137.22926856799828
2025-12-04,TBILL3M_YIELD,yield,0.054438350828954346
2025-12-04,US10Y_YIELD,yield,0.08
2025-12-04,US2Y_YIELD,yield,0.08
2025-12-04,US30Y_YIELD,yield,0.08
2025-12-04,USD,px,105.17173336781467
2025-12-04,USDJPY,px,100.23147490306097
2025-12-04,VIX,px,83.12054771658651
2025-12-04,VOL,px,62.14389568689402
2025-12-05,EURUSD,px,1.0686789058716881
2025-12-05,GOLD,px,1587.5866950823533
2025-12-05,HYG,px,50.819212413066545
2025-12-05,LQD,px,111.72987830280715
2025-12-05,MKT_US,px,153.7882522377103
2025-12-05,OIL,px,58.437756070011694
2025-12-05,QQQ,px,86.97913790523918
2025-12-05,RATES_US10Y,yield,0.02350165559427859
2025-12-05,SPY,px,139.3037007635767
2025-12-05,TBILL3M_YIELD,yield,0.05321834410280232
2025-12-05,US10Y_YIELD,yield,0.08
2025-12-05,US2Y_YIELD,yield,0.08
2025-12-05,US30Y_YIELD,yield,0.08
2025-12-05,USD,px,104.96436929089133
2025-12-05,USDJPY,px,99.51409096724541
2025-12-05,VIX,px,80.8182361728583
2025-12-05,VOL,px,60.66281303839518
2025-12-08,EURUSD,px,1.0604332448509484
2025-12-08,GOLD,px,1576.2735162711836
2025-12-08,HYG,px,50.91353039759798
2025-12-08,LQD,px,111.79229044937185
2025-12-08,MKT_US,px,154.00274472270158
2025-12-08,OIL,px,58.62431188555082
2025-12-08,QQQ,px,87.28992349045407
2025-12-08,RATES_US10Y,yield,0.02398185589761012
2025-12-08,SPY,px,139.82759745869998
2025-12-08,TBILL3M_YIELD,yield,0.054754718219919535
2025-12-08,US10Y_YIELD,yield,0.08
2025-12-08,US2Y_YIELD,yield,0.08
2025-12-08,US30Y_YIELD,yield,0.08
2025-12-08,USD,px,106.05482845196461
2025-12-08,USDJPY,px,100.177622093296
2025-12-08,VIX,px,83.32321402330182
2025-12-08,VOL,px,61.603619674036814
2025-12-09,EURUSD,px,1.0642453581409343
2025-12-09,GOLD,px,1572.1575856424065
2025-12-09,HYG,px,50.96939687452932
2025-12-09,LQD,px,111.81469359283992
2025-12-09,MKT_US,px,152.75661589747398
2025-12-09,OIL,px,58.667552608922115
2025-12-09,QQQ,px,86.85888683013034
2025-12-09,RATES_US10Y,yield,0.023117202157179956
2025-12-09,SPY,px,139.59337597464742
2025-12-09,TBILL3M_YIELD,yield,0.05344012263549236
2025-12-09,US10Y_YIELD,yield,0.08
2025-12-09,US2Y_YIELD,yield,0.08
2025-12-09,US30Y_YIELD,yield,0.08
2025-12-09,USD,px,105.66376135341903
2025-12-09,USDJPY,px,99.7245117487262
2025-12-09,VIX,px,83.08039573202791
2025-12-09,VOL,px,61.44225562958702
2025-12-10,EURUSD,px,1.0678101518048972
2025-12-10,GOLD,px,1562.5356996137873
2025-12-10,HYG,px,50.67723582189727
2025-12-10,LQD,px,111.89042693944567
2025-12-10,MKT_US,px,151.4093757244918
2025-12-10,OIL,px,58.191945619522876
2025-12-10,QQQ,px,85.77396345406714
2025-12-10,RATES_US10Y,yield,0.023827643976685478
2025-12-10,SPY,px,138.05134040512633
2025-12-10,TBILL3M_YIELD,yield,0.053694087075772334
2025-12-10,US10Y_YIELD,yield,0.08
2025-12-10,US2Y_YIELD,yield,0.08
2025-12-10,US30Y_YIELD,yield,0.08
2025-12-10,USD,px,105.49354913969435
2025-12-10,USDJPY,px,99.94734894286769
2025-12-10,VIX,px,83.09752956314908
2025-12-10,VOL,px,61.08941116109333
2025-12-11,EURUSD,px,1.0733543739923577
2025-12-11,GOLD,px,1539.0067465705501
2025-12-11,HYG,px,50.159735224070175
2025-12-11,LQD,px,111.50115665464486
2025-12-11,MKT_US,px,148.82525623066462
2025-12-11,OIL,px,57.34371135740301
2025-12-11,QQQ,px,84.70590556652763
2025-12-11,RATES_US10Y,yield,0.023481258216059977
2025-12-11,SPY,px,136.07609678976578
2025-12-11,TBILL3M_YIELD,yield,0.053551915681064474
2025-12-11,US10Y_YIELD,yield,0.08
2025-12-11,US2Y_YIELD,yield,0.08
2025-12-11,US30Y_YIELD,yield,0.08
2025-12-11,USD,px,105.15234470174404
2025-12-11,USDJPY,px,99.15641740252414
2025-12-11,VIX,px,83.90600139595713
2025-12-11,VOL,px,61.65042690758739
2025-12-12,EURUSD,px,1.066503080168676
2025-12-12,GOLD,px,1530.3417837365866
2025-12-12,HYG,px,50.572338707398515
2025-12-12,LQD,px,112.7264177143351
2025-12-12,MKT_US,px,149.11496152940254
2025-12-12,OIL,px,56.27430426113513
2025-12-12,QQQ,px,84.91888510924579
2025-12-12,RATES_US10Y,yield,0.02187428168453339
2025-12-12,SPY,px,136.6067265567957
2025-12-12,TBILL3M_YIELD,yield,0.049952606151982895
2025-12-12,US10Y_YIELD,yield,0.08
2025-12-12,US2Y_YIELD,yield,0.08
2025-12-12,US30Y_YIELD,yield,0.08
2025-12-12,USD,px,104.94646923641436
2025-12-12,USDJPY,px,99.6029689800825
2025-12-12,VIX,px,81.85133090605538
2025-12-12,VOL,px,60.49557758193285
2025-12-15,EURUSD,px,1.0669650236639625
2025-12-15,GOLD,px,1551.8567344375613
2025-12-15,HYG,px,49.971897852942774
2025-12-15,LQD,px,112.13019438506726
2025-12-15,MKT_US,px,147.6145779258648
2025-12-15,OIL,px,57.32835332218537
2025-12-15,QQQ,px,84.52917795556355
2025-12-15,RATES_US10Y,yield,0.021844541694289878
2025-12-15,SPY,px,136.6428285541908
2025-12-15,TBILL3M_YIELD,yield,0.050402801263746314
2025-12-15,US10Y_YIELD,yield,0.08
2025-12-15,US2Y_YIELD,yield,0.08
2025-12-15,US30Y_YIELD,yield,0.08
2025-12-15,USD,px,104.76628293801924
2025-12-15,USDJPY,px,99.70617841344769
2025-12-15,VIX,px,82.83419078839596
2025-12-15,VOL,px,61.45668875910406
2025-12-16,EURUSD,px,1.0713057677997293
2025-12-16,GOLD,px,1532.2594403884998
2025-12-16,HYG,px,49.74593609155195
2025-12-16,LQD,px,112.35833711659498
2025-12-16,MKT_US,px,146.97090029442631
2025-12-16,OIL,px,56.35504238858792
2025-12-16,QQQ,px,84.60008542726284
2025-12-16,RATES_US10Y,yield,0.021459695919588948
2025-12-16,SPY,px,137.12678942523104
2025-12-16,TBILL3M_YIELD,yield,0.04901128908654402
2025-12-16,US10Y_YIELD,yield,0.08
2025-12-16,US2Y_YIELD,yield,0.08
2025-12-16,US30Y_YIELD,yield,0.08
2025-12-16,USD,px,104.86041769695305
2025-12-16,USDJPY,px,99.65671514159149
2025-12-16,VIX,px,82.62813823143156
2025-12-16,VOL,px,61.58879820754752
2025-12-17,EURUSD,px,1.0649872333674866
2025-12-17,GOLD,px,1533.449967330983
2025-12-17,HYG,px,49.820064340510626
2025-12-17,LQD,px,113.39732775762548
2025-12-17,MKT_US,px,146.2555921000393
2025-12-17,OIL,px,57.31062118683979
2025-12-17,QQQ,px,84.15164237256094
2025-12-17,RATES_US10Y,yield,0.021268290324685746
2025-12-17,SPY,px,137.00363086332752
2025-12-17,TBILL3M_YIELD,yield,0.04873262461540387
2025-12-17,US10Y_YIELD,yield,0.08
2025-12-17,US2Y_YIELD,yield,0.08
2025-12-17,US30Y_YIELD,yield,0.08
2025-12-17,USD,px,104.84897907480524
2025-12-17,USDJPY,px,99.94028851236097
2025-12-17,VIX,px,82.90975437999155
2025-12-17,VOL,px,62.022439617436625
2025-12-18,EURUSD,px,1.0559564398783616
2025-12-18,GOLD,px,1548.508539777304
2025-12-18,HYG,px,49.78550452270525
2025-12-18,LQD,px,113.42633719257704
2025-12-18,MKT_US,px,145.24527419717847
2025-12-18,OIL,px,57.57400091001714
2025-12-18,QQQ,px,83.8755312868261
2025-12-18,RATES_US10Y,yield,0.022355772007961412
2025-12-18,SPY,px,136.4036776699456
2025-12-18,TBILL3M_YIELD,yield,0.05013221233425638
2025-12-18,US10Y_YIELD,yield,0.08
2025-12-18,US2Y_YIELD,yield,0.08
2025-12-18,US30Y_YIELD,yield,0.08
2025-12-18,USD,px,105.05322473862182
2025-12-18,USDJPY,px,100.50447090307605
2025-12-18,VIX,px,82.3313383955
2025-12-18,VOL,px,61.36419892077506
2025-12-19,EURUSD,px,1.0546830352740484
2025-12-19,GOLD,px,1561.5415972376304
2025-12-19,HYG,px,49.702172181746064
2025-12-19,LQD,px,113.22801839754842
2025-12-19,MKT_US,px,144.9673735642927
2025-12-19,OIL,px,57.47005097455295
2025-12-19,QQQ,px,83.19402219692641
2025-12-19,RATES_US10Y,yield,0.021792568870118295
2025-12-19,SPY,px,136.649289263969
2025-12-19,TBILL3M_YIELD,yield,0.04913863610738399
2025-12-19,US10Y_YIELD,yield,0.08
2025-12-19,US2Y_YIELD,yield,0.08
2025-12-19,US30Y_YIELD,yield,0.08
2025-12-19,USD,px,105.08204406898105
2025-12-19,USDJPY,px,100.98188104651813
2025-12-19,VIX,px,82.91614486334747
2025-12-19,VOL,px,62.06366521710307
2025-12-22,EURUSD,px,1.0601682718113998
2025-12-22,GOLD,px,1540.8970120183644
2025-12-22,HYG,px,49.66299524997462
2025-12-22,LQD,px,113.66823060486149
2025-12-22,MKT_US,px,144.97141829416523
2025-12-22,OIL,px,56.698222230929105
2025-12-22,QQQ,px,83.10198103352778
2025-12-22,RATES_US10Y,yield,0.021273941284108155
2025-12-22,SPY,px,136.79497108587174
2025-12-22,TBILL3M_YIELD,yield,0.04753757452633267
2025-12-22,US10Y_YIELD,yield,0.08
2025-12-22,US2Y_YIELD,yield,0.08
2025-12-22,US30Y_YIELD,yield,0.08
2025-12-22,USD,px,105.11187459663944
2025-12-22,USDJPY,px,101.00936574569779
2025-12-22,VIX,px,81.87223361253292
2025-12-22,VOL,px,61.243888709400764
2025-12-23,EURUSD,px,1.0649837105168873
2025-12-23,GOLD,px,1539.5104816282767
2025-12-23,HYG,px,49.48483506667587
2025-12-23,LQD,px,113.79448309037747
2025-12-23,MKT_US,px,145.24988814989553
2025-12-23,OIL,px,57.61664326654511
2025-12-23,QQQ,px,83.765973226012
2025-12-23,RATES_US10Y,yield,0.022244125350824984
2025-12-23,SPY,px,138.55386957267916
2025-12-23,TBILL3M_YIELD,yield,0.049480911946271966
2025-12-23,US10Y_YIELD,yield,0.08
2025-12-23,US2Y_YIELD,yield,0.08
2025-12-23,US30Y_YIELD,yield,0.08
2025-12-23,USD,px,104.43104939649608
2025-12-23,USDJPY,px,100.2757460710424
2025-12-23,VIX,px,83.29263980999875
2025-12-23,VOL,px,62.59673643050613
2025-12-24,EURUSD,px,1.0696257525777115
2025-12-24,GOLD,px,1536.5103848657789
2025-12-24,HYG,px,49.58507692945052
2025-12-24,LQD,px,114.11504652121712
2025-12-24,MKT_US,px,146.9049708347353
2025-12-24,OIL,px,59.160978562293415
2025-12-24,QQQ,px,84.6325499412718
2025-12-24,RATES_US10Y,yield,0.022372901271531978
2025-12-24,SPY,px,140.84544550840172
2025-12-24,TBILL3M_YIELD,yield,0.050564969445041796
2025-12-24,US10Y_YIELD,yield,0.08
2025-12-24,US2Y_YIELD,yield,0.08
2025-12-24,US30Y_YIELD,yield,0.08
2025-12-24,USD,px,104.42533071747499
2025-12-24,USDJPY,px,100.32740657932241
2025-12-24,VIX,px,84.66170892323865
2025-12-24,VOL,px,63.818335767731426
2025-12-25,EURUSD,px,1.0691753705490865
2025-12-25,GOLD,px,1539.0717774582706
2025-12-25,HYG,px,49.342755254326526
2025-12-25,LQD,px,112.97462762603429
2025-12-25,MKT_US,px,146.0631385773986
2025-12-25,OIL,px,58.15464564650442
2025-12-25,QQQ,px,84.45768018985856
2025-12-25,RATES_US10Y,yield,0.0233842222116115
2025-12-25,SPY,px,140.4280077982773
2025-12-25,TBILL3M_YIELD,yield,0.053138716056572805
2025-12-25,US10Y_YIELD,yield,0.08
2025-12-25,US2Y_YIELD,yield,0.08
2025-12-25,US30Y_YIELD,yield,0.08
2025-12-25,USD,px,104.5412646704001
2025-12-25,USDJPY,px,100.66742484576987
2025-12-25,VIX,px,86.27748494972259
2025-12-25,VOL,px,65.10520868930563
2025-12-26,EURUSD,px,1.0632294870808743
2025-12-26,GOLD,px,1532.6914331792786
2025-12-26,HYG,px,48.90047187882265
2025-12-26,LQD,px,112.90898732023332
2025-12-26,MKT_US,px,145.26041604278234
2025-12-26,OIL,px,58.00428136790541
2025-12-26,QQQ,px,83.18776273714423
2025-12-26,RATES_US10Y,yield,0.02379339229436008
2025-12-26,SPY,px,139.99349574813454
2025-12-26,TBILL3M_YIELD,yield,0.0538380617976941
2025-12-26,US10Y_YIELD,yield,0.08
2025-12-26,US2Y_YIELD,yield,0.08
2025-12-26,US30Y_YIELD,yield,0.08
2025-12-26,USD,px,104.85242276184088
2025-12-26,USDJPY,px,101.10313508838027
2025-12-26,VIX,px,87.32490485945382
2025-12-26,VOL,px,65.87422106819045
2025-12-29,EURUSD,px,1.0671090908996195
2025-12-29,GOLD,px,1532.0770548040061
2025-12-29,HYG,px,48.766571956895596
2025-12-29,LQD,px,112.30604728675358
2025-12-29,MKT_US,px,144.58731186547365
2025-12-29,OIL,px,58.77306812167001
2025-12-29,QQQ,px,82.73232428382768
2025-12-29,RATES_US10Y,yield,0.02289015942817853
2025-12-29,SPY,px,140.03718598543944
2025-12-29,TBILL3M_YIELD,yield,0.05324078214006918
2025-12-29,US10Y_YIELD,yield,0.08
2025-12-29,US2Y_YIELD,yield,0.08
2025-12-29,US30Y_YIELD,yield,0.08
2025-12-29,USD,px,104.679806203984
2025-12-29,USDJPY,px,100.97681938474501
2025-12-29,VIX,px,88.33440910549457
2025-12-29,VOL,px,67.03205860045732
2025-12-30,EURUSD,px,1.0589305188275002
2025-12-30,GOLD,px,1543.6033485141165
2025-12-30,HYG,px,49.50635142999042
2025-12-30,LQD,px,113.37710947134532
2025-12-30,MKT_US,px,145.7360157781083
2025-12-30,OIL,px,58.786795529388264
2025-12-30,QQQ,px,83.36519963460236
2025-12-30,RATES_US10Y,yield,0.022809417459710404
2025-12-30,SPY,px,140.41374692011172
2025-12-30,TBILL3M_YIELD,yield,0.05188518197412449
2025-12-30,US10Y_YIELD,yield,0.08
2025-12-30,US2Y_YIELD,yield,0.08
2025-12-30,US30Y_YIELD,yield,0.08
2025-12-30,USD,px,105.21689055535657
2025-12-30,USDJPY,px,101.48155644545047
2025-12-30,VIX,px,83.83175879582005
2025-12-30,VOL,px,63.168063741628295
2025-12-31,EURUSD,px,1.0611964998032943
2025-12-31,GOLD,px,1559.5617336429816
2025-12-31,HYG,px,48.911153405567156
2025-12-31,LQD,px,113.0418725234424
2025-12-31,MKT_US,px,144.00183312200076
2025-12-31,OIL,px,60.02956911933959
2025-12-31,QQQ,px,82.673176230467
2025-12-31,RATES_US10Y,yield,0.023287656060852386
2025-12-31,SPY,px,139.84923954687252
2025-12-31,TBILL3M_YIELD,yield,0.05380995666656169
2025-12-31,US10Y_YIELD,yield,0.08
2025-12-31,US2Y_YIELD,yield,0.08
2025-12-31,US30Y_YIELD,yield,0.08
2025-12-31,USD,px,104.42805428855837
2025-12-31,USDJPY,px,101.00456551587423
2025-12-31,VIX,px,85.42480499428908
2025-12-31,VOL,px,64.21894067237383
